"version","version2","id","severity","msg","verbose","cwe","inconclusive","file","line","column","info","Hyperlink to Finding"
"2","2.19.0","missingInclude","information","Include file: &quot;Python.h&quot; not found.","Include file: &quot;Python.h&quot; not found.","","","C:\Users\lawrence\Desktop\School\GATech\Spring 2026\PUBP 6727 Cyber Sec Practicum\SourceCodeRepos\GitHub\SCAMR_Helper_SampleSourceCode\Modules\_abc.c","6","2","","=HYPERLINK(""vscode://file/C:\Users\lawrence\Desktop\School\GATech\Spring 2026\PUBP 6727 Cyber Sec Practicum\SourceCodeRepos\GitHub\SCAMR_Helper_SampleSourceCode\Modules\_abc.c:6"", ""_abc.c:6"")"
"2","2.19.0","missingInclude","information","Include file: &quot;pycore_moduleobject.h&quot; not found.","Include file: &quot;pycore_moduleobject.h&quot; not found.","","","C:\Users\lawrence\Desktop\School\GATech\Spring 2026\PUBP 6727 Cyber Sec Practicum\SourceCodeRepos\GitHub\SCAMR_Helper_SampleSourceCode\Modules\_abc.c","7","2","","=HYPERLINK(""vscode://file/C:\Users\lawrence\Desktop\School\GATech\Spring 2026\PUBP 6727 Cyber Sec Practicum\SourceCodeRepos\GitHub\SCAMR_Helper_SampleSourceCode\Modules\_abc.c:7"", ""_abc.c:7"")"
"2","2.19.0","missingInclude","information","Include file: &quot;pycore_object.h&quot; not found.","Include file: &quot;pycore_object.h&quot; not found.","","","C:\Users\lawrence\Desktop\School\GATech\Spring 2026\PUBP 6727 Cyber Sec Practicum\SourceCodeRepos\GitHub\SCAMR_Helper_SampleSourceCode\Modules\_abc.c","8","2","","=HYPERLINK(""vscode://file/C:\Users\lawrence\Desktop\School\GATech\Spring 2026\PUBP 6727 Cyber Sec Practicum\SourceCodeRepos\GitHub\SCAMR_Helper_SampleSourceCode\Modules\_abc.c:8"", ""_abc.c:8"")"
"2","2.19.0","missingInclude","information","Include file: &quot;pycore_runtime.h&quot; not found.","Include file: &quot;pycore_runtime.h&quot; not found.","","","C:\Users\lawrence\Desktop\School\GATech\Spring 2026\PUBP 6727 Cyber Sec Practicum\SourceCodeRepos\GitHub\SCAMR_Helper_SampleSourceCode\Modules\_abc.c","9","2","","=HYPERLINK(""vscode://file/C:\Users\lawrence\Desktop\School\GATech\Spring 2026\PUBP 6727 Cyber Sec Practicum\SourceCodeRepos\GitHub\SCAMR_Helper_SampleSourceCode\Modules\_abc.c:9"", ""_abc.c:9"")"
"2","2.19.0","missingInclude","information","Include file: &quot;pycore_setobject.h&quot; not found.","Include file: &quot;pycore_setobject.h&quot; not found.","","","C:\Users\lawrence\Desktop\School\GATech\Spring 2026\PUBP 6727 Cyber Sec Practicum\SourceCodeRepos\GitHub\SCAMR_Helper_SampleSourceCode\Modules\_abc.c","10","2","","=HYPERLINK(""vscode://file/C:\Users\lawrence\Desktop\School\GATech\Spring 2026\PUBP 6727 Cyber Sec Practicum\SourceCodeRepos\GitHub\SCAMR_Helper_SampleSourceCode\Modules\_abc.c:10"", ""_abc.c:10"")"
"2","2.19.0","missingInclude","information","Include file: &quot;pycore_weakref.h&quot; not found.","Include file: &quot;pycore_weakref.h&quot; not found.","","","C:\Users\lawrence\Desktop\School\GATech\Spring 2026\PUBP 6727 Cyber Sec Practicum\SourceCodeRepos\GitHub\SCAMR_Helper_SampleSourceCode\Modules\_abc.c","11","2","","=HYPERLINK(""vscode://file/C:\Users\lawrence\Desktop\School\GATech\Spring 2026\PUBP 6727 Cyber Sec Practicum\SourceCodeRepos\GitHub\SCAMR_Helper_SampleSourceCode\Modules\_abc.c:11"", ""_abc.c:11"")"
"2","2.19.0","normalCheckLevelMaxBranches","information","Limiting analysis of branches. Use --check-level=exhaustive to analyze all branches.","Limiting analysis of branches. Use --check-level=exhaustive to analyze all branches.","","","C:\Users\lawrence\Desktop\School\GATech\Spring 2026\PUBP 6727 Cyber Sec Practicum\SourceCodeRepos\GitHub\SCAMR_Helper_SampleSourceCode\Modules\_abc.c","0","","","=HYPERLINK(""vscode://file/C:\Users\lawrence\Desktop\School\GATech\Spring 2026\PUBP 6727 Cyber Sec Practicum\SourceCodeRepos\GitHub\SCAMR_Helper_SampleSourceCode\Modules\_abc.c:0"", ""_abc.c:0"")"
"2","2.19.0","missingReturn","error","Found an exit path from function with non-void return type that has missing return statement","Found an exit path from function with non-void return type that has missing return statement","758","","C:\Users\lawrence\Desktop\School\GATech\Spring 2026\PUBP 6727 Cyber Sec Practicum\SourceCodeRepos\GitHub\SCAMR_Helper_SampleSourceCode\Modules\_abc.c","542","5","","=HYPERLINK(""vscode://file/C:\Users\lawrence\Desktop\School\GATech\Spring 2026\PUBP 6727 Cyber Sec Practicum\SourceCodeRepos\GitHub\SCAMR_Helper_SampleSourceCode\Modules\_abc.c:542"", ""_abc.c:542"")"
"2","2.19.0","constParameterPointer","style","Parameter &#039;state&#039; can be declared as pointer to const","Parameter &#039;state&#039; can be declared as pointer to const","398","","C:\Users\lawrence\Desktop\School\GATech\Spring 2026\PUBP 6727 Cyber Sec Practicum\SourceCodeRepos\GitHub\SCAMR_Helper_SampleSourceCode\Modules\_abc.c","36","44","","=HYPERLINK(""vscode://file/C:\Users\lawrence\Desktop\School\GATech\Spring 2026\PUBP 6727 Cyber Sec Practicum\SourceCodeRepos\GitHub\SCAMR_Helper_SampleSourceCode\Modules\_abc.c:36"", ""_abc.c:36"")"
"2","2.19.0","constParameterPointer","style","Parameter &#039;impl&#039; can be declared as pointer to const","Parameter &#039;impl&#039; can be declared as pointer to const","398","","C:\Users\lawrence\Desktop\School\GATech\Spring 2026\PUBP 6727 Cyber Sec Practicum\SourceCodeRepos\GitHub\SCAMR_Helper_SampleSourceCode\Modules\_abc.c","73","30","","=HYPERLINK(""vscode://file/C:\Users\lawrence\Desktop\School\GATech\Spring 2026\PUBP 6727 Cyber Sec Practicum\SourceCodeRepos\GitHub\SCAMR_Helper_SampleSourceCode\Modules\_abc.c:73"", ""_abc.c:73"")"
"2","2.19.0","missingInclude","information","Include file: &quot;pycore_modsupport.h&quot; not found.","Include file: &quot;pycore_modsupport.h&quot; not found.","","","C:\Users\lawrence\Desktop\School\GATech\Spring 2026\PUBP 6727 Cyber Sec Practicum\SourceCodeRepos\GitHub\SCAMR_Helper_SampleSourceCode\Modules\clinic\_abc.c.h","5","2","","=HYPERLINK(""vscode://file/C:\Users\lawrence\Desktop\School\GATech\Spring 2026\PUBP 6727 Cyber Sec Practicum\SourceCodeRepos\GitHub\SCAMR_Helper_SampleSourceCode\Modules\clinic\_abc.c.h:5"", ""_abc.c.h:5"")"
"2","2.19.0","missingInclude","information","Include file: &quot;Python.h&quot; not found.","Include file: &quot;Python.h&quot; not found.","","","C:\Users\lawrence\Desktop\School\GATech\Spring 2026\PUBP 6727 Cyber Sec Practicum\SourceCodeRepos\GitHub\SCAMR_Helper_SampleSourceCode\Modules\_asynciomodule.c","5","2","","=HYPERLINK(""vscode://file/C:\Users\lawrence\Desktop\School\GATech\Spring 2026\PUBP 6727 Cyber Sec Practicum\SourceCodeRepos\GitHub\SCAMR_Helper_SampleSourceCode\Modules\_asynciomodule.c:5"", ""_asynciomodule.c:5"")"
"2","2.19.0","missingInclude","information","Include file: &quot;pycore_freelist.h&quot; not found.","Include file: &quot;pycore_freelist.h&quot; not found.","","","C:\Users\lawrence\Desktop\School\GATech\Spring 2026\PUBP 6727 Cyber Sec Practicum\SourceCodeRepos\GitHub\SCAMR_Helper_SampleSourceCode\Modules\_asynciomodule.c","6","2","","=HYPERLINK(""vscode://file/C:\Users\lawrence\Desktop\School\GATech\Spring 2026\PUBP 6727 Cyber Sec Practicum\SourceCodeRepos\GitHub\SCAMR_Helper_SampleSourceCode\Modules\_asynciomodule.c:6"", ""_asynciomodule.c:6"")"
"2","2.19.0","missingInclude","information","Include file: &quot;pycore_genobject.h&quot; not found.","Include file: &quot;pycore_genobject.h&quot; not found.","","","C:\Users\lawrence\Desktop\School\GATech\Spring 2026\PUBP 6727 Cyber Sec Practicum\SourceCodeRepos\GitHub\SCAMR_Helper_SampleSourceCode\Modules\_asynciomodule.c","7","2","","=HYPERLINK(""vscode://file/C:\Users\lawrence\Desktop\School\GATech\Spring 2026\PUBP 6727 Cyber Sec Practicum\SourceCodeRepos\GitHub\SCAMR_Helper_SampleSourceCode\Modules\_asynciomodule.c:7"", ""_asynciomodule.c:7"")"
"2","2.19.0","missingInclude","information","Include file: &quot;pycore_llist.h&quot; not found.","Include file: &quot;pycore_llist.h&quot; not found.","","","C:\Users\lawrence\Desktop\School\GATech\Spring 2026\PUBP 6727 Cyber Sec Practicum\SourceCodeRepos\GitHub\SCAMR_Helper_SampleSourceCode\Modules\_asynciomodule.c","8","2","","=HYPERLINK(""vscode://file/C:\Users\lawrence\Desktop\School\GATech\Spring 2026\PUBP 6727 Cyber Sec Practicum\SourceCodeRepos\GitHub\SCAMR_Helper_SampleSourceCode\Modules\_asynciomodule.c:8"", ""_asynciomodule.c:8"")"
"2","2.19.0","missingInclude","information","Include file: &quot;pycore_list.h&quot; not found.","Include file: &quot;pycore_list.h&quot; not found.","","","C:\Users\lawrence\Desktop\School\GATech\Spring 2026\PUBP 6727 Cyber Sec Practicum\SourceCodeRepos\GitHub\SCAMR_Helper_SampleSourceCode\Modules\_asynciomodule.c","9","2","","=HYPERLINK(""vscode://file/C:\Users\lawrence\Desktop\School\GATech\Spring 2026\PUBP 6727 Cyber Sec Practicum\SourceCodeRepos\GitHub\SCAMR_Helper_SampleSourceCode\Modules\_asynciomodule.c:9"", ""_asynciomodule.c:9"")"
"2","2.19.0","missingInclude","information","Include file: &quot;pycore_modsupport.h&quot; not found.","Include file: &quot;pycore_modsupport.h&quot; not found.","","","C:\Users\lawrence\Desktop\School\GATech\Spring 2026\PUBP 6727 Cyber Sec Practicum\SourceCodeRepos\GitHub\SCAMR_Helper_SampleSourceCode\Modules\_asynciomodule.c","10","2","","=HYPERLINK(""vscode://file/C:\Users\lawrence\Desktop\School\GATech\Spring 2026\PUBP 6727 Cyber Sec Practicum\SourceCodeRepos\GitHub\SCAMR_Helper_SampleSourceCode\Modules\_asynciomodule.c:10"", ""_asynciomodule.c:10"")"
"2","2.19.0","missingInclude","information","Include file: &quot;pycore_moduleobject.h&quot; not found.","Include file: &quot;pycore_moduleobject.h&quot; not found.","","","C:\Users\lawrence\Desktop\School\GATech\Spring 2026\PUBP 6727 Cyber Sec Practicum\SourceCodeRepos\GitHub\SCAMR_Helper_SampleSourceCode\Modules\_asynciomodule.c","11","2","","=HYPERLINK(""vscode://file/C:\Users\lawrence\Desktop\School\GATech\Spring 2026\PUBP 6727 Cyber Sec Practicum\SourceCodeRepos\GitHub\SCAMR_Helper_SampleSourceCode\Modules\_asynciomodule.c:11"", ""_asynciomodule.c:11"")"
"2","2.19.0","missingInclude","information","Include file: &quot;pycore_object.h&quot; not found.","Include file: &quot;pycore_object.h&quot; not found.","","","C:\Users\lawrence\Desktop\School\GATech\Spring 2026\PUBP 6727 Cyber Sec Practicum\SourceCodeRepos\GitHub\SCAMR_Helper_SampleSourceCode\Modules\_asynciomodule.c","12","2","","=HYPERLINK(""vscode://file/C:\Users\lawrence\Desktop\School\GATech\Spring 2026\PUBP 6727 Cyber Sec Practicum\SourceCodeRepos\GitHub\SCAMR_Helper_SampleSourceCode\Modules\_asynciomodule.c:12"", ""_asynciomodule.c:12"")"
"2","2.19.0","missingInclude","information","Include file: &quot;pycore_pylifecycle.h&quot; not found.","Include file: &quot;pycore_pylifecycle.h&quot; not found.","","","C:\Users\lawrence\Desktop\School\GATech\Spring 2026\PUBP 6727 Cyber Sec Practicum\SourceCodeRepos\GitHub\SCAMR_Helper_SampleSourceCode\Modules\_asynciomodule.c","13","2","","=HYPERLINK(""vscode://file/C:\Users\lawrence\Desktop\School\GATech\Spring 2026\PUBP 6727 Cyber Sec Practicum\SourceCodeRepos\GitHub\SCAMR_Helper_SampleSourceCode\Modules\_asynciomodule.c:13"", ""_asynciomodule.c:13"")"
"2","2.19.0","missingInclude","information","Include file: &quot;pycore_pystate.h&quot; not found.","Include file: &quot;pycore_pystate.h&quot; not found.","","","C:\Users\lawrence\Desktop\School\GATech\Spring 2026\PUBP 6727 Cyber Sec Practicum\SourceCodeRepos\GitHub\SCAMR_Helper_SampleSourceCode\Modules\_asynciomodule.c","14","2","","=HYPERLINK(""vscode://file/C:\Users\lawrence\Desktop\School\GATech\Spring 2026\PUBP 6727 Cyber Sec Practicum\SourceCodeRepos\GitHub\SCAMR_Helper_SampleSourceCode\Modules\_asynciomodule.c:14"", ""_asynciomodule.c:14"")"
"2","2.19.0","missingInclude","information","Include file: &quot;pycore_runtime_init.h&quot; not found.","Include file: &quot;pycore_runtime_init.h&quot; not found.","","","C:\Users\lawrence\Desktop\School\GATech\Spring 2026\PUBP 6727 Cyber Sec Practicum\SourceCodeRepos\GitHub\SCAMR_Helper_SampleSourceCode\Modules\_asynciomodule.c","15","2","","=HYPERLINK(""vscode://file/C:\Users\lawrence\Desktop\School\GATech\Spring 2026\PUBP 6727 Cyber Sec Practicum\SourceCodeRepos\GitHub\SCAMR_Helper_SampleSourceCode\Modules\_asynciomodule.c:15"", ""_asynciomodule.c:15"")"
"2","2.19.0","missingIncludeSystem","information","Include file: &lt;stddef.h&gt; not found. Please note: Cppcheck does not need standard library headers to get proper results.","Include file: &lt;stddef.h&gt; not found. Please note: Cppcheck does not need standard library headers to get proper results.","","","C:\Users\lawrence\Desktop\School\GATech\Spring 2026\PUBP 6727 Cyber Sec Practicum\SourceCodeRepos\GitHub\SCAMR_Helper_SampleSourceCode\Modules\_asynciomodule.c","17","2","","=HYPERLINK(""vscode://file/C:\Users\lawrence\Desktop\School\GATech\Spring 2026\PUBP 6727 Cyber Sec Practicum\SourceCodeRepos\GitHub\SCAMR_Helper_SampleSourceCode\Modules\_asynciomodule.c:17"", ""_asynciomodule.c:17"")"
"2","2.19.0","normalCheckLevelMaxBranches","information","Limiting analysis of branches. Use --check-level=exhaustive to analyze all branches.","Limiting analysis of branches. Use --check-level=exhaustive to analyze all branches.","","","C:\Users\lawrence\Desktop\School\GATech\Spring 2026\PUBP 6727 Cyber Sec Practicum\SourceCodeRepos\GitHub\SCAMR_Helper_SampleSourceCode\Modules\_asynciomodule.c","0","","","=HYPERLINK(""vscode://file/C:\Users\lawrence\Desktop\School\GATech\Spring 2026\PUBP 6727 Cyber Sec Practicum\SourceCodeRepos\GitHub\SCAMR_Helper_SampleSourceCode\Modules\_asynciomodule.c:0"", ""_asynciomodule.c:0"")"
"2","2.19.0","missingReturn","error","Found an exit path from function with non-void return type that has missing return statement","Found an exit path from function with non-void return type that has missing return statement","758","","C:\Users\lawrence\Desktop\School\GATech\Spring 2026\PUBP 6727 Cyber Sec Practicum\SourceCodeRepos\GitHub\SCAMR_Helper_SampleSourceCode\Modules\_asynciomodule.c","647","5","","=HYPERLINK(""vscode://file/C:\Users\lawrence\Desktop\School\GATech\Spring 2026\PUBP 6727 Cyber Sec Practicum\SourceCodeRepos\GitHub\SCAMR_Helper_SampleSourceCode\Modules\_asynciomodule.c:647"", ""_asynciomodule.c:647"")"
"2","2.19.0","missingReturn","error","Found an exit path from function with non-void return type that has missing return statement","Found an exit path from function with non-void return type that has missing return statement","758","","C:\Users\lawrence\Desktop\School\GATech\Spring 2026\PUBP 6727 Cyber Sec Practicum\SourceCodeRepos\GitHub\SCAMR_Helper_SampleSourceCode\Modules\_asynciomodule.c","713","5","","=HYPERLINK(""vscode://file/C:\Users\lawrence\Desktop\School\GATech\Spring 2026\PUBP 6727 Cyber Sec Practicum\SourceCodeRepos\GitHub\SCAMR_Helper_SampleSourceCode\Modules\_asynciomodule.c:713"", ""_asynciomodule.c:713"")"
"2","2.19.0","missingReturn","error","Found an exit path from function with non-void return type that has missing return statement","Found an exit path from function with non-void return type that has missing return statement","758","","C:\Users\lawrence\Desktop\School\GATech\Spring 2026\PUBP 6727 Cyber Sec Practicum\SourceCodeRepos\GitHub\SCAMR_Helper_SampleSourceCode\Modules\_asynciomodule.c","829","13","","=HYPERLINK(""vscode://file/C:\Users\lawrence\Desktop\School\GATech\Spring 2026\PUBP 6727 Cyber Sec Practicum\SourceCodeRepos\GitHub\SCAMR_Helper_SampleSourceCode\Modules\_asynciomodule.c:829"", ""_asynciomodule.c:829"")"
"2","2.19.0","missingReturn","error","Found an exit path from function with non-void return type that has missing return statement","Found an exit path from function with non-void return type that has missing return statement","758","","C:\Users\lawrence\Desktop\School\GATech\Spring 2026\PUBP 6727 Cyber Sec Practicum\SourceCodeRepos\GitHub\SCAMR_Helper_SampleSourceCode\Modules\_asynciomodule.c","881","5","","=HYPERLINK(""vscode://file/C:\Users\lawrence\Desktop\School\GATech\Spring 2026\PUBP 6727 Cyber Sec Practicum\SourceCodeRepos\GitHub\SCAMR_Helper_SampleSourceCode\Modules\_asynciomodule.c:881"", ""_asynciomodule.c:881"")"
"2","2.19.0","missingReturn","error","Found an exit path from function with non-void return type that has missing return statement","Found an exit path from function with non-void return type that has missing return statement","758","","C:\Users\lawrence\Desktop\School\GATech\Spring 2026\PUBP 6727 Cyber Sec Practicum\SourceCodeRepos\GitHub\SCAMR_Helper_SampleSourceCode\Modules\_asynciomodule.c","1037","5","","=HYPERLINK(""vscode://file/C:\Users\lawrence\Desktop\School\GATech\Spring 2026\PUBP 6727 Cyber Sec Practicum\SourceCodeRepos\GitHub\SCAMR_Helper_SampleSourceCode\Modules\_asynciomodule.c:1037"", ""_asynciomodule.c:1037"")"
"2","2.19.0","missingReturn","error","Found an exit path from function with non-void return type that has missing return statement","Found an exit path from function with non-void return type that has missing return statement","758","","C:\Users\lawrence\Desktop\School\GATech\Spring 2026\PUBP 6727 Cyber Sec Practicum\SourceCodeRepos\GitHub\SCAMR_Helper_SampleSourceCode\Modules\_asynciomodule.c","1289","9","","=HYPERLINK(""vscode://file/C:\Users\lawrence\Desktop\School\GATech\Spring 2026\PUBP 6727 Cyber Sec Practicum\SourceCodeRepos\GitHub\SCAMR_Helper_SampleSourceCode\Modules\_asynciomodule.c:1289"", ""_asynciomodule.c:1289"")"
"2","2.19.0","missingReturn","error","Found an exit path from function with non-void return type that has missing return statement","Found an exit path from function with non-void return type that has missing return statement","758","","C:\Users\lawrence\Desktop\School\GATech\Spring 2026\PUBP 6727 Cyber Sec Practicum\SourceCodeRepos\GitHub\SCAMR_Helper_SampleSourceCode\Modules\_asynciomodule.c","1311","9","","=HYPERLINK(""vscode://file/C:\Users\lawrence\Desktop\School\GATech\Spring 2026\PUBP 6727 Cyber Sec Practicum\SourceCodeRepos\GitHub\SCAMR_Helper_SampleSourceCode\Modules\_asynciomodule.c:1311"", ""_asynciomodule.c:1311"")"
"2","2.19.0","missingReturn","error","Found an exit path from function with non-void return type that has missing return statement","Found an exit path from function with non-void return type that has missing return statement","758","","C:\Users\lawrence\Desktop\School\GATech\Spring 2026\PUBP 6727 Cyber Sec Practicum\SourceCodeRepos\GitHub\SCAMR_Helper_SampleSourceCode\Modules\_asynciomodule.c","1380","9","","=HYPERLINK(""vscode://file/C:\Users\lawrence\Desktop\School\GATech\Spring 2026\PUBP 6727 Cyber Sec Practicum\SourceCodeRepos\GitHub\SCAMR_Helper_SampleSourceCode\Modules\_asynciomodule.c:1380"", ""_asynciomodule.c:1380"")"
"2","2.19.0","missingReturn","error","Found an exit path from function with non-void return type that has missing return statement","Found an exit path from function with non-void return type that has missing return statement","758","","C:\Users\lawrence\Desktop\School\GATech\Spring 2026\PUBP 6727 Cyber Sec Practicum\SourceCodeRepos\GitHub\SCAMR_Helper_SampleSourceCode\Modules\_asynciomodule.c","1428","9","","=HYPERLINK(""vscode://file/C:\Users\lawrence\Desktop\School\GATech\Spring 2026\PUBP 6727 Cyber Sec Practicum\SourceCodeRepos\GitHub\SCAMR_Helper_SampleSourceCode\Modules\_asynciomodule.c:1428"", ""_asynciomodule.c:1428"")"
"2","2.19.0","missingReturn","error","Found an exit path from function with non-void return type that has missing return statement","Found an exit path from function with non-void return type that has missing return statement","758","","C:\Users\lawrence\Desktop\School\GATech\Spring 2026\PUBP 6727 Cyber Sec Practicum\SourceCodeRepos\GitHub\SCAMR_Helper_SampleSourceCode\Modules\_asynciomodule.c","1998","5","","=HYPERLINK(""vscode://file/C:\Users\lawrence\Desktop\School\GATech\Spring 2026\PUBP 6727 Cyber Sec Practicum\SourceCodeRepos\GitHub\SCAMR_Helper_SampleSourceCode\Modules\_asynciomodule.c:1998"", ""_asynciomodule.c:1998"")"
"2","2.19.0","missingReturn","error","Found an exit path from function with non-void return type that has missing return statement","Found an exit path from function with non-void return type that has missing return statement","758","","C:\Users\lawrence\Desktop\School\GATech\Spring 2026\PUBP 6727 Cyber Sec Practicum\SourceCodeRepos\GitHub\SCAMR_Helper_SampleSourceCode\Modules\_asynciomodule.c","2134","5","","=HYPERLINK(""vscode://file/C:\Users\lawrence\Desktop\School\GATech\Spring 2026\PUBP 6727 Cyber Sec Practicum\SourceCodeRepos\GitHub\SCAMR_Helper_SampleSourceCode\Modules\_asynciomodule.c:2134"", ""_asynciomodule.c:2134"")"
"2","2.19.0","missingReturn","error","Found an exit path from function with non-void return type that has missing return statement","Found an exit path from function with non-void return type that has missing return statement","758","","C:\Users\lawrence\Desktop\School\GATech\Spring 2026\PUBP 6727 Cyber Sec Practicum\SourceCodeRepos\GitHub\SCAMR_Helper_SampleSourceCode\Modules\_asynciomodule.c","2451","9","","=HYPERLINK(""vscode://file/C:\Users\lawrence\Desktop\School\GATech\Spring 2026\PUBP 6727 Cyber Sec Practicum\SourceCodeRepos\GitHub\SCAMR_Helper_SampleSourceCode\Modules\_asynciomodule.c:2451"", ""_asynciomodule.c:2451"")"
"2","2.19.0","missingReturn","error","Found an exit path from function with non-void return type that has missing return statement","Found an exit path from function with non-void return type that has missing return statement","758","","C:\Users\lawrence\Desktop\School\GATech\Spring 2026\PUBP 6727 Cyber Sec Practicum\SourceCodeRepos\GitHub\SCAMR_Helper_SampleSourceCode\Modules\_asynciomodule.c","2492","9","","=HYPERLINK(""vscode://file/C:\Users\lawrence\Desktop\School\GATech\Spring 2026\PUBP 6727 Cyber Sec Practicum\SourceCodeRepos\GitHub\SCAMR_Helper_SampleSourceCode\Modules\_asynciomodule.c:2492"", ""_asynciomodule.c:2492"")"
"2","2.19.0","missingReturn","error","Found an exit path from function with non-void return type that has missing return statement","Found an exit path from function with non-void return type that has missing return statement","758","","C:\Users\lawrence\Desktop\School\GATech\Spring 2026\PUBP 6727 Cyber Sec Practicum\SourceCodeRepos\GitHub\SCAMR_Helper_SampleSourceCode\Modules\_asynciomodule.c","2508","5","","=HYPERLINK(""vscode://file/C:\Users\lawrence\Desktop\School\GATech\Spring 2026\PUBP 6727 Cyber Sec Practicum\SourceCodeRepos\GitHub\SCAMR_Helper_SampleSourceCode\Modules\_asynciomodule.c:2508"", ""_asynciomodule.c:2508"")"
"2","2.19.0","missingReturn","error","Found an exit path from function with non-void return type that has missing return statement","Found an exit path from function with non-void return type that has missing return statement","758","","C:\Users\lawrence\Desktop\School\GATech\Spring 2026\PUBP 6727 Cyber Sec Practicum\SourceCodeRepos\GitHub\SCAMR_Helper_SampleSourceCode\Modules\_asynciomodule.c","2526","5","","=HYPERLINK(""vscode://file/C:\Users\lawrence\Desktop\School\GATech\Spring 2026\PUBP 6727 Cyber Sec Practicum\SourceCodeRepos\GitHub\SCAMR_Helper_SampleSourceCode\Modules\_asynciomodule.c:2526"", ""_asynciomodule.c:2526"")"
"2","2.19.0","missingReturn","error","Found an exit path from function with non-void return type that has missing return statement","Found an exit path from function with non-void return type that has missing return statement","758","","C:\Users\lawrence\Desktop\School\GATech\Spring 2026\PUBP 6727 Cyber Sec Practicum\SourceCodeRepos\GitHub\SCAMR_Helper_SampleSourceCode\Modules\_asynciomodule.c","2788","5","","=HYPERLINK(""vscode://file/C:\Users\lawrence\Desktop\School\GATech\Spring 2026\PUBP 6727 Cyber Sec Practicum\SourceCodeRepos\GitHub\SCAMR_Helper_SampleSourceCode\Modules\_asynciomodule.c:2788"", ""_asynciomodule.c:2788"")"
"2","2.19.0","missingReturn","error","Found an exit path from function with non-void return type that has missing return statement","Found an exit path from function with non-void return type that has missing return statement","758","","C:\Users\lawrence\Desktop\School\GATech\Spring 2026\PUBP 6727 Cyber Sec Practicum\SourceCodeRepos\GitHub\SCAMR_Helper_SampleSourceCode\Modules\_asynciomodule.c","2822","5","","=HYPERLINK(""vscode://file/C:\Users\lawrence\Desktop\School\GATech\Spring 2026\PUBP 6727 Cyber Sec Practicum\SourceCodeRepos\GitHub\SCAMR_Helper_SampleSourceCode\Modules\_asynciomodule.c:2822"", ""_asynciomodule.c:2822"")"
"2","2.19.0","missingReturn","error","Found an exit path from function with non-void return type that has missing return statement","Found an exit path from function with non-void return type that has missing return statement","758","","C:\Users\lawrence\Desktop\School\GATech\Spring 2026\PUBP 6727 Cyber Sec Practicum\SourceCodeRepos\GitHub\SCAMR_Helper_SampleSourceCode\Modules\_asynciomodule.c","3739","5","","=HYPERLINK(""vscode://file/C:\Users\lawrence\Desktop\School\GATech\Spring 2026\PUBP 6727 Cyber Sec Practicum\SourceCodeRepos\GitHub\SCAMR_Helper_SampleSourceCode\Modules\_asynciomodule.c:3739"", ""_asynciomodule.c:3739"")"
"2","2.19.0","missingReturn","error","Found an exit path from function with non-void return type that has missing return statement","Found an exit path from function with non-void return type that has missing return statement","758","","C:\Users\lawrence\Desktop\School\GATech\Spring 2026\PUBP 6727 Cyber Sec Practicum\SourceCodeRepos\GitHub\SCAMR_Helper_SampleSourceCode\Modules\_asynciomodule.c","3797","5","","=HYPERLINK(""vscode://file/C:\Users\lawrence\Desktop\School\GATech\Spring 2026\PUBP 6727 Cyber Sec Practicum\SourceCodeRepos\GitHub\SCAMR_Helper_SampleSourceCode\Modules\_asynciomodule.c:3797"", ""_asynciomodule.c:3797"")"
"2","2.19.0","missingReturn","error","Found an exit path from function with non-void return type that has missing return statement","Found an exit path from function with non-void return type that has missing return statement","758","","C:\Users\lawrence\Desktop\School\GATech\Spring 2026\PUBP 6727 Cyber Sec Practicum\SourceCodeRepos\GitHub\SCAMR_Helper_SampleSourceCode\Modules\_asynciomodule.c","3823","5","","=HYPERLINK(""vscode://file/C:\Users\lawrence\Desktop\School\GATech\Spring 2026\PUBP 6727 Cyber Sec Practicum\SourceCodeRepos\GitHub\SCAMR_Helper_SampleSourceCode\Modules\_asynciomodule.c:3823"", ""_asynciomodule.c:3823"")"
"2","2.19.0","missingReturn","error","Found an exit path from function with non-void return type that has missing return statement","Found an exit path from function with non-void return type that has missing return statement","758","","C:\Users\lawrence\Desktop\School\GATech\Spring 2026\PUBP 6727 Cyber Sec Practicum\SourceCodeRepos\GitHub\SCAMR_Helper_SampleSourceCode\Modules\_asynciomodule.c","3848","5","","=HYPERLINK(""vscode://file/C:\Users\lawrence\Desktop\School\GATech\Spring 2026\PUBP 6727 Cyber Sec Practicum\SourceCodeRepos\GitHub\SCAMR_Helper_SampleSourceCode\Modules\_asynciomodule.c:3848"", ""_asynciomodule.c:3848"")"
"2","2.19.0","missingReturn","error","Found an exit path from function with non-void return type that has missing return statement","Found an exit path from function with non-void return type that has missing return statement","758","","C:\Users\lawrence\Desktop\School\GATech\Spring 2026\PUBP 6727 Cyber Sec Practicum\SourceCodeRepos\GitHub\SCAMR_Helper_SampleSourceCode\Modules\_asynciomodule.c","4154","5","","=HYPERLINK(""vscode://file/C:\Users\lawrence\Desktop\School\GATech\Spring 2026\PUBP 6727 Cyber Sec Practicum\SourceCodeRepos\GitHub\SCAMR_Helper_SampleSourceCode\Modules\_asynciomodule.c:4154"", ""_asynciomodule.c:4154"")"
"2","2.19.0","missingReturn","error","Found an exit path from function with non-void return type that has missing return statement","Found an exit path from function with non-void return type that has missing return statement","758","","C:\Users\lawrence\Desktop\School\GATech\Spring 2026\PUBP 6727 Cyber Sec Practicum\SourceCodeRepos\GitHub\SCAMR_Helper_SampleSourceCode\Modules\_asynciomodule.c","4181","5","","=HYPERLINK(""vscode://file/C:\Users\lawrence\Desktop\School\GATech\Spring 2026\PUBP 6727 Cyber Sec Practicum\SourceCodeRepos\GitHub\SCAMR_Helper_SampleSourceCode\Modules\_asynciomodule.c:4181"", ""_asynciomodule.c:4181"")"
"2","2.19.0","knownConditionTrueFalse","style","Condition &#039;fut-&gt;fut_state!=STATE_PENDING&#039; is always false","Condition &#039;fut-&gt;fut_state!=STATE_PENDING&#039; is always false","570","","C:\Users\lawrence\Desktop\School\GATech\Spring 2026\PUBP 6727 Cyber Sec Practicum\SourceCodeRepos\GitHub\SCAMR_Helper_SampleSourceCode\Modules\_asynciomodule.c","668","28","Condition &#039;fut-&gt;fut_state!=STATE_PENDING&#039; is always false","=HYPERLINK(""vscode://file/C:\Users\lawrence\Desktop\School\GATech\Spring 2026\PUBP 6727 Cyber Sec Practicum\SourceCodeRepos\GitHub\SCAMR_Helper_SampleSourceCode\Modules\_asynciomodule.c:668"", ""_asynciomodule.c:668"")"
"2","2.19.0","knownConditionTrueFalse","style","Condition &#039;fut-&gt;fut_state!=STATE_PENDING&#039; is always false","Condition &#039;fut-&gt;fut_state!=STATE_PENDING&#039; is always false","570","","C:\Users\lawrence\Desktop\School\GATech\Spring 2026\PUBP 6727 Cyber Sec Practicum\SourceCodeRepos\GitHub\SCAMR_Helper_SampleSourceCode\Modules\_asynciomodule.c","665","21","Assuming condition is false","=HYPERLINK(""vscode://file/C:\Users\lawrence\Desktop\School\GATech\Spring 2026\PUBP 6727 Cyber Sec Practicum\SourceCodeRepos\GitHub\SCAMR_Helper_SampleSourceCode\Modules\_asynciomodule.c:665"", ""_asynciomodule.c:665"")"
"2","2.19.0","knownConditionTrueFalse","style","Condition &#039;fut-&gt;fut_state!=STATE_PENDING&#039; is always false","Condition &#039;fut-&gt;fut_state!=STATE_PENDING&#039; is always false","570","","C:\Users\lawrence\Desktop\School\GATech\Spring 2026\PUBP 6727 Cyber Sec Practicum\SourceCodeRepos\GitHub\SCAMR_Helper_SampleSourceCode\Modules\_asynciomodule.c","658","24","Assuming that condition &#039;fut-&gt;fut_state!=STATE_PENDING&#039; is not redundant","=HYPERLINK(""vscode://file/C:\Users\lawrence\Desktop\School\GATech\Spring 2026\PUBP 6727 Cyber Sec Practicum\SourceCodeRepos\GitHub\SCAMR_Helper_SampleSourceCode\Modules\_asynciomodule.c:658"", ""_asynciomodule.c:658"")"
"2","2.19.0","knownConditionTrueFalse","style","Condition &#039;!o&#039; is always true","Condition &#039;!o&#039; is always true","571","","C:\Users\lawrence\Desktop\School\GATech\Spring 2026\PUBP 6727 Cyber Sec Practicum\SourceCodeRepos\GitHub\SCAMR_Helper_SampleSourceCode\Modules\_asynciomodule.c","3154","13","Condition &#039;!o&#039; is always true","=HYPERLINK(""vscode://file/C:\Users\lawrence\Desktop\School\GATech\Spring 2026\PUBP 6727 Cyber Sec Practicum\SourceCodeRepos\GitHub\SCAMR_Helper_SampleSourceCode\Modules\_asynciomodule.c:3154"", ""_asynciomodule.c:3154"")"
"2","2.19.0","knownConditionTrueFalse","style","Condition &#039;!o&#039; is always true","Condition &#039;!o&#039; is always true","571","","C:\Users\lawrence\Desktop\School\GATech\Spring 2026\PUBP 6727 Cyber Sec Practicum\SourceCodeRepos\GitHub\SCAMR_Helper_SampleSourceCode\Modules\_asynciomodule.c","3153","33","Assignment &#039;o=future_set_exception(state,(struct FutureObj*)task,exc)&#039;, assigned value is 0","=HYPERLINK(""vscode://file/C:\Users\lawrence\Desktop\School\GATech\Spring 2026\PUBP 6727 Cyber Sec Practicum\SourceCodeRepos\GitHub\SCAMR_Helper_SampleSourceCode\Modules\_asynciomodule.c:3153"", ""_asynciomodule.c:3153"")"
"2","2.19.0","knownConditionTrueFalse","style","Condition &#039;!o&#039; is always true","Condition &#039;!o&#039; is always true","571","","C:\Users\lawrence\Desktop\School\GATech\Spring 2026\PUBP 6727 Cyber Sec Practicum\SourceCodeRepos\GitHub\SCAMR_Helper_SampleSourceCode\Modules\_asynciomodule.c","3153","33","Calling function &#039;future_set_exception&#039; returns 0","=HYPERLINK(""vscode://file/C:\Users\lawrence\Desktop\School\GATech\Spring 2026\PUBP 6727 Cyber Sec Practicum\SourceCodeRepos\GitHub\SCAMR_Helper_SampleSourceCode\Modules\_asynciomodule.c:3153"", ""_asynciomodule.c:3153"")"
"2","2.19.0","knownConditionTrueFalse","style","Condition &#039;tmp==NULL&#039; is always true","Condition &#039;tmp==NULL&#039; is always true","571","","C:\Users\lawrence\Desktop\School\GATech\Spring 2026\PUBP 6727 Cyber Sec Practicum\SourceCodeRepos\GitHub\SCAMR_Helper_SampleSourceCode\Modules\_asynciomodule.c","3230","17","Condition &#039;tmp==NULL&#039; is always true","=HYPERLINK(""vscode://file/C:\Users\lawrence\Desktop\School\GATech\Spring 2026\PUBP 6727 Cyber Sec Practicum\SourceCodeRepos\GitHub\SCAMR_Helper_SampleSourceCode\Modules\_asynciomodule.c:3230"", ""_asynciomodule.c:3230"")"
"2","2.19.0","knownConditionTrueFalse","style","Condition &#039;tmp==NULL&#039; is always true","Condition &#039;tmp==NULL&#039; is always true","571","","C:\Users\lawrence\Desktop\School\GATech\Spring 2026\PUBP 6727 Cyber Sec Practicum\SourceCodeRepos\GitHub\SCAMR_Helper_SampleSourceCode\Modules\_asynciomodule.c","3226","39","Assignment &#039;tmp=future_add_done_callback(state,(struct FutureObj*)result,wrapper,task-&gt;task_context)&#039;, assigned value is 0","=HYPERLINK(""vscode://file/C:\Users\lawrence\Desktop\School\GATech\Spring 2026\PUBP 6727 Cyber Sec Practicum\SourceCodeRepos\GitHub\SCAMR_Helper_SampleSourceCode\Modules\_asynciomodule.c:3226"", ""_asynciomodule.c:3226"")"
"2","2.19.0","knownConditionTrueFalse","style","Condition &#039;tmp==NULL&#039; is always true","Condition &#039;tmp==NULL&#039; is always true","571","","C:\Users\lawrence\Desktop\School\GATech\Spring 2026\PUBP 6727 Cyber Sec Practicum\SourceCodeRepos\GitHub\SCAMR_Helper_SampleSourceCode\Modules\_asynciomodule.c","3226","39","Calling function &#039;future_add_done_callback&#039; returns 0","=HYPERLINK(""vscode://file/C:\Users\lawrence\Desktop\School\GATech\Spring 2026\PUBP 6727 Cyber Sec Practicum\SourceCodeRepos\GitHub\SCAMR_Helper_SampleSourceCode\Modules\_asynciomodule.c:3226"", ""_asynciomodule.c:3226"")"
"2","2.19.0","shadowArgument","style","Local variable &#039;exc&#039; shadows outer argument","Local variable &#039;exc&#039; shadows outer argument","398","","C:\Users\lawrence\Desktop\School\GATech\Spring 2026\PUBP 6727 Cyber Sec Practicum\SourceCodeRepos\GitHub\SCAMR_Helper_SampleSourceCode\Modules\_asynciomodule.c","3150","19","Shadow variable","=HYPERLINK(""vscode://file/C:\Users\lawrence\Desktop\School\GATech\Spring 2026\PUBP 6727 Cyber Sec Practicum\SourceCodeRepos\GitHub\SCAMR_Helper_SampleSourceCode\Modules\_asynciomodule.c:3150"", ""_asynciomodule.c:3150"")"
"2","2.19.0","shadowArgument","style","Local variable &#039;exc&#039; shadows outer argument","Local variable &#039;exc&#039; shadows outer argument","398","","C:\Users\lawrence\Desktop\School\GATech\Spring 2026\PUBP 6727 Cyber Sec Practicum\SourceCodeRepos\GitHub\SCAMR_Helper_SampleSourceCode\Modules\_asynciomodule.c","3053","63","Shadowed declaration","=HYPERLINK(""vscode://file/C:\Users\lawrence\Desktop\School\GATech\Spring 2026\PUBP 6727 Cyber Sec Practicum\SourceCodeRepos\GitHub\SCAMR_Helper_SampleSourceCode\Modules\_asynciomodule.c:3053"", ""_asynciomodule.c:3053"")"
"2","2.19.0","shadowArgument","style","Local variable &#039;exc&#039; shadows outer argument","Local variable &#039;exc&#039; shadows outer argument","398","","C:\Users\lawrence\Desktop\School\GATech\Spring 2026\PUBP 6727 Cyber Sec Practicum\SourceCodeRepos\GitHub\SCAMR_Helper_SampleSourceCode\Modules\_asynciomodule.c","3139","23","Shadow variable","=HYPERLINK(""vscode://file/C:\Users\lawrence\Desktop\School\GATech\Spring 2026\PUBP 6727 Cyber Sec Practicum\SourceCodeRepos\GitHub\SCAMR_Helper_SampleSourceCode\Modules\_asynciomodule.c:3139"", ""_asynciomodule.c:3139"")"
"2","2.19.0","shadowArgument","style","Local variable &#039;exc&#039; shadows outer argument","Local variable &#039;exc&#039; shadows outer argument","398","","C:\Users\lawrence\Desktop\School\GATech\Spring 2026\PUBP 6727 Cyber Sec Practicum\SourceCodeRepos\GitHub\SCAMR_Helper_SampleSourceCode\Modules\_asynciomodule.c","3053","63","Shadowed declaration","=HYPERLINK(""vscode://file/C:\Users\lawrence\Desktop\School\GATech\Spring 2026\PUBP 6727 Cyber Sec Practicum\SourceCodeRepos\GitHub\SCAMR_Helper_SampleSourceCode\Modules\_asynciomodule.c:3053"", ""_asynciomodule.c:3053"")"
"2","2.19.0","shadowVariable","style","Local variable &#039;res&#039; shadows outer variable","Local variable &#039;res&#039; shadows outer variable","398","","C:\Users\lawrence\Desktop\School\GATech\Spring 2026\PUBP 6727 Cyber Sec Practicum\SourceCodeRepos\GitHub\SCAMR_Helper_SampleSourceCode\Modules\_asynciomodule.c","3210","13","Shadow variable","=HYPERLINK(""vscode://file/C:\Users\lawrence\Desktop\School\GATech\Spring 2026\PUBP 6727 Cyber Sec Practicum\SourceCodeRepos\GitHub\SCAMR_Helper_SampleSourceCode\Modules\_asynciomodule.c:3210"", ""_asynciomodule.c:3210"")"
"2","2.19.0","shadowVariable","style","Local variable &#039;res&#039; shadows outer variable","Local variable &#039;res&#039; shadows outer variable","398","","C:\Users\lawrence\Desktop\School\GATech\Spring 2026\PUBP 6727 Cyber Sec Practicum\SourceCodeRepos\GitHub\SCAMR_Helper_SampleSourceCode\Modules\_asynciomodule.c","3188","9","Shadowed declaration","=HYPERLINK(""vscode://file/C:\Users\lawrence\Desktop\School\GATech\Spring 2026\PUBP 6727 Cyber Sec Practicum\SourceCodeRepos\GitHub\SCAMR_Helper_SampleSourceCode\Modules\_asynciomodule.c:3188"", ""_asynciomodule.c:3188"")"
"2","2.19.0","shadowVariable","style","Local variable &#039;res&#039; shadows outer variable","Local variable &#039;res&#039; shadows outer variable","398","","C:\Users\lawrence\Desktop\School\GATech\Spring 2026\PUBP 6727 Cyber Sec Practicum\SourceCodeRepos\GitHub\SCAMR_Helper_SampleSourceCode\Modules\_asynciomodule.c","3308","17","Shadow variable","=HYPERLINK(""vscode://file/C:\Users\lawrence\Desktop\School\GATech\Spring 2026\PUBP 6727 Cyber Sec Practicum\SourceCodeRepos\GitHub\SCAMR_Helper_SampleSourceCode\Modules\_asynciomodule.c:3308"", ""_asynciomodule.c:3308"")"
"2","2.19.0","shadowVariable","style","Local variable &#039;res&#039; shadows outer variable","Local variable &#039;res&#039; shadows outer variable","398","","C:\Users\lawrence\Desktop\School\GATech\Spring 2026\PUBP 6727 Cyber Sec Practicum\SourceCodeRepos\GitHub\SCAMR_Helper_SampleSourceCode\Modules\_asynciomodule.c","3188","9","Shadowed declaration","=HYPERLINK(""vscode://file/C:\Users\lawrence\Desktop\School\GATech\Spring 2026\PUBP 6727 Cyber Sec Practicum\SourceCodeRepos\GitHub\SCAMR_Helper_SampleSourceCode\Modules\_asynciomodule.c:3188"", ""_asynciomodule.c:3188"")"
"2","2.19.0","shadowArgument","style","Local variable &#039;exc&#039; shadows outer argument","Local variable &#039;exc&#039; shadows outer argument","398","","C:\Users\lawrence\Desktop\School\GATech\Spring 2026\PUBP 6727 Cyber Sec Practicum\SourceCodeRepos\GitHub\SCAMR_Helper_SampleSourceCode\Modules\_asynciomodule.c","3445","19","Shadow variable","=HYPERLINK(""vscode://file/C:\Users\lawrence\Desktop\School\GATech\Spring 2026\PUBP 6727 Cyber Sec Practicum\SourceCodeRepos\GitHub\SCAMR_Helper_SampleSourceCode\Modules\_asynciomodule.c:3445"", ""_asynciomodule.c:3445"")"
"2","2.19.0","shadowArgument","style","Local variable &#039;exc&#039; shadows outer argument","Local variable &#039;exc&#039; shadows outer argument","398","","C:\Users\lawrence\Desktop\School\GATech\Spring 2026\PUBP 6727 Cyber Sec Practicum\SourceCodeRepos\GitHub\SCAMR_Helper_SampleSourceCode\Modules\_asynciomodule.c","3432","58","Shadowed declaration","=HYPERLINK(""vscode://file/C:\Users\lawrence\Desktop\School\GATech\Spring 2026\PUBP 6727 Cyber Sec Practicum\SourceCodeRepos\GitHub\SCAMR_Helper_SampleSourceCode\Modules\_asynciomodule.c:3432"", ""_asynciomodule.c:3432"")"
"2","2.19.0","constParameterPointer","style","Parameter &#039;fut&#039; can be declared as pointer to const","Parameter &#039;fut&#039; can be declared as pointer to const","398","","C:\Users\lawrence\Desktop\School\GATech\Spring 2026\PUBP 6727 Cyber Sec Practicum\SourceCodeRepos\GitHub\SCAMR_Helper_SampleSourceCode\Modules\_asynciomodule.c","401","28","","=HYPERLINK(""vscode://file/C:\Users\lawrence\Desktop\School\GATech\Spring 2026\PUBP 6727 Cyber Sec Practicum\SourceCodeRepos\GitHub\SCAMR_Helper_SampleSourceCode\Modules\_asynciomodule.c:401"", ""_asynciomodule.c:401"")"
"2","2.19.0","constParameterPointer","style","Parameter &#039;it&#039; can be declared as pointer to const","Parameter &#039;it&#039; can be declared as pointer to const","398","","C:\Users\lawrence\Desktop\School\GATech\Spring 2026\PUBP 6727 Cyber Sec Practicum\SourceCodeRepos\GitHub\SCAMR_Helper_SampleSourceCode\Modules\_asynciomodule.c","1841","48","","=HYPERLINK(""vscode://file/C:\Users\lawrence\Desktop\School\GATech\Spring 2026\PUBP 6727 Cyber Sec Practicum\SourceCodeRepos\GitHub\SCAMR_Helper_SampleSourceCode\Modules\_asynciomodule.c:1841"", ""_asynciomodule.c:1841"")"
"2","2.19.0","constParameterPointer","style","Parameter &#039;self&#039; can be declared as pointer to const","Parameter &#039;self&#039; can be declared as pointer to const","398","","C:\Users\lawrence\Desktop\School\GATech\Spring 2026\PUBP 6727 Cyber Sec Practicum\SourceCodeRepos\GitHub\SCAMR_Helper_SampleSourceCode\Modules\_asynciomodule.c","2444","54","","=HYPERLINK(""vscode://file/C:\Users\lawrence\Desktop\School\GATech\Spring 2026\PUBP 6727 Cyber Sec Practicum\SourceCodeRepos\GitHub\SCAMR_Helper_SampleSourceCode\Modules\_asynciomodule.c:2444"", ""_asynciomodule.c:2444"")"
"2","2.19.0","constParameterPointer","style","Parameter &#039;self&#039; can be declared as pointer to const","Parameter &#039;self&#039; can be declared as pointer to const","398","","C:\Users\lawrence\Desktop\School\GATech\Spring 2026\PUBP 6727 Cyber Sec Practicum\SourceCodeRepos\GitHub\SCAMR_Helper_SampleSourceCode\Modules\_asynciomodule.c","2485","46","","=HYPERLINK(""vscode://file/C:\Users\lawrence\Desktop\School\GATech\Spring 2026\PUBP 6727 Cyber Sec Practicum\SourceCodeRepos\GitHub\SCAMR_Helper_SampleSourceCode\Modules\_asynciomodule.c:2485"", ""_asynciomodule.c:2485"")"
"2","2.19.0","toomanyconfigs","information","Too many #ifdef configurations - cppcheck only checks 12 of 31 configurations. Use --force to check all configurations.","Too many #ifdef configurations - cppcheck only checks 12 of 31 configurations. Use --force to check all configurations.","398","","C:\Users\lawrence\Desktop\School\GATech\Spring 2026\PUBP 6727 Cyber Sec Practicum\SourceCodeRepos\GitHub\SCAMR_Helper_SampleSourceCode\Modules\_asynciomodule.c","0","","","=HYPERLINK(""vscode://file/C:\Users\lawrence\Desktop\School\GATech\Spring 2026\PUBP 6727 Cyber Sec Practicum\SourceCodeRepos\GitHub\SCAMR_Helper_SampleSourceCode\Modules\_asynciomodule.c:0"", ""_asynciomodule.c:0"")"
"2","2.19.0","missingInclude","information","Include file: &quot;pycore_critical_section.h&quot; not found.","Include file: &quot;pycore_critical_section.h&quot; not found.","","","C:\Users\lawrence\Desktop\School\GATech\Spring 2026\PUBP 6727 Cyber Sec Practicum\SourceCodeRepos\GitHub\SCAMR_Helper_SampleSourceCode\Modules\clinic\_asynciomodule.c.h","9","2","","=HYPERLINK(""vscode://file/C:\Users\lawrence\Desktop\School\GATech\Spring 2026\PUBP 6727 Cyber Sec Practicum\SourceCodeRepos\GitHub\SCAMR_Helper_SampleSourceCode\Modules\clinic\_asynciomodule.c.h:9"", ""_asynciomodule.c.h:9"")"
"2","2.19.0","missingInclude","information","Include file: &quot;pycore_modsupport.h&quot; not found.","Include file: &quot;pycore_modsupport.h&quot; not found.","","","C:\Users\lawrence\Desktop\School\GATech\Spring 2026\PUBP 6727 Cyber Sec Practicum\SourceCodeRepos\GitHub\SCAMR_Helper_SampleSourceCode\Modules\clinic\_asynciomodule.c.h","10","2","","=HYPERLINK(""vscode://file/C:\Users\lawrence\Desktop\School\GATech\Spring 2026\PUBP 6727 Cyber Sec Practicum\SourceCodeRepos\GitHub\SCAMR_Helper_SampleSourceCode\Modules\clinic\_asynciomodule.c.h:10"", ""_asynciomodule.c.h:10"")"
"2","2.19.0","missingInclude","information","Include file: &quot;Python.h&quot; not found.","Include file: &quot;Python.h&quot; not found.","","","C:\Users\lawrence\Desktop\School\GATech\Spring 2026\PUBP 6727 Cyber Sec Practicum\SourceCodeRepos\GitHub\SCAMR_Helper_SampleSourceCode\Modules\_bisectmodule.c","10","2","","=HYPERLINK(""vscode://file/C:\Users\lawrence\Desktop\School\GATech\Spring 2026\PUBP 6727 Cyber Sec Practicum\SourceCodeRepos\GitHub\SCAMR_Helper_SampleSourceCode\Modules\_bisectmodule.c:10"", ""_bisectmodule.c:10"")"
"2","2.19.0","missingInclude","information","Include file: &quot;pycore_call.h&quot; not found.","Include file: &quot;pycore_call.h&quot; not found.","","","C:\Users\lawrence\Desktop\School\GATech\Spring 2026\PUBP 6727 Cyber Sec Practicum\SourceCodeRepos\GitHub\SCAMR_Helper_SampleSourceCode\Modules\_bisectmodule.c","11","2","","=HYPERLINK(""vscode://file/C:\Users\lawrence\Desktop\School\GATech\Spring 2026\PUBP 6727 Cyber Sec Practicum\SourceCodeRepos\GitHub\SCAMR_Helper_SampleSourceCode\Modules\_bisectmodule.c:11"", ""_bisectmodule.c:11"")"
"2","2.19.0","missingIncludeSystem","information","Include file: &lt;unistd.h&gt; not found. Please note: Cppcheck does not need standard library headers to get proper results.","Include file: &lt;unistd.h&gt; not found. Please note: Cppcheck does not need standard library headers to get proper results.","","","C:\Users\lawrence\Desktop\School\GATech\Spring 2026\PUBP 6727 Cyber Sec Practicum\SourceCodeRepos\GitHub\SCAMR_Helper_SampleSourceCode\Modules\_bisectmodule.c","14","2","","=HYPERLINK(""vscode://file/C:\Users\lawrence\Desktop\School\GATech\Spring 2026\PUBP 6727 Cyber Sec Practicum\SourceCodeRepos\GitHub\SCAMR_Helper_SampleSourceCode\Modules\_bisectmodule.c:14"", ""_bisectmodule.c:14"")"
"2","2.19.0","missingIncludeSystem","information","Include file: &lt;stdlib.h&gt; not found. Please note: Cppcheck does not need standard library headers to get proper results.","Include file: &lt;stdlib.h&gt; not found. Please note: Cppcheck does not need standard library headers to get proper results.","","","C:\Users\lawrence\Desktop\School\GATech\Spring 2026\PUBP 6727 Cyber Sec Practicum\SourceCodeRepos\GitHub\SCAMR_Helper_SampleSourceCode\Modules\_bisectmodule.c","15","2","","=HYPERLINK(""vscode://file/C:\Users\lawrence\Desktop\School\GATech\Spring 2026\PUBP 6727 Cyber Sec Practicum\SourceCodeRepos\GitHub\SCAMR_Helper_SampleSourceCode\Modules\_bisectmodule.c:15"", ""_bisectmodule.c:15"")"
"2","2.19.0","missingIncludeSystem","information","Include file: &lt;stdlib.h&gt; not found. Please note: Cppcheck does not need standard library headers to get proper results.","Include file: &lt;stdlib.h&gt; not found. Please note: Cppcheck does not need standard library headers to get proper results.","","","C:\Users\lawrence\Desktop\School\GATech\Spring 2026\PUBP 6727 Cyber Sec Practicum\SourceCodeRepos\GitHub\SCAMR_Helper_SampleSourceCode\Modules\_bisectmodule.c","16","2","","=HYPERLINK(""vscode://file/C:\Users\lawrence\Desktop\School\GATech\Spring 2026\PUBP 6727 Cyber Sec Practicum\SourceCodeRepos\GitHub\SCAMR_Helper_SampleSourceCode\Modules\_bisectmodule.c:16"", ""_bisectmodule.c:16"")"
"2","2.19.0","normalCheckLevelMaxBranches","information","Limiting analysis of branches. Use --check-level=exhaustive to analyze all branches.","Limiting analysis of branches. Use --check-level=exhaustive to analyze all branches.","","","C:\Users\lawrence\Desktop\School\GATech\Spring 2026\PUBP 6727 Cyber Sec Practicum\SourceCodeRepos\GitHub\SCAMR_Helper_SampleSourceCode\Modules\_bisectmodule.c","0","","","=HYPERLINK(""vscode://file/C:\Users\lawrence\Desktop\School\GATech\Spring 2026\PUBP 6727 Cyber Sec Practicum\SourceCodeRepos\GitHub\SCAMR_Helper_SampleSourceCode\Modules\_bisectmodule.c:0"", ""_bisectmodule.c:0"")"
"2","2.19.0","missingReturn","error","Found an exit path from function with non-void return type that has missing return statement","Found an exit path from function with non-void return type that has missing return statement","758","","C:\Users\lawrence\Desktop\School\GATech\Spring 2026\PUBP 6727 Cyber Sec Practicum\SourceCodeRepos\GitHub\SCAMR_Helper_SampleSourceCode\Modules\_bisectmodule.c","224","24","","=HYPERLINK(""vscode://file/C:\Users\lawrence\Desktop\School\GATech\Spring 2026\PUBP 6727 Cyber Sec Practicum\SourceCodeRepos\GitHub\SCAMR_Helper_SampleSourceCode\Modules\_bisectmodule.c:224"", ""_bisectmodule.c:224"")"
"2","2.19.0","missingReturn","error","Found an exit path from function with non-void return type that has missing return statement","Found an exit path from function with non-void return type that has missing return statement","758","","C:\Users\lawrence\Desktop\School\GATech\Spring 2026\PUBP 6727 Cyber Sec Practicum\SourceCodeRepos\GitHub\SCAMR_Helper_SampleSourceCode\Modules\_bisectmodule.c","406","24","","=HYPERLINK(""vscode://file/C:\Users\lawrence\Desktop\School\GATech\Spring 2026\PUBP 6727 Cyber Sec Practicum\SourceCodeRepos\GitHub\SCAMR_Helper_SampleSourceCode\Modules\_bisectmodule.c:406"", ""_bisectmodule.c:406"")"
"2","2.19.0","variableScope","style","The scope of the variable &#039;result&#039; can be reduced.","The scope of the variable &#039;result&#039; can be reduced. Warning: Be careful when fixing this message, especially when there are inner loops. Here is an example where cppcheck will write that the scope for &#039;i&#039; can be reduced:
void f(int x)
{
    int i = 0;
    if (x) {
        // it&#039;s safe to move &#039;int i = 0;&#039; here
        for (int n = 0; n &lt; 10; ++n) {
            // it is possible but not safe to move &#039;int i = 0;&#039; here
            do_something(&amp;i);
        }
    }
}
When you see this message it is always safe to reduce the variable scope 1 level.","398","","C:\Users\lawrence\Desktop\School\GATech\Spring 2026\PUBP 6727 Cyber Sec Practicum\SourceCodeRepos\GitHub\SCAMR_Helper_SampleSourceCode\Modules\_bisectmodule.c","207","15","","=HYPERLINK(""vscode://file/C:\Users\lawrence\Desktop\School\GATech\Spring 2026\PUBP 6727 Cyber Sec Practicum\SourceCodeRepos\GitHub\SCAMR_Helper_SampleSourceCode\Modules\_bisectmodule.c:207"", ""_bisectmodule.c:207"")"
"2","2.19.0","variableScope","style","The scope of the variable &#039;result&#039; can be reduced.","The scope of the variable &#039;result&#039; can be reduced. Warning: Be careful when fixing this message, especially when there are inner loops. Here is an example where cppcheck will write that the scope for &#039;i&#039; can be reduced:
void f(int x)
{
    int i = 0;
    if (x) {
        // it&#039;s safe to move &#039;int i = 0;&#039; here
        for (int n = 0; n &lt; 10; ++n) {
            // it is possible but not safe to move &#039;int i = 0;&#039; here
            do_something(&amp;i);
        }
    }
}
When you see this message it is always safe to reduce the variable scope 1 level.","398","","C:\Users\lawrence\Desktop\School\GATech\Spring 2026\PUBP 6727 Cyber Sec Practicum\SourceCodeRepos\GitHub\SCAMR_Helper_SampleSourceCode\Modules\_bisectmodule.c","389","15","","=HYPERLINK(""vscode://file/C:\Users\lawrence\Desktop\School\GATech\Spring 2026\PUBP 6727 Cyber Sec Practicum\SourceCodeRepos\GitHub\SCAMR_Helper_SampleSourceCode\Modules\_bisectmodule.c:389"", ""_bisectmodule.c:389"")"
"2","2.19.0","missingInclude","information","Include file: &quot;pycore_abstract.h&quot; not found.","Include file: &quot;pycore_abstract.h&quot; not found.","","","C:\Users\lawrence\Desktop\School\GATech\Spring 2026\PUBP 6727 Cyber Sec Practicum\SourceCodeRepos\GitHub\SCAMR_Helper_SampleSourceCode\Modules\clinic\_bisectmodule.c.h","9","2","","=HYPERLINK(""vscode://file/C:\Users\lawrence\Desktop\School\GATech\Spring 2026\PUBP 6727 Cyber Sec Practicum\SourceCodeRepos\GitHub\SCAMR_Helper_SampleSourceCode\Modules\clinic\_bisectmodule.c.h:9"", ""_bisectmodule.c.h:9"")"
"2","2.19.0","missingInclude","information","Include file: &quot;pycore_modsupport.h&quot; not found.","Include file: &quot;pycore_modsupport.h&quot; not found.","","","C:\Users\lawrence\Desktop\School\GATech\Spring 2026\PUBP 6727 Cyber Sec Practicum\SourceCodeRepos\GitHub\SCAMR_Helper_SampleSourceCode\Modules\clinic\_bisectmodule.c.h","10","2","","=HYPERLINK(""vscode://file/C:\Users\lawrence\Desktop\School\GATech\Spring 2026\PUBP 6727 Cyber Sec Practicum\SourceCodeRepos\GitHub\SCAMR_Helper_SampleSourceCode\Modules\clinic\_bisectmodule.c.h:10"", ""_bisectmodule.c.h:10"")"
"2","2.19.0","missingInclude","information","Include file: &quot;Python.h&quot; not found.","Include file: &quot;Python.h&quot; not found.","","","C:\Users\lawrence\Desktop\School\GATech\Spring 2026\PUBP 6727 Cyber Sec Practicum\SourceCodeRepos\GitHub\SCAMR_Helper_SampleSourceCode\Modules\_bz2module.c","7","2","","=HYPERLINK(""vscode://file/C:\Users\lawrence\Desktop\School\GATech\Spring 2026\PUBP 6727 Cyber Sec Practicum\SourceCodeRepos\GitHub\SCAMR_Helper_SampleSourceCode\Modules\_bz2module.c:7"", ""_bz2module.c:7"")"
"2","2.19.0","missingIncludeSystem","information","Include file: &lt;bzlib.h&gt; not found. Please note: Cppcheck does not need standard library headers to get proper results.","Include file: &lt;bzlib.h&gt; not found. Please note: Cppcheck does not need standard library headers to get proper results.","","","C:\Users\lawrence\Desktop\School\GATech\Spring 2026\PUBP 6727 Cyber Sec Practicum\SourceCodeRepos\GitHub\SCAMR_Helper_SampleSourceCode\Modules\_bz2module.c","9","2","","=HYPERLINK(""vscode://file/C:\Users\lawrence\Desktop\School\GATech\Spring 2026\PUBP 6727 Cyber Sec Practicum\SourceCodeRepos\GitHub\SCAMR_Helper_SampleSourceCode\Modules\_bz2module.c:9"", ""_bz2module.c:9"")"
"2","2.19.0","missingIncludeSystem","information","Include file: &lt;stdio.h&gt; not found. Please note: Cppcheck does not need standard library headers to get proper results.","Include file: &lt;stdio.h&gt; not found. Please note: Cppcheck does not need standard library headers to get proper results.","","","C:\Users\lawrence\Desktop\School\GATech\Spring 2026\PUBP 6727 Cyber Sec Practicum\SourceCodeRepos\GitHub\SCAMR_Helper_SampleSourceCode\Modules\_bz2module.c","10","2","","=HYPERLINK(""vscode://file/C:\Users\lawrence\Desktop\School\GATech\Spring 2026\PUBP 6727 Cyber Sec Practicum\SourceCodeRepos\GitHub\SCAMR_Helper_SampleSourceCode\Modules\_bz2module.c:10"", ""_bz2module.c:10"")"
"2","2.19.0","missingIncludeSystem","information","Include file: &lt;stddef.h&gt; not found. Please note: Cppcheck does not need standard library headers to get proper results.","Include file: &lt;stddef.h&gt; not found. Please note: Cppcheck does not need standard library headers to get proper results.","","","C:\Users\lawrence\Desktop\School\GATech\Spring 2026\PUBP 6727 Cyber Sec Practicum\SourceCodeRepos\GitHub\SCAMR_Helper_SampleSourceCode\Modules\_bz2module.c","11","2","","=HYPERLINK(""vscode://file/C:\Users\lawrence\Desktop\School\GATech\Spring 2026\PUBP 6727 Cyber Sec Practicum\SourceCodeRepos\GitHub\SCAMR_Helper_SampleSourceCode\Modules\_bz2module.c:11"", ""_bz2module.c:11"")"
"2","2.19.0","missingInclude","information","Include file: &quot;pycore_blocks_output_buffer.h&quot; not found.","Include file: &quot;pycore_blocks_output_buffer.h&quot; not found.","","","C:\Users\lawrence\Desktop\School\GATech\Spring 2026\PUBP 6727 Cyber Sec Practicum\SourceCodeRepos\GitHub\SCAMR_Helper_SampleSourceCode\Modules\_bz2module.c","14","2","","=HYPERLINK(""vscode://file/C:\Users\lawrence\Desktop\School\GATech\Spring 2026\PUBP 6727 Cyber Sec Practicum\SourceCodeRepos\GitHub\SCAMR_Helper_SampleSourceCode\Modules\_bz2module.c:14"", ""_bz2module.c:14"")"
"2","2.19.0","missingInclude","information","Include file: &quot;pycore_pyatomic_ft_wrappers.h&quot; not found.","Include file: &quot;pycore_pyatomic_ft_wrappers.h&quot; not found.","","","C:\Users\lawrence\Desktop\School\GATech\Spring 2026\PUBP 6727 Cyber Sec Practicum\SourceCodeRepos\GitHub\SCAMR_Helper_SampleSourceCode\Modules\_bz2module.c","15","2","","=HYPERLINK(""vscode://file/C:\Users\lawrence\Desktop\School\GATech\Spring 2026\PUBP 6727 Cyber Sec Practicum\SourceCodeRepos\GitHub\SCAMR_Helper_SampleSourceCode\Modules\_bz2module.c:15"", ""_bz2module.c:15"")"
"2","2.19.0","normalCheckLevelMaxBranches","information","Limiting analysis of branches. Use --check-level=exhaustive to analyze all branches.","Limiting analysis of branches. Use --check-level=exhaustive to analyze all branches.","","","C:\Users\lawrence\Desktop\School\GATech\Spring 2026\PUBP 6727 Cyber Sec Practicum\SourceCodeRepos\GitHub\SCAMR_Helper_SampleSourceCode\Modules\_bz2module.c","0","","","=HYPERLINK(""vscode://file/C:\Users\lawrence\Desktop\School\GATech\Spring 2026\PUBP 6727 Cyber Sec Practicum\SourceCodeRepos\GitHub\SCAMR_Helper_SampleSourceCode\Modules\_bz2module.c:0"", ""_bz2module.c:0"")"
"2","2.19.0","constParameterCallback","style","Parameter &#039;ctx&#039; can be declared as pointer to const. However it seems that &#039;BZ2_Malloc&#039; is a callback function, if &#039;ctx&#039; is declared with const you might also need to cast function pointer(s).","Parameter &#039;ctx&#039; can be declared as pointer to const. However it seems that &#039;BZ2_Malloc&#039; is a callback function, if &#039;ctx&#039; is declared with const you might also need to cast function pointer(s).","398","","C:\Users\lawrence\Desktop\School\GATech\Spring 2026\PUBP 6727 Cyber Sec Practicum\SourceCodeRepos\GitHub\SCAMR_Helper_SampleSourceCode\Modules\_bz2module.c","303","18","Parameter &#039;ctx&#039; can be declared as pointer to const","=HYPERLINK(""vscode://file/C:\Users\lawrence\Desktop\School\GATech\Spring 2026\PUBP 6727 Cyber Sec Practicum\SourceCodeRepos\GitHub\SCAMR_Helper_SampleSourceCode\Modules\_bz2module.c:303"", ""_bz2module.c:303"")"
"2","2.19.0","constParameterCallback","style","Parameter &#039;ctx&#039; can be declared as pointer to const. However it seems that &#039;BZ2_Malloc&#039; is a callback function, if &#039;ctx&#039; is declared with const you might also need to cast function pointer(s).","Parameter &#039;ctx&#039; can be declared as pointer to const. However it seems that &#039;BZ2_Malloc&#039; is a callback function, if &#039;ctx&#039; is declared with const you might also need to cast function pointer(s).","398","","C:\Users\lawrence\Desktop\School\GATech\Spring 2026\PUBP 6727 Cyber Sec Practicum\SourceCodeRepos\GitHub\SCAMR_Helper_SampleSourceCode\Modules\_bz2module.c","354","25","You might need to cast the function pointer here","=HYPERLINK(""vscode://file/C:\Users\lawrence\Desktop\School\GATech\Spring 2026\PUBP 6727 Cyber Sec Practicum\SourceCodeRepos\GitHub\SCAMR_Helper_SampleSourceCode\Modules\_bz2module.c:354"", ""_bz2module.c:354"")"
"2","2.19.0","unusedVariable","style","Unused variable: bzerror","Unused variable: bzerror","563","","C:\Users\lawrence\Desktop\School\GATech\Spring 2026\PUBP 6727 Cyber Sec Practicum\SourceCodeRepos\GitHub\SCAMR_Helper_SampleSourceCode\Modules\_bz2module.c","194","13","","=HYPERLINK(""vscode://file/C:\Users\lawrence\Desktop\School\GATech\Spring 2026\PUBP 6727 Cyber Sec Practicum\SourceCodeRepos\GitHub\SCAMR_Helper_SampleSourceCode\Modules\_bz2module.c:194"", ""_bz2module.c:194"")"
"2","2.19.0","unusedVariable","style","Unused variable: bzret","Unused variable: bzret","563","","C:\Users\lawrence\Desktop\School\GATech\Spring 2026\PUBP 6727 Cyber Sec Practicum\SourceCodeRepos\GitHub\SCAMR_Helper_SampleSourceCode\Modules\_bz2module.c","424","13","","=HYPERLINK(""vscode://file/C:\Users\lawrence\Desktop\School\GATech\Spring 2026\PUBP 6727 Cyber Sec Practicum\SourceCodeRepos\GitHub\SCAMR_Helper_SampleSourceCode\Modules\_bz2module.c:424"", ""_bz2module.c:424"")"
"2","2.19.0","missingInclude","information","Include file: &quot;pycore_abstract.h&quot; not found.","Include file: &quot;pycore_abstract.h&quot; not found.","","","C:\Users\lawrence\Desktop\School\GATech\Spring 2026\PUBP 6727 Cyber Sec Practicum\SourceCodeRepos\GitHub\SCAMR_Helper_SampleSourceCode\Modules\clinic\_bz2module.c.h","9","2","","=HYPERLINK(""vscode://file/C:\Users\lawrence\Desktop\School\GATech\Spring 2026\PUBP 6727 Cyber Sec Practicum\SourceCodeRepos\GitHub\SCAMR_Helper_SampleSourceCode\Modules\clinic\_bz2module.c.h:9"", ""_bz2module.c.h:9"")"
"2","2.19.0","missingInclude","information","Include file: &quot;pycore_modsupport.h&quot; not found.","Include file: &quot;pycore_modsupport.h&quot; not found.","","","C:\Users\lawrence\Desktop\School\GATech\Spring 2026\PUBP 6727 Cyber Sec Practicum\SourceCodeRepos\GitHub\SCAMR_Helper_SampleSourceCode\Modules\clinic\_bz2module.c.h","10","2","","=HYPERLINK(""vscode://file/C:\Users\lawrence\Desktop\School\GATech\Spring 2026\PUBP 6727 Cyber Sec Practicum\SourceCodeRepos\GitHub\SCAMR_Helper_SampleSourceCode\Modules\clinic\_bz2module.c.h:10"", ""_bz2module.c.h:10"")"
"2","2.19.0","constVariablePointer","style","Variable &#039;base_tp&#039; can be declared as pointer to const","Variable &#039;base_tp&#039; can be declared as pointer to const","398","","C:\Users\lawrence\Desktop\School\GATech\Spring 2026\PUBP 6727 Cyber Sec Practicum\SourceCodeRepos\GitHub\SCAMR_Helper_SampleSourceCode\Modules\clinic\_bz2module.c.h","89","19","","=HYPERLINK(""vscode://file/C:\Users\lawrence\Desktop\School\GATech\Spring 2026\PUBP 6727 Cyber Sec Practicum\SourceCodeRepos\GitHub\SCAMR_Helper_SampleSourceCode\Modules\clinic\_bz2module.c.h:89"", ""_bz2module.c.h:89"")"
"2","2.19.0","constVariablePointer","style","Variable &#039;base_tp&#039; can be declared as pointer to const","Variable &#039;base_tp&#039; can be declared as pointer to const","398","","C:\Users\lawrence\Desktop\School\GATech\Spring 2026\PUBP 6727 Cyber Sec Practicum\SourceCodeRepos\GitHub\SCAMR_Helper_SampleSourceCode\Modules\clinic\_bz2module.c.h","225","19","","=HYPERLINK(""vscode://file/C:\Users\lawrence\Desktop\School\GATech\Spring 2026\PUBP 6727 Cyber Sec Practicum\SourceCodeRepos\GitHub\SCAMR_Helper_SampleSourceCode\Modules\clinic\_bz2module.c.h:225"", ""_bz2module.c.h:225"")"
"2","2.19.0","missingInclude","information","Include file: &quot;Python.h&quot; not found.","Include file: &quot;Python.h&quot; not found.","","","C:\Users\lawrence\Desktop\School\GATech\Spring 2026\PUBP 6727 Cyber Sec Practicum\SourceCodeRepos\GitHub\SCAMR_Helper_SampleSourceCode\Modules\_codecsmodule.c","33","2","","=HYPERLINK(""vscode://file/C:\Users\lawrence\Desktop\School\GATech\Spring 2026\PUBP 6727 Cyber Sec Practicum\SourceCodeRepos\GitHub\SCAMR_Helper_SampleSourceCode\Modules\_codecsmodule.c:33"", ""_codecsmodule.c:33"")"
"2","2.19.0","missingInclude","information","Include file: &quot;pycore_codecs.h&quot; not found.","Include file: &quot;pycore_codecs.h&quot; not found.","","","C:\Users\lawrence\Desktop\School\GATech\Spring 2026\PUBP 6727 Cyber Sec Practicum\SourceCodeRepos\GitHub\SCAMR_Helper_SampleSourceCode\Modules\_codecsmodule.c","34","2","","=HYPERLINK(""vscode://file/C:\Users\lawrence\Desktop\School\GATech\Spring 2026\PUBP 6727 Cyber Sec Practicum\SourceCodeRepos\GitHub\SCAMR_Helper_SampleSourceCode\Modules\_codecsmodule.c:34"", ""_codecsmodule.c:34"")"
"2","2.19.0","missingInclude","information","Include file: &quot;pycore_unicodeobject.h&quot; not found.","Include file: &quot;pycore_unicodeobject.h&quot; not found.","","","C:\Users\lawrence\Desktop\School\GATech\Spring 2026\PUBP 6727 Cyber Sec Practicum\SourceCodeRepos\GitHub\SCAMR_Helper_SampleSourceCode\Modules\_codecsmodule.c","35","2","","=HYPERLINK(""vscode://file/C:\Users\lawrence\Desktop\School\GATech\Spring 2026\PUBP 6727 Cyber Sec Practicum\SourceCodeRepos\GitHub\SCAMR_Helper_SampleSourceCode\Modules\_codecsmodule.c:35"", ""_codecsmodule.c:35"")"
"2","2.19.0","missingInclude","information","Include file: &quot;pycore_runtime.h&quot; not found.","Include file: &quot;pycore_runtime.h&quot; not found.","","","C:\Users\lawrence\Desktop\School\GATech\Spring 2026\PUBP 6727 Cyber Sec Practicum\SourceCodeRepos\GitHub\SCAMR_Helper_SampleSourceCode\Modules\_codecsmodule.c","46","2","","=HYPERLINK(""vscode://file/C:\Users\lawrence\Desktop\School\GATech\Spring 2026\PUBP 6727 Cyber Sec Practicum\SourceCodeRepos\GitHub\SCAMR_Helper_SampleSourceCode\Modules\_codecsmodule.c:46"", ""_codecsmodule.c:46"")"
"2","2.19.0","normalCheckLevelMaxBranches","information","Limiting analysis of branches. Use --check-level=exhaustive to analyze all branches.","Limiting analysis of branches. Use --check-level=exhaustive to analyze all branches.","","","C:\Users\lawrence\Desktop\School\GATech\Spring 2026\PUBP 6727 Cyber Sec Practicum\SourceCodeRepos\GitHub\SCAMR_Helper_SampleSourceCode\Modules\_codecsmodule.c","0","","","=HYPERLINK(""vscode://file/C:\Users\lawrence\Desktop\School\GATech\Spring 2026\PUBP 6727 Cyber Sec Practicum\SourceCodeRepos\GitHub\SCAMR_Helper_SampleSourceCode\Modules\_codecsmodule.c:0"", ""_codecsmodule.c:0"")"
"2","2.19.0","missingReturn","error","Found an exit path from function with non-void return type that has missing return statement","Found an exit path from function with non-void return type that has missing return statement","758","","C:\Users\lawrence\Desktop\School\GATech\Spring 2026\PUBP 6727 Cyber Sec Practicum\SourceCodeRepos\GitHub\SCAMR_Helper_SampleSourceCode\Modules\_codecsmodule.c","68","20","","=HYPERLINK(""vscode://file/C:\Users\lawrence\Desktop\School\GATech\Spring 2026\PUBP 6727 Cyber Sec Practicum\SourceCodeRepos\GitHub\SCAMR_Helper_SampleSourceCode\Modules\_codecsmodule.c:68"", ""_codecsmodule.c:68"")"
"2","2.19.0","missingReturn","error","Found an exit path from function with non-void return type that has missing return statement","Found an exit path from function with non-void return type that has missing return statement","758","","C:\Users\lawrence\Desktop\School\GATech\Spring 2026\PUBP 6727 Cyber Sec Practicum\SourceCodeRepos\GitHub\SCAMR_Helper_SampleSourceCode\Modules\_codecsmodule.c","89","5","","=HYPERLINK(""vscode://file/C:\Users\lawrence\Desktop\School\GATech\Spring 2026\PUBP 6727 Cyber Sec Practicum\SourceCodeRepos\GitHub\SCAMR_Helper_SampleSourceCode\Modules\_codecsmodule.c:89"", ""_codecsmodule.c:89"")"
"2","2.19.0","missingReturn","error","Found an exit path from function with non-void return type that has missing return statement","Found an exit path from function with non-void return type that has missing return statement","758","","C:\Users\lawrence\Desktop\School\GATech\Spring 2026\PUBP 6727 Cyber Sec Practicum\SourceCodeRepos\GitHub\SCAMR_Helper_SampleSourceCode\Modules\_codecsmodule.c","975","20","","=HYPERLINK(""vscode://file/C:\Users\lawrence\Desktop\School\GATech\Spring 2026\PUBP 6727 Cyber Sec Practicum\SourceCodeRepos\GitHub\SCAMR_Helper_SampleSourceCode\Modules\_codecsmodule.c:975"", ""_codecsmodule.c:975"")"
"2","2.19.0","constParameterPointer","style","Parameter &#039;module&#039; can be declared as pointer to const","Parameter &#039;module&#039; can be declared as pointer to const","398","","C:\Users\lawrence\Desktop\School\GATech\Spring 2026\PUBP 6727 Cyber Sec Practicum\SourceCodeRepos\GitHub\SCAMR_Helper_SampleSourceCode\Modules\_codecsmodule.c","104","31","","=HYPERLINK(""vscode://file/C:\Users\lawrence\Desktop\School\GATech\Spring 2026\PUBP 6727 Cyber Sec Practicum\SourceCodeRepos\GitHub\SCAMR_Helper_SampleSourceCode\Modules\_codecsmodule.c:104"", ""_codecsmodule.c:104"")"
"2","2.19.0","constParameterPointer","style","Parameter &#039;module&#039; can be declared as pointer to const","Parameter &#039;module&#039; can be declared as pointer to const","398","","C:\Users\lawrence\Desktop\School\GATech\Spring 2026\PUBP 6727 Cyber Sec Practicum\SourceCodeRepos\GitHub\SCAMR_Helper_SampleSourceCode\Modules\_codecsmodule.c","997","42","","=HYPERLINK(""vscode://file/C:\Users\lawrence\Desktop\School\GATech\Spring 2026\PUBP 6727 Cyber Sec Practicum\SourceCodeRepos\GitHub\SCAMR_Helper_SampleSourceCode\Modules\_codecsmodule.c:997"", ""_codecsmodule.c:997"")"
"2","2.19.0","constParameterPointer","style","Parameter &#039;module&#039; can be declared as pointer to const","Parameter &#039;module&#039; can be declared as pointer to const","398","","C:\Users\lawrence\Desktop\School\GATech\Spring 2026\PUBP 6727 Cyber Sec Practicum\SourceCodeRepos\GitHub\SCAMR_Helper_SampleSourceCode\Modules\_codecsmodule.c","1015","37","","=HYPERLINK(""vscode://file/C:\Users\lawrence\Desktop\School\GATech\Spring 2026\PUBP 6727 Cyber Sec Practicum\SourceCodeRepos\GitHub\SCAMR_Helper_SampleSourceCode\Modules\_codecsmodule.c:1015"", ""_codecsmodule.c:1015"")"
"2","2.19.0","missingIncludeSystem","information","Include file: &lt;windows.h&gt; not found. Please note: Cppcheck does not need standard library headers to get proper results.","Include file: &lt;windows.h&gt; not found. Please note: Cppcheck does not need standard library headers to get proper results.","","","C:\Users\lawrence\Desktop\School\GATech\Spring 2026\PUBP 6727 Cyber Sec Practicum\SourceCodeRepos\GitHub\SCAMR_Helper_SampleSourceCode\Modules\_codecsmodule.c","38","2","","=HYPERLINK(""vscode://file/C:\Users\lawrence\Desktop\School\GATech\Spring 2026\PUBP 6727 Cyber Sec Practicum\SourceCodeRepos\GitHub\SCAMR_Helper_SampleSourceCode\Modules\_codecsmodule.c:38"", ""_codecsmodule.c:38"")"
"2","2.19.0","missingInclude","information","Include file: &quot;pycore_modsupport.h&quot; not found.","Include file: &quot;pycore_modsupport.h&quot; not found.","","","C:\Users\lawrence\Desktop\School\GATech\Spring 2026\PUBP 6727 Cyber Sec Practicum\SourceCodeRepos\GitHub\SCAMR_Helper_SampleSourceCode\Modules\clinic\_codecsmodule.c.h","9","2","","=HYPERLINK(""vscode://file/C:\Users\lawrence\Desktop\School\GATech\Spring 2026\PUBP 6727 Cyber Sec Practicum\SourceCodeRepos\GitHub\SCAMR_Helper_SampleSourceCode\Modules\clinic\_codecsmodule.c.h:9"", ""_codecsmodule.c.h:9"")"
"2","2.19.0","missingInclude","information","Include file: &quot;Python.h&quot; not found.","Include file: &quot;Python.h&quot; not found.","","","C:\Users\lawrence\Desktop\School\GATech\Spring 2026\PUBP 6727 Cyber Sec Practicum\SourceCodeRepos\GitHub\SCAMR_Helper_SampleSourceCode\Modules\_collectionsmodule.c","1","2","","=HYPERLINK(""vscode://file/C:\Users\lawrence\Desktop\School\GATech\Spring 2026\PUBP 6727 Cyber Sec Practicum\SourceCodeRepos\GitHub\SCAMR_Helper_SampleSourceCode\Modules\_collectionsmodule.c:1"", ""_collectionsmodule.c:1"")"
"2","2.19.0","missingInclude","information","Include file: &quot;pycore_call.h&quot; not found.","Include file: &quot;pycore_call.h&quot; not found.","","","C:\Users\lawrence\Desktop\School\GATech\Spring 2026\PUBP 6727 Cyber Sec Practicum\SourceCodeRepos\GitHub\SCAMR_Helper_SampleSourceCode\Modules\_collectionsmodule.c","2","2","","=HYPERLINK(""vscode://file/C:\Users\lawrence\Desktop\School\GATech\Spring 2026\PUBP 6727 Cyber Sec Practicum\SourceCodeRepos\GitHub\SCAMR_Helper_SampleSourceCode\Modules\_collectionsmodule.c:2"", ""_collectionsmodule.c:2"")"
"2","2.19.0","missingInclude","information","Include file: &quot;pycore_dict.h&quot; not found.","Include file: &quot;pycore_dict.h&quot; not found.","","","C:\Users\lawrence\Desktop\School\GATech\Spring 2026\PUBP 6727 Cyber Sec Practicum\SourceCodeRepos\GitHub\SCAMR_Helper_SampleSourceCode\Modules\_collectionsmodule.c","3","2","","=HYPERLINK(""vscode://file/C:\Users\lawrence\Desktop\School\GATech\Spring 2026\PUBP 6727 Cyber Sec Practicum\SourceCodeRepos\GitHub\SCAMR_Helper_SampleSourceCode\Modules\_collectionsmodule.c:3"", ""_collectionsmodule.c:3"")"
"2","2.19.0","missingInclude","information","Include file: &quot;pycore_long.h&quot; not found.","Include file: &quot;pycore_long.h&quot; not found.","","","C:\Users\lawrence\Desktop\School\GATech\Spring 2026\PUBP 6727 Cyber Sec Practicum\SourceCodeRepos\GitHub\SCAMR_Helper_SampleSourceCode\Modules\_collectionsmodule.c","4","2","","=HYPERLINK(""vscode://file/C:\Users\lawrence\Desktop\School\GATech\Spring 2026\PUBP 6727 Cyber Sec Practicum\SourceCodeRepos\GitHub\SCAMR_Helper_SampleSourceCode\Modules\_collectionsmodule.c:4"", ""_collectionsmodule.c:4"")"
"2","2.19.0","missingInclude","information","Include file: &quot;pycore_moduleobject.h&quot; not found.","Include file: &quot;pycore_moduleobject.h&quot; not found.","","","C:\Users\lawrence\Desktop\School\GATech\Spring 2026\PUBP 6727 Cyber Sec Practicum\SourceCodeRepos\GitHub\SCAMR_Helper_SampleSourceCode\Modules\_collectionsmodule.c","5","2","","=HYPERLINK(""vscode://file/C:\Users\lawrence\Desktop\School\GATech\Spring 2026\PUBP 6727 Cyber Sec Practicum\SourceCodeRepos\GitHub\SCAMR_Helper_SampleSourceCode\Modules\_collectionsmodule.c:5"", ""_collectionsmodule.c:5"")"
"2","2.19.0","missingInclude","information","Include file: &quot;pycore_pyatomic_ft_wrappers.h&quot; not found.","Include file: &quot;pycore_pyatomic_ft_wrappers.h&quot; not found.","","","C:\Users\lawrence\Desktop\School\GATech\Spring 2026\PUBP 6727 Cyber Sec Practicum\SourceCodeRepos\GitHub\SCAMR_Helper_SampleSourceCode\Modules\_collectionsmodule.c","6","2","","=HYPERLINK(""vscode://file/C:\Users\lawrence\Desktop\School\GATech\Spring 2026\PUBP 6727 Cyber Sec Practicum\SourceCodeRepos\GitHub\SCAMR_Helper_SampleSourceCode\Modules\_collectionsmodule.c:6"", ""_collectionsmodule.c:6"")"
"2","2.19.0","missingInclude","information","Include file: &quot;pycore_typeobject.h&quot; not found.","Include file: &quot;pycore_typeobject.h&quot; not found.","","","C:\Users\lawrence\Desktop\School\GATech\Spring 2026\PUBP 6727 Cyber Sec Practicum\SourceCodeRepos\GitHub\SCAMR_Helper_SampleSourceCode\Modules\_collectionsmodule.c","7","2","","=HYPERLINK(""vscode://file/C:\Users\lawrence\Desktop\School\GATech\Spring 2026\PUBP 6727 Cyber Sec Practicum\SourceCodeRepos\GitHub\SCAMR_Helper_SampleSourceCode\Modules\_collectionsmodule.c:7"", ""_collectionsmodule.c:7"")"
"2","2.19.0","missingInclude","information","Include file: &quot;pycore_weakref.h&quot; not found.","Include file: &quot;pycore_weakref.h&quot; not found.","","","C:\Users\lawrence\Desktop\School\GATech\Spring 2026\PUBP 6727 Cyber Sec Practicum\SourceCodeRepos\GitHub\SCAMR_Helper_SampleSourceCode\Modules\_collectionsmodule.c","8","2","","=HYPERLINK(""vscode://file/C:\Users\lawrence\Desktop\School\GATech\Spring 2026\PUBP 6727 Cyber Sec Practicum\SourceCodeRepos\GitHub\SCAMR_Helper_SampleSourceCode\Modules\_collectionsmodule.c:8"", ""_collectionsmodule.c:8"")"
"2","2.19.0","missingIncludeSystem","information","Include file: &lt;stddef.h&gt; not found. Please note: Cppcheck does not need standard library headers to get proper results.","Include file: &lt;stddef.h&gt; not found. Please note: Cppcheck does not need standard library headers to get proper results.","","","C:\Users\lawrence\Desktop\School\GATech\Spring 2026\PUBP 6727 Cyber Sec Practicum\SourceCodeRepos\GitHub\SCAMR_Helper_SampleSourceCode\Modules\_collectionsmodule.c","10","2","","=HYPERLINK(""vscode://file/C:\Users\lawrence\Desktop\School\GATech\Spring 2026\PUBP 6727 Cyber Sec Practicum\SourceCodeRepos\GitHub\SCAMR_Helper_SampleSourceCode\Modules\_collectionsmodule.c:10"", ""_collectionsmodule.c:10"")"
"2","2.19.0","normalCheckLevelMaxBranches","information","Limiting analysis of branches. Use --check-level=exhaustive to analyze all branches.","Limiting analysis of branches. Use --check-level=exhaustive to analyze all branches.","","","C:\Users\lawrence\Desktop\School\GATech\Spring 2026\PUBP 6727 Cyber Sec Practicum\SourceCodeRepos\GitHub\SCAMR_Helper_SampleSourceCode\Modules\_collectionsmodule.c","0","","","=HYPERLINK(""vscode://file/C:\Users\lawrence\Desktop\School\GATech\Spring 2026\PUBP 6727 Cyber Sec Practicum\SourceCodeRepos\GitHub\SCAMR_Helper_SampleSourceCode\Modules\_collectionsmodule.c:0"", ""_collectionsmodule.c:0"")"
"2","2.19.0","missingReturn","error","Found an exit path from function with non-void return type that has missing return statement","Found an exit path from function with non-void return type that has missing return statement","758","","C:\Users\lawrence\Desktop\School\GATech\Spring 2026\PUBP 6727 Cyber Sec Practicum\SourceCodeRepos\GitHub\SCAMR_Helper_SampleSourceCode\Modules\_collectionsmodule.c","382","20","","=HYPERLINK(""vscode://file/C:\Users\lawrence\Desktop\School\GATech\Spring 2026\PUBP 6727 Cyber Sec Practicum\SourceCodeRepos\GitHub\SCAMR_Helper_SampleSourceCode\Modules\_collectionsmodule.c:382"", ""_collectionsmodule.c:382"")"
"2","2.19.0","missingReturn","error","Found an exit path from function with non-void return type that has missing return statement","Found an exit path from function with non-void return type that has missing return statement","758","","C:\Users\lawrence\Desktop\School\GATech\Spring 2026\PUBP 6727 Cyber Sec Practicum\SourceCodeRepos\GitHub\SCAMR_Helper_SampleSourceCode\Modules\_collectionsmodule.c","429","20","","=HYPERLINK(""vscode://file/C:\Users\lawrence\Desktop\School\GATech\Spring 2026\PUBP 6727 Cyber Sec Practicum\SourceCodeRepos\GitHub\SCAMR_Helper_SampleSourceCode\Modules\_collectionsmodule.c:429"", ""_collectionsmodule.c:429"")"
"2","2.19.0","missingReturn","error","Found an exit path from function with non-void return type that has missing return statement","Found an exit path from function with non-void return type that has missing return statement","758","","C:\Users\lawrence\Desktop\School\GATech\Spring 2026\PUBP 6727 Cyber Sec Practicum\SourceCodeRepos\GitHub\SCAMR_Helper_SampleSourceCode\Modules\_collectionsmodule.c","804","5","","=HYPERLINK(""vscode://file/C:\Users\lawrence\Desktop\School\GATech\Spring 2026\PUBP 6727 Cyber Sec Practicum\SourceCodeRepos\GitHub\SCAMR_Helper_SampleSourceCode\Modules\_collectionsmodule.c:804"", ""_collectionsmodule.c:804"")"
"2","2.19.0","missingReturn","error","Found an exit path from function with non-void return type that has missing return statement","Found an exit path from function with non-void return type that has missing return statement","758","","C:\Users\lawrence\Desktop\School\GATech\Spring 2026\PUBP 6727 Cyber Sec Practicum\SourceCodeRepos\GitHub\SCAMR_Helper_SampleSourceCode\Modules\_collectionsmodule.c","1354","20","","=HYPERLINK(""vscode://file/C:\Users\lawrence\Desktop\School\GATech\Spring 2026\PUBP 6727 Cyber Sec Practicum\SourceCodeRepos\GitHub\SCAMR_Helper_SampleSourceCode\Modules\_collectionsmodule.c:1354"", ""_collectionsmodule.c:1354"")"
"2","2.19.0","missingReturn","error","Found an exit path from function with non-void return type that has missing return statement","Found an exit path from function with non-void return type that has missing return statement","758","","C:\Users\lawrence\Desktop\School\GATech\Spring 2026\PUBP 6727 Cyber Sec Practicum\SourceCodeRepos\GitHub\SCAMR_Helper_SampleSourceCode\Modules\_collectionsmodule.c","1481","5","","=HYPERLINK(""vscode://file/C:\Users\lawrence\Desktop\School\GATech\Spring 2026\PUBP 6727 Cyber Sec Practicum\SourceCodeRepos\GitHub\SCAMR_Helper_SampleSourceCode\Modules\_collectionsmodule.c:1481"", ""_collectionsmodule.c:1481"")"
"2","2.19.0","missingReturn","error","Found an exit path from function with non-void return type that has missing return statement","Found an exit path from function with non-void return type that has missing return statement","758","","C:\Users\lawrence\Desktop\School\GATech\Spring 2026\PUBP 6727 Cyber Sec Practicum\SourceCodeRepos\GitHub\SCAMR_Helper_SampleSourceCode\Modules\_collectionsmodule.c","2631","20","","=HYPERLINK(""vscode://file/C:\Users\lawrence\Desktop\School\GATech\Spring 2026\PUBP 6727 Cyber Sec Practicum\SourceCodeRepos\GitHub\SCAMR_Helper_SampleSourceCode\Modules\_collectionsmodule.c:2631"", ""_collectionsmodule.c:2631"")"
"2","2.19.0","knownConditionTrueFalse","style","Condition &#039;start_state!=deque-&gt;state&#039; is always false","Condition &#039;start_state!=deque-&gt;state&#039; is always false","570","","C:\Users\lawrence\Desktop\School\GATech\Spring 2026\PUBP 6727 Cyber Sec Practicum\SourceCodeRepos\GitHub\SCAMR_Helper_SampleSourceCode\Modules\_collectionsmodule.c","1163","25","Condition &#039;start_state!=deque-&gt;state&#039; is always false","=HYPERLINK(""vscode://file/C:\Users\lawrence\Desktop\School\GATech\Spring 2026\PUBP 6727 Cyber Sec Practicum\SourceCodeRepos\GitHub\SCAMR_Helper_SampleSourceCode\Modules\_collectionsmodule.c:1163"", ""_collectionsmodule.c:1163"")"
"2","2.19.0","knownConditionTrueFalse","style","Condition &#039;start_state!=deque-&gt;state&#039; is always false","Condition &#039;start_state!=deque-&gt;state&#039; is always false","570","","C:\Users\lawrence\Desktop\School\GATech\Spring 2026\PUBP 6727 Cyber Sec Practicum\SourceCodeRepos\GitHub\SCAMR_Helper_SampleSourceCode\Modules\_collectionsmodule.c","1159","17","Assuming condition is false","=HYPERLINK(""vscode://file/C:\Users\lawrence\Desktop\School\GATech\Spring 2026\PUBP 6727 Cyber Sec Practicum\SourceCodeRepos\GitHub\SCAMR_Helper_SampleSourceCode\Modules\_collectionsmodule.c:1159"", ""_collectionsmodule.c:1159"")"
"2","2.19.0","knownConditionTrueFalse","style","Condition &#039;start_state!=deque-&gt;state&#039; is always false","Condition &#039;start_state!=deque-&gt;state&#039; is always false","570","","C:\Users\lawrence\Desktop\School\GATech\Spring 2026\PUBP 6727 Cyber Sec Practicum\SourceCodeRepos\GitHub\SCAMR_Helper_SampleSourceCode\Modules\_collectionsmodule.c","1150","24","start_state is assigned &#039;deque-&gt;state&#039; here.","=HYPERLINK(""vscode://file/C:\Users\lawrence\Desktop\School\GATech\Spring 2026\PUBP 6727 Cyber Sec Practicum\SourceCodeRepos\GitHub\SCAMR_Helper_SampleSourceCode\Modules\_collectionsmodule.c:1150"", ""_collectionsmodule.c:1150"")"
"2","2.19.0","knownConditionTrueFalse","style","Condition &#039;start_state!=deque-&gt;state&#039; is always false","Condition &#039;start_state!=deque-&gt;state&#039; is always false","570","","C:\Users\lawrence\Desktop\School\GATech\Spring 2026\PUBP 6727 Cyber Sec Practicum\SourceCodeRepos\GitHub\SCAMR_Helper_SampleSourceCode\Modules\_collectionsmodule.c","1197","25","Condition &#039;start_state!=deque-&gt;state&#039; is always false","=HYPERLINK(""vscode://file/C:\Users\lawrence\Desktop\School\GATech\Spring 2026\PUBP 6727 Cyber Sec Practicum\SourceCodeRepos\GitHub\SCAMR_Helper_SampleSourceCode\Modules\_collectionsmodule.c:1197"", ""_collectionsmodule.c:1197"")"
"2","2.19.0","knownConditionTrueFalse","style","Condition &#039;start_state!=deque-&gt;state&#039; is always false","Condition &#039;start_state!=deque-&gt;state&#039; is always false","570","","C:\Users\lawrence\Desktop\School\GATech\Spring 2026\PUBP 6727 Cyber Sec Practicum\SourceCodeRepos\GitHub\SCAMR_Helper_SampleSourceCode\Modules\_collectionsmodule.c","1194","13","Assuming condition is false","=HYPERLINK(""vscode://file/C:\Users\lawrence\Desktop\School\GATech\Spring 2026\PUBP 6727 Cyber Sec Practicum\SourceCodeRepos\GitHub\SCAMR_Helper_SampleSourceCode\Modules\_collectionsmodule.c:1194"", ""_collectionsmodule.c:1194"")"
"2","2.19.0","knownConditionTrueFalse","style","Condition &#039;start_state!=deque-&gt;state&#039; is always false","Condition &#039;start_state!=deque-&gt;state&#039; is always false","570","","C:\Users\lawrence\Desktop\School\GATech\Spring 2026\PUBP 6727 Cyber Sec Practicum\SourceCodeRepos\GitHub\SCAMR_Helper_SampleSourceCode\Modules\_collectionsmodule.c","1185","24","start_state is assigned &#039;deque-&gt;state&#039; here.","=HYPERLINK(""vscode://file/C:\Users\lawrence\Desktop\School\GATech\Spring 2026\PUBP 6727 Cyber Sec Practicum\SourceCodeRepos\GitHub\SCAMR_Helper_SampleSourceCode\Modules\_collectionsmodule.c:1185"", ""_collectionsmodule.c:1185"")"
"2","2.19.0","knownConditionTrueFalse","style","Condition &#039;start_state!=deque-&gt;state&#039; is always false","Condition &#039;start_state!=deque-&gt;state&#039; is always false","570","","C:\Users\lawrence\Desktop\School\GATech\Spring 2026\PUBP 6727 Cyber Sec Practicum\SourceCodeRepos\GitHub\SCAMR_Helper_SampleSourceCode\Modules\_collectionsmodule.c","1460","25","Condition &#039;start_state!=deque-&gt;state&#039; is always false","=HYPERLINK(""vscode://file/C:\Users\lawrence\Desktop\School\GATech\Spring 2026\PUBP 6727 Cyber Sec Practicum\SourceCodeRepos\GitHub\SCAMR_Helper_SampleSourceCode\Modules\_collectionsmodule.c:1460"", ""_collectionsmodule.c:1460"")"
"2","2.19.0","knownConditionTrueFalse","style","Condition &#039;start_state!=deque-&gt;state&#039; is always false","Condition &#039;start_state!=deque-&gt;state&#039; is always false","570","","C:\Users\lawrence\Desktop\School\GATech\Spring 2026\PUBP 6727 Cyber Sec Practicum\SourceCodeRepos\GitHub\SCAMR_Helper_SampleSourceCode\Modules\_collectionsmodule.c","1457","17","Assuming condition is false","=HYPERLINK(""vscode://file/C:\Users\lawrence\Desktop\School\GATech\Spring 2026\PUBP 6727 Cyber Sec Practicum\SourceCodeRepos\GitHub\SCAMR_Helper_SampleSourceCode\Modules\_collectionsmodule.c:1457"", ""_collectionsmodule.c:1457"")"
"2","2.19.0","knownConditionTrueFalse","style","Condition &#039;start_state!=deque-&gt;state&#039; is always false","Condition &#039;start_state!=deque-&gt;state&#039; is always false","570","","C:\Users\lawrence\Desktop\School\GATech\Spring 2026\PUBP 6727 Cyber Sec Practicum\SourceCodeRepos\GitHub\SCAMR_Helper_SampleSourceCode\Modules\_collectionsmodule.c","1450","24","start_state is assigned &#039;deque-&gt;state&#039; here.","=HYPERLINK(""vscode://file/C:\Users\lawrence\Desktop\School\GATech\Spring 2026\PUBP 6727 Cyber Sec Practicum\SourceCodeRepos\GitHub\SCAMR_Helper_SampleSourceCode\Modules\_collectionsmodule.c:1450"", ""_collectionsmodule.c:1450"")"
"2","2.19.0","variableScope","style","The scope of the variable &#039;m&#039; can be reduced.","The scope of the variable &#039;m&#039; can be reduced. Warning: Be careful when fixing this message, especially when there are inner loops. Here is an example where cppcheck will write that the scope for &#039;i&#039; can be reduced:
void f(int x)
{
    int i = 0;
    if (x) {
        // it&#039;s safe to move &#039;int i = 0;&#039; here
        for (int n = 0; n &lt; 10; ++n) {
            // it is possible but not safe to move &#039;int i = 0;&#039; here
            do_something(&amp;i);
        }
    }
}
When you see this message it is always safe to reduce the variable scope 1 level.","398","","C:\Users\lawrence\Desktop\School\GATech\Spring 2026\PUBP 6727 Cyber Sec Practicum\SourceCodeRepos\GitHub\SCAMR_Helper_SampleSourceCode\Modules\_collectionsmodule.c","810","19","","=HYPERLINK(""vscode://file/C:\Users\lawrence\Desktop\School\GATech\Spring 2026\PUBP 6727 Cyber Sec Practicum\SourceCodeRepos\GitHub\SCAMR_Helper_SampleSourceCode\Modules\_collectionsmodule.c:810"", ""_collectionsmodule.c:810"")"
"2","2.19.0","variableScope","style","The scope of the variable &#039;rv&#039; can be reduced.","The scope of the variable &#039;rv&#039; can be reduced. Warning: Be careful when fixing this message, especially when there are inner loops. Here is an example where cppcheck will write that the scope for &#039;i&#039; can be reduced:
void f(int x)
{
    int i = 0;
    if (x) {
        // it&#039;s safe to move &#039;int i = 0;&#039; here
        for (int n = 0; n &lt; 10; ++n) {
            // it is possible but not safe to move &#039;int i = 0;&#039; here
            do_something(&amp;i);
        }
    }
}
When you see this message it is always safe to reduce the variable scope 1 level.","398","","C:\Users\lawrence\Desktop\School\GATech\Spring 2026\PUBP 6727 Cyber Sec Practicum\SourceCodeRepos\GitHub\SCAMR_Helper_SampleSourceCode\Modules\_collectionsmodule.c","812","15","","=HYPERLINK(""vscode://file/C:\Users\lawrence\Desktop\School\GATech\Spring 2026\PUBP 6727 Cyber Sec Practicum\SourceCodeRepos\GitHub\SCAMR_Helper_SampleSourceCode\Modules\_collectionsmodule.c:812"", ""_collectionsmodule.c:812"")"
"2","2.19.0","variableScope","style","The scope of the variable &#039;item&#039; can be reduced.","The scope of the variable &#039;item&#039; can be reduced. Warning: Be careful when fixing this message, especially when there are inner loops. Here is an example where cppcheck will write that the scope for &#039;i&#039; can be reduced:
void f(int x)
{
    int i = 0;
    if (x) {
        // it&#039;s safe to move &#039;int i = 0;&#039; here
        for (int n = 0; n &lt; 10; ++n) {
            // it is possible but not safe to move &#039;int i = 0;&#039; here
            do_something(&amp;i);
        }
    }
}
When you see this message it is always safe to reduce the variable scope 1 level.","398","","C:\Users\lawrence\Desktop\School\GATech\Spring 2026\PUBP 6727 Cyber Sec Practicum\SourceCodeRepos\GitHub\SCAMR_Helper_SampleSourceCode\Modules\_collectionsmodule.c","1151","15","","=HYPERLINK(""vscode://file/C:\Users\lawrence\Desktop\School\GATech\Spring 2026\PUBP 6727 Cyber Sec Practicum\SourceCodeRepos\GitHub\SCAMR_Helper_SampleSourceCode\Modules\_collectionsmodule.c:1151"", ""_collectionsmodule.c:1151"")"
"2","2.19.0","variableScope","style","The scope of the variable &#039;cmp&#039; can be reduced.","The scope of the variable &#039;cmp&#039; can be reduced. Warning: Be careful when fixing this message, especially when there are inner loops. Here is an example where cppcheck will write that the scope for &#039;i&#039; can be reduced:
void f(int x)
{
    int i = 0;
    if (x) {
        // it&#039;s safe to move &#039;int i = 0;&#039; here
        for (int n = 0; n &lt; 10; ++n) {
            // it is possible but not safe to move &#039;int i = 0;&#039; here
            do_something(&amp;i);
        }
    }
}
When you see this message it is always safe to reduce the variable scope 1 level.","398","","C:\Users\lawrence\Desktop\School\GATech\Spring 2026\PUBP 6727 Cyber Sec Practicum\SourceCodeRepos\GitHub\SCAMR_Helper_SampleSourceCode\Modules\_collectionsmodule.c","1152","9","","=HYPERLINK(""vscode://file/C:\Users\lawrence\Desktop\School\GATech\Spring 2026\PUBP 6727 Cyber Sec Practicum\SourceCodeRepos\GitHub\SCAMR_Helper_SampleSourceCode\Modules\_collectionsmodule.c:1152"", ""_collectionsmodule.c:1152"")"
"2","2.19.0","variableScope","style","The scope of the variable &#039;item&#039; can be reduced.","The scope of the variable &#039;item&#039; can be reduced. Warning: Be careful when fixing this message, especially when there are inner loops. Here is an example where cppcheck will write that the scope for &#039;i&#039; can be reduced:
void f(int x)
{
    int i = 0;
    if (x) {
        // it&#039;s safe to move &#039;int i = 0;&#039; here
        for (int n = 0; n &lt; 10; ++n) {
            // it is possible but not safe to move &#039;int i = 0;&#039; here
            do_something(&amp;i);
        }
    }
}
When you see this message it is always safe to reduce the variable scope 1 level.","398","","C:\Users\lawrence\Desktop\School\GATech\Spring 2026\PUBP 6727 Cyber Sec Practicum\SourceCodeRepos\GitHub\SCAMR_Helper_SampleSourceCode\Modules\_collectionsmodule.c","1186","15","","=HYPERLINK(""vscode://file/C:\Users\lawrence\Desktop\School\GATech\Spring 2026\PUBP 6727 Cyber Sec Practicum\SourceCodeRepos\GitHub\SCAMR_Helper_SampleSourceCode\Modules\_collectionsmodule.c:1186"", ""_collectionsmodule.c:1186"")"
"2","2.19.0","variableScope","style","The scope of the variable &#039;cmp&#039; can be reduced.","The scope of the variable &#039;cmp&#039; can be reduced. Warning: Be careful when fixing this message, especially when there are inner loops. Here is an example where cppcheck will write that the scope for &#039;i&#039; can be reduced:
void f(int x)
{
    int i = 0;
    if (x) {
        // it&#039;s safe to move &#039;int i = 0;&#039; here
        for (int n = 0; n &lt; 10; ++n) {
            // it is possible but not safe to move &#039;int i = 0;&#039; here
            do_something(&amp;i);
        }
    }
}
When you see this message it is always safe to reduce the variable scope 1 level.","398","","C:\Users\lawrence\Desktop\School\GATech\Spring 2026\PUBP 6727 Cyber Sec Practicum\SourceCodeRepos\GitHub\SCAMR_Helper_SampleSourceCode\Modules\_collectionsmodule.c","1187","9","","=HYPERLINK(""vscode://file/C:\Users\lawrence\Desktop\School\GATech\Spring 2026\PUBP 6727 Cyber Sec Practicum\SourceCodeRepos\GitHub\SCAMR_Helper_SampleSourceCode\Modules\_collectionsmodule.c:1187"", ""_collectionsmodule.c:1187"")"
"2","2.19.0","variableScope","style","The scope of the variable &#039;item&#039; can be reduced.","The scope of the variable &#039;item&#039; can be reduced. Warning: Be careful when fixing this message, especially when there are inner loops. Here is an example where cppcheck will write that the scope for &#039;i&#039; can be reduced:
void f(int x)
{
    int i = 0;
    if (x) {
        // it&#039;s safe to move &#039;int i = 0;&#039; here
        for (int n = 0; n &lt; 10; ++n) {
            // it is possible but not safe to move &#039;int i = 0;&#039; here
            do_something(&amp;i);
        }
    }
}
When you see this message it is always safe to reduce the variable scope 1 level.","398","","C:\Users\lawrence\Desktop\School\GATech\Spring 2026\PUBP 6727 Cyber Sec Practicum\SourceCodeRepos\GitHub\SCAMR_Helper_SampleSourceCode\Modules\_collectionsmodule.c","1251","15","","=HYPERLINK(""vscode://file/C:\Users\lawrence\Desktop\School\GATech\Spring 2026\PUBP 6727 Cyber Sec Practicum\SourceCodeRepos\GitHub\SCAMR_Helper_SampleSourceCode\Modules\_collectionsmodule.c:1251"", ""_collectionsmodule.c:1251"")"
"2","2.19.0","variableScope","style","The scope of the variable &#039;cmp&#039; can be reduced.","The scope of the variable &#039;cmp&#039; can be reduced. Warning: Be careful when fixing this message, especially when there are inner loops. Here is an example where cppcheck will write that the scope for &#039;i&#039; can be reduced:
void f(int x)
{
    int i = 0;
    if (x) {
        // it&#039;s safe to move &#039;int i = 0;&#039; here
        for (int n = 0; n &lt; 10; ++n) {
            // it is possible but not safe to move &#039;int i = 0;&#039; here
            do_something(&amp;i);
        }
    }
}
When you see this message it is always safe to reduce the variable scope 1 level.","398","","C:\Users\lawrence\Desktop\School\GATech\Spring 2026\PUBP 6727 Cyber Sec Practicum\SourceCodeRepos\GitHub\SCAMR_Helper_SampleSourceCode\Modules\_collectionsmodule.c","1255","9","","=HYPERLINK(""vscode://file/C:\Users\lawrence\Desktop\School\GATech\Spring 2026\PUBP 6727 Cyber Sec Practicum\SourceCodeRepos\GitHub\SCAMR_Helper_SampleSourceCode\Modules\_collectionsmodule.c:1255"", ""_collectionsmodule.c:1255"")"
"2","2.19.0","variableScope","style","The scope of the variable &#039;n&#039; can be reduced.","The scope of the variable &#039;n&#039; can be reduced. Warning: Be careful when fixing this message, especially when there are inner loops. Here is an example where cppcheck will write that the scope for &#039;i&#039; can be reduced:
void f(int x)
{
    int i = 0;
    if (x) {
        // it&#039;s safe to move &#039;int i = 0;&#039; here
        for (int n = 0; n &lt; 10; ++n) {
            // it is possible but not safe to move &#039;int i = 0;&#039; here
            do_something(&amp;i);
        }
    }
}
When you see this message it is always safe to reduce the variable scope 1 level.","398","","C:\Users\lawrence\Desktop\School\GATech\Spring 2026\PUBP 6727 Cyber Sec Practicum\SourceCodeRepos\GitHub\SCAMR_Helper_SampleSourceCode\Modules\_collectionsmodule.c","1371","16","","=HYPERLINK(""vscode://file/C:\Users\lawrence\Desktop\School\GATech\Spring 2026\PUBP 6727 Cyber Sec Practicum\SourceCodeRepos\GitHub\SCAMR_Helper_SampleSourceCode\Modules\_collectionsmodule.c:1371"", ""_collectionsmodule.c:1371"")"
"2","2.19.0","variableScope","style","The scope of the variable &#039;item&#039; can be reduced.","The scope of the variable &#039;item&#039; can be reduced. Warning: Be careful when fixing this message, especially when there are inner loops. Here is an example where cppcheck will write that the scope for &#039;i&#039; can be reduced:
void f(int x)
{
    int i = 0;
    if (x) {
        // it&#039;s safe to move &#039;int i = 0;&#039; here
        for (int n = 0; n &lt; 10; ++n) {
            // it is possible but not safe to move &#039;int i = 0;&#039; here
            do_something(&amp;i);
        }
    }
}
When you see this message it is always safe to reduce the variable scope 1 level.","398","","C:\Users\lawrence\Desktop\School\GATech\Spring 2026\PUBP 6727 Cyber Sec Practicum\SourceCodeRepos\GitHub\SCAMR_Helper_SampleSourceCode\Modules\_collectionsmodule.c","1447","15","","=HYPERLINK(""vscode://file/C:\Users\lawrence\Desktop\School\GATech\Spring 2026\PUBP 6727 Cyber Sec Practicum\SourceCodeRepos\GitHub\SCAMR_Helper_SampleSourceCode\Modules\_collectionsmodule.c:1447"", ""_collectionsmodule.c:1447"")"
"2","2.19.0","variableScope","style","The scope of the variable &#039;cmp&#039; can be reduced.","The scope of the variable &#039;cmp&#039; can be reduced. Warning: Be careful when fixing this message, especially when there are inner loops. Here is an example where cppcheck will write that the scope for &#039;i&#039; can be reduced:
void f(int x)
{
    int i = 0;
    if (x) {
        // it&#039;s safe to move &#039;int i = 0;&#039; here
        for (int n = 0; n &lt; 10; ++n) {
            // it is possible but not safe to move &#039;int i = 0;&#039; here
            do_something(&amp;i);
        }
    }
}
When you see this message it is always safe to reduce the variable scope 1 level.","398","","C:\Users\lawrence\Desktop\School\GATech\Spring 2026\PUBP 6727 Cyber Sec Practicum\SourceCodeRepos\GitHub\SCAMR_Helper_SampleSourceCode\Modules\_collectionsmodule.c","1451","9","","=HYPERLINK(""vscode://file/C:\Users\lawrence\Desktop\School\GATech\Spring 2026\PUBP 6727 Cyber Sec Practicum\SourceCodeRepos\GitHub\SCAMR_Helper_SampleSourceCode\Modules\_collectionsmodule.c:1451"", ""_collectionsmodule.c:1451"")"
"2","2.19.0","constVariablePointer","style","Variable &#039;dict_get&#039; can be declared as pointer to const","Variable &#039;dict_get&#039; can be declared as pointer to const","398","","C:\Users\lawrence\Desktop\School\GATech\Spring 2026\PUBP 6727 Cyber Sec Practicum\SourceCodeRepos\GitHub\SCAMR_Helper_SampleSourceCode\Modules\_collectionsmodule.c","2530","15","","=HYPERLINK(""vscode://file/C:\Users\lawrence\Desktop\School\GATech\Spring 2026\PUBP 6727 Cyber Sec Practicum\SourceCodeRepos\GitHub\SCAMR_Helper_SampleSourceCode\Modules\_collectionsmodule.c:2530"", ""_collectionsmodule.c:2530"")"
"2","2.19.0","constVariablePointer","style","Variable &#039;dict_setitem&#039; can be declared as pointer to const","Variable &#039;dict_setitem&#039; can be declared as pointer to const","398","","C:\Users\lawrence\Desktop\School\GATech\Spring 2026\PUBP 6727 Cyber Sec Practicum\SourceCodeRepos\GitHub\SCAMR_Helper_SampleSourceCode\Modules\_collectionsmodule.c","2532","15","","=HYPERLINK(""vscode://file/C:\Users\lawrence\Desktop\School\GATech\Spring 2026\PUBP 6727 Cyber Sec Practicum\SourceCodeRepos\GitHub\SCAMR_Helper_SampleSourceCode\Modules\_collectionsmodule.c:2532"", ""_collectionsmodule.c:2532"")"
"2","2.19.0","constParameterCallback","style","Parameter &#039;value&#039; can be declared as pointer to const. However it seems that &#039;tuplegetter_descr_set&#039; is a callback function, if &#039;value&#039; is declared with const you might also need to cast function pointer(s).","Parameter &#039;value&#039; can be declared as pointer to const. However it seems that &#039;tuplegetter_descr_set&#039; is a callback function, if &#039;value&#039; is declared with const you might also need to cast function pointer(s).","398","","C:\Users\lawrence\Desktop\School\GATech\Spring 2026\PUBP 6727 Cyber Sec Practicum\SourceCodeRepos\GitHub\SCAMR_Helper_SampleSourceCode\Modules\_collectionsmodule.c","2699","64","Parameter &#039;value&#039; can be declared as pointer to const","=HYPERLINK(""vscode://file/C:\Users\lawrence\Desktop\School\GATech\Spring 2026\PUBP 6727 Cyber Sec Practicum\SourceCodeRepos\GitHub\SCAMR_Helper_SampleSourceCode\Modules\_collectionsmodule.c:2699"", ""_collectionsmodule.c:2699"")"
"2","2.19.0","constParameterCallback","style","Parameter &#039;value&#039; can be declared as pointer to const. However it seems that &#039;tuplegetter_descr_set&#039; is a callback function, if &#039;value&#039; is declared with const you might also need to cast function pointer(s).","Parameter &#039;value&#039; can be declared as pointer to const. However it seems that &#039;tuplegetter_descr_set&#039; is a callback function, if &#039;value&#039; is declared with const you might also need to cast function pointer(s).","398","","C:\Users\lawrence\Desktop\School\GATech\Spring 2026\PUBP 6727 Cyber Sec Practicum\SourceCodeRepos\GitHub\SCAMR_Helper_SampleSourceCode\Modules\_collectionsmodule.c","2772","23","You might need to cast the function pointer here","=HYPERLINK(""vscode://file/C:\Users\lawrence\Desktop\School\GATech\Spring 2026\PUBP 6727 Cyber Sec Practicum\SourceCodeRepos\GitHub\SCAMR_Helper_SampleSourceCode\Modules\_collectionsmodule.c:2772"", ""_collectionsmodule.c:2772"")"
"2","2.19.0","missingInclude","information","Include file: &quot;pycore_abstract.h&quot; not found.","Include file: &quot;pycore_abstract.h&quot; not found.","","","C:\Users\lawrence\Desktop\School\GATech\Spring 2026\PUBP 6727 Cyber Sec Practicum\SourceCodeRepos\GitHub\SCAMR_Helper_SampleSourceCode\Modules\clinic\_collectionsmodule.c.h","9","2","","=HYPERLINK(""vscode://file/C:\Users\lawrence\Desktop\School\GATech\Spring 2026\PUBP 6727 Cyber Sec Practicum\SourceCodeRepos\GitHub\SCAMR_Helper_SampleSourceCode\Modules\clinic\_collectionsmodule.c.h:9"", ""_collectionsmodule.c.h:9"")"
"2","2.19.0","missingInclude","information","Include file: &quot;pycore_critical_section.h&quot; not found.","Include file: &quot;pycore_critical_section.h&quot; not found.","","","C:\Users\lawrence\Desktop\School\GATech\Spring 2026\PUBP 6727 Cyber Sec Practicum\SourceCodeRepos\GitHub\SCAMR_Helper_SampleSourceCode\Modules\clinic\_collectionsmodule.c.h","10","2","","=HYPERLINK(""vscode://file/C:\Users\lawrence\Desktop\School\GATech\Spring 2026\PUBP 6727 Cyber Sec Practicum\SourceCodeRepos\GitHub\SCAMR_Helper_SampleSourceCode\Modules\clinic\_collectionsmodule.c.h:10"", ""_collectionsmodule.c.h:10"")"
"2","2.19.0","missingInclude","information","Include file: &quot;pycore_modsupport.h&quot; not found.","Include file: &quot;pycore_modsupport.h&quot; not found.","","","C:\Users\lawrence\Desktop\School\GATech\Spring 2026\PUBP 6727 Cyber Sec Practicum\SourceCodeRepos\GitHub\SCAMR_Helper_SampleSourceCode\Modules\clinic\_collectionsmodule.c.h","11","2","","=HYPERLINK(""vscode://file/C:\Users\lawrence\Desktop\School\GATech\Spring 2026\PUBP 6727 Cyber Sec Practicum\SourceCodeRepos\GitHub\SCAMR_Helper_SampleSourceCode\Modules\clinic\_collectionsmodule.c.h:11"", ""_collectionsmodule.c.h:11"")"
"2","2.19.0","constVariablePointer","style","Variable &#039;base_tp&#039; can be declared as pointer to const","Variable &#039;base_tp&#039; can be declared as pointer to const","398","","C:\Users\lawrence\Desktop\School\GATech\Spring 2026\PUBP 6727 Cyber Sec Practicum\SourceCodeRepos\GitHub\SCAMR_Helper_SampleSourceCode\Modules\clinic\_collectionsmodule.c.h","606","19","","=HYPERLINK(""vscode://file/C:\Users\lawrence\Desktop\School\GATech\Spring 2026\PUBP 6727 Cyber Sec Practicum\SourceCodeRepos\GitHub\SCAMR_Helper_SampleSourceCode\Modules\clinic\_collectionsmodule.c.h:606"", ""_collectionsmodule.c.h:606"")"
"2","2.19.0","missingInclude","information","Include file: &quot;Python.h&quot; not found.","Include file: &quot;Python.h&quot; not found.","","","C:\Users\lawrence\Desktop\School\GATech\Spring 2026\PUBP 6727 Cyber Sec Practicum\SourceCodeRepos\GitHub\SCAMR_Helper_SampleSourceCode\Modules\_csv.c","16","2","","=HYPERLINK(""vscode://file/C:\Users\lawrence\Desktop\School\GATech\Spring 2026\PUBP 6727 Cyber Sec Practicum\SourceCodeRepos\GitHub\SCAMR_Helper_SampleSourceCode\Modules\_csv.c:16"", ""_csv.c:16"")"
"2","2.19.0","missingInclude","information","Include file: &quot;pycore_pyatomic_ft_wrappers.h&quot; not found.","Include file: &quot;pycore_pyatomic_ft_wrappers.h&quot; not found.","","","C:\Users\lawrence\Desktop\School\GATech\Spring 2026\PUBP 6727 Cyber Sec Practicum\SourceCodeRepos\GitHub\SCAMR_Helper_SampleSourceCode\Modules\_csv.c","17","2","","=HYPERLINK(""vscode://file/C:\Users\lawrence\Desktop\School\GATech\Spring 2026\PUBP 6727 Cyber Sec Practicum\SourceCodeRepos\GitHub\SCAMR_Helper_SampleSourceCode\Modules\_csv.c:17"", ""_csv.c:17"")"
"2","2.19.0","missingIncludeSystem","information","Include file: &lt;stddef.h&gt; not found. Please note: Cppcheck does not need standard library headers to get proper results.","Include file: &lt;stddef.h&gt; not found. Please note: Cppcheck does not need standard library headers to get proper results.","","","C:\Users\lawrence\Desktop\School\GATech\Spring 2026\PUBP 6727 Cyber Sec Practicum\SourceCodeRepos\GitHub\SCAMR_Helper_SampleSourceCode\Modules\_csv.c","19","2","","=HYPERLINK(""vscode://file/C:\Users\lawrence\Desktop\School\GATech\Spring 2026\PUBP 6727 Cyber Sec Practicum\SourceCodeRepos\GitHub\SCAMR_Helper_SampleSourceCode\Modules\_csv.c:19"", ""_csv.c:19"")"
"2","2.19.0","missingIncludeSystem","information","Include file: &lt;stdbool.h&gt; not found. Please note: Cppcheck does not need standard library headers to get proper results.","Include file: &lt;stdbool.h&gt; not found. Please note: Cppcheck does not need standard library headers to get proper results.","","","C:\Users\lawrence\Desktop\School\GATech\Spring 2026\PUBP 6727 Cyber Sec Practicum\SourceCodeRepos\GitHub\SCAMR_Helper_SampleSourceCode\Modules\_csv.c","20","2","","=HYPERLINK(""vscode://file/C:\Users\lawrence\Desktop\School\GATech\Spring 2026\PUBP 6727 Cyber Sec Practicum\SourceCodeRepos\GitHub\SCAMR_Helper_SampleSourceCode\Modules\_csv.c:20"", ""_csv.c:20"")"
"2","2.19.0","normalCheckLevelMaxBranches","information","Limiting analysis of branches. Use --check-level=exhaustive to analyze all branches.","Limiting analysis of branches. Use --check-level=exhaustive to analyze all branches.","","","C:\Users\lawrence\Desktop\School\GATech\Spring 2026\PUBP 6727 Cyber Sec Practicum\SourceCodeRepos\GitHub\SCAMR_Helper_SampleSourceCode\Modules\_csv.c","0","","","=HYPERLINK(""vscode://file/C:\Users\lawrence\Desktop\School\GATech\Spring 2026\PUBP 6727 Cyber Sec Practicum\SourceCodeRepos\GitHub\SCAMR_Helper_SampleSourceCode\Modules\_csv.c:0"", ""_csv.c:0"")"
"2","2.19.0","missingReturn","error","Found an exit path from function with non-void return type that has missing return statement","Found an exit path from function with non-void return type that has missing return statement","758","","C:\Users\lawrence\Desktop\School\GATech\Spring 2026\PUBP 6727 Cyber Sec Practicum\SourceCodeRepos\GitHub\SCAMR_Helper_SampleSourceCode\Modules\_csv.c","176","9","","=HYPERLINK(""vscode://file/C:\Users\lawrence\Desktop\School\GATech\Spring 2026\PUBP 6727 Cyber Sec Practicum\SourceCodeRepos\GitHub\SCAMR_Helper_SampleSourceCode\Modules\_csv.c:176"", ""_csv.c:176"")"
"2","2.19.0","missingReturn","error","Found an exit path from function with non-void return type that has missing return statement","Found an exit path from function with non-void return type that has missing return statement","758","","C:\Users\lawrence\Desktop\School\GATech\Spring 2026\PUBP 6727 Cyber Sec Practicum\SourceCodeRepos\GitHub\SCAMR_Helper_SampleSourceCode\Modules\_csv.c","1465","20","","=HYPERLINK(""vscode://file/C:\Users\lawrence\Desktop\School\GATech\Spring 2026\PUBP 6727 Cyber Sec Practicum\SourceCodeRepos\GitHub\SCAMR_Helper_SampleSourceCode\Modules\_csv.c:1465"", ""_csv.c:1465"")"
"2","2.19.0","missingReturn","error","Found an exit path from function with non-void return type that has missing return statement","Found an exit path from function with non-void return type that has missing return statement","758","","C:\Users\lawrence\Desktop\School\GATech\Spring 2026\PUBP 6727 Cyber Sec Practicum\SourceCodeRepos\GitHub\SCAMR_Helper_SampleSourceCode\Modules\_csv.c","1654","5","","=HYPERLINK(""vscode://file/C:\Users\lawrence\Desktop\School\GATech\Spring 2026\PUBP 6727 Cyber Sec Practicum\SourceCodeRepos\GitHub\SCAMR_Helper_SampleSourceCode\Modules\_csv.c:1654"", ""_csv.c:1654"")"
"2","2.19.0","variableScope","style","The scope of the variable &#039;result&#039; can be reduced.","The scope of the variable &#039;result&#039; can be reduced. Warning: Be careful when fixing this message, especially when there are inner loops. Here is an example where cppcheck will write that the scope for &#039;i&#039; can be reduced:
void f(int x)
{
    int i = 0;
    if (x) {
        // it&#039;s safe to move &#039;int i = 0;&#039; here
        for (int n = 0; n &lt; 10; ++n) {
            // it is possible but not safe to move &#039;int i = 0;&#039; here
            do_something(&amp;i);
        }
    }
}
When you see this message it is always safe to reduce the variable scope 1 level.","398","","C:\Users\lawrence\Desktop\School\GATech\Spring 2026\PUBP 6727 Cyber Sec Practicum\SourceCodeRepos\GitHub\SCAMR_Helper_SampleSourceCode\Modules\_csv.c","1447","36","","=HYPERLINK(""vscode://file/C:\Users\lawrence\Desktop\School\GATech\Spring 2026\PUBP 6727 Cyber Sec Practicum\SourceCodeRepos\GitHub\SCAMR_Helper_SampleSourceCode\Modules\_csv.c:1447"", ""_csv.c:1447"")"
"2","2.19.0","constVariablePointer","style","Variable &#039;dialect&#039; can be declared as pointer to const","Variable &#039;dialect&#039; can be declared as pointer to const","398","","C:\Users\lawrence\Desktop\School\GATech\Spring 2026\PUBP 6727 Cyber Sec Practicum\SourceCodeRepos\GitHub\SCAMR_Helper_SampleSourceCode\Modules\_csv.c","1252","17","","=HYPERLINK(""vscode://file/C:\Users\lawrence\Desktop\School\GATech\Spring 2026\PUBP 6727 Cyber Sec Practicum\SourceCodeRepos\GitHub\SCAMR_Helper_SampleSourceCode\Modules\_csv.c:1252"", ""_csv.c:1252"")"
"2","2.19.0","constVariablePointer","style","Variable &#039;dialect&#039; can be declared as pointer to const","Variable &#039;dialect&#039; can be declared as pointer to const","398","","C:\Users\lawrence\Desktop\School\GATech\Spring 2026\PUBP 6727 Cyber Sec Practicum\SourceCodeRepos\GitHub\SCAMR_Helper_SampleSourceCode\Modules\_csv.c","1320","17","","=HYPERLINK(""vscode://file/C:\Users\lawrence\Desktop\School\GATech\Spring 2026\PUBP 6727 Cyber Sec Practicum\SourceCodeRepos\GitHub\SCAMR_Helper_SampleSourceCode\Modules\_csv.c:1320"", ""_csv.c:1320"")"
"2","2.19.0","missingInclude","information","Include file: &quot;pycore_modsupport.h&quot; not found.","Include file: &quot;pycore_modsupport.h&quot; not found.","","","C:\Users\lawrence\Desktop\School\GATech\Spring 2026\PUBP 6727 Cyber Sec Practicum\SourceCodeRepos\GitHub\SCAMR_Helper_SampleSourceCode\Modules\clinic\_csv.c.h","9","2","","=HYPERLINK(""vscode://file/C:\Users\lawrence\Desktop\School\GATech\Spring 2026\PUBP 6727 Cyber Sec Practicum\SourceCodeRepos\GitHub\SCAMR_Helper_SampleSourceCode\Modules\clinic\_csv.c.h:9"", ""_csv.c.h:9"")"
"2","2.19.0","missingInclude","information","Include file: &quot;Python.h&quot; not found.","Include file: &quot;Python.h&quot; not found.","","","C:\Users\lawrence\Desktop\School\GATech\Spring 2026\PUBP 6727 Cyber Sec Practicum\SourceCodeRepos\GitHub\SCAMR_Helper_SampleSourceCode\Modules\_curses_panel.c","18","2","","=HYPERLINK(""vscode://file/C:\Users\lawrence\Desktop\School\GATech\Spring 2026\PUBP 6727 Cyber Sec Practicum\SourceCodeRepos\GitHub\SCAMR_Helper_SampleSourceCode\Modules\_curses_panel.c:18"", ""_curses_panel.c:18"")"
"2","2.19.0","missingInclude","information","Include file: &quot;py_curses.h&quot; not found.","Include file: &quot;py_curses.h&quot; not found.","","","C:\Users\lawrence\Desktop\School\GATech\Spring 2026\PUBP 6727 Cyber Sec Practicum\SourceCodeRepos\GitHub\SCAMR_Helper_SampleSourceCode\Modules\_curses_panel.c","21","2","","=HYPERLINK(""vscode://file/C:\Users\lawrence\Desktop\School\GATech\Spring 2026\PUBP 6727 Cyber Sec Practicum\SourceCodeRepos\GitHub\SCAMR_Helper_SampleSourceCode\Modules\_curses_panel.c:21"", ""_curses_panel.c:21"")"
"2","2.19.0","missingReturn","error","Found an exit path from function with non-void return type that has missing return statement","Found an exit path from function with non-void return type that has missing return statement","758","","C:\Users\lawrence\Desktop\School\GATech\Spring 2026\PUBP 6727 Cyber Sec Practicum\SourceCodeRepos\GitHub\SCAMR_Helper_SampleSourceCode\Modules\_curses_panel.c","542","9","","=HYPERLINK(""vscode://file/C:\Users\lawrence\Desktop\School\GATech\Spring 2026\PUBP 6727 Cyber Sec Practicum\SourceCodeRepos\GitHub\SCAMR_Helper_SampleSourceCode\Modules\_curses_panel.c:542"", ""_curses_panel.c:542"")"
"2","2.19.0","constParameterPointer","style","Parameter &#039;po&#039; can be declared as pointer to const","Parameter &#039;po&#039; can be declared as pointer to const","398","","C:\Users\lawrence\Desktop\School\GATech\Spring 2026\PUBP 6727 Cyber Sec Practicum\SourceCodeRepos\GitHub\SCAMR_Helper_SampleSourceCode\Modules\_curses_panel.c","295","33","","=HYPERLINK(""vscode://file/C:\Users\lawrence\Desktop\School\GATech\Spring 2026\PUBP 6727 Cyber Sec Practicum\SourceCodeRepos\GitHub\SCAMR_Helper_SampleSourceCode\Modules\_curses_panel.c:295"", ""_curses_panel.c:295"")"
"2","2.19.0","constParameterPointer","style","Parameter &#039;pan&#039; can be declared as pointer to const","Parameter &#039;pan&#039; can be declared as pointer to const","398","","C:\Users\lawrence\Desktop\School\GATech\Spring 2026\PUBP 6727 Cyber Sec Practicum\SourceCodeRepos\GitHub\SCAMR_Helper_SampleSourceCode\Modules\_curses_panel.c","319","21","","=HYPERLINK(""vscode://file/C:\Users\lawrence\Desktop\School\GATech\Spring 2026\PUBP 6727 Cyber Sec Practicum\SourceCodeRepos\GitHub\SCAMR_Helper_SampleSourceCode\Modules\_curses_panel.c:319"", ""_curses_panel.c:319"")"
"2","2.19.0","constVariablePointer","style","Variable &#039;temp&#039; can be declared as pointer to const","Variable &#039;temp&#039; can be declared as pointer to const","398","","C:\Users\lawrence\Desktop\School\GATech\Spring 2026\PUBP 6727 Cyber Sec Practicum\SourceCodeRepos\GitHub\SCAMR_Helper_SampleSourceCode\Modules\_curses_panel.c","321","21","","=HYPERLINK(""vscode://file/C:\Users\lawrence\Desktop\School\GATech\Spring 2026\PUBP 6727 Cyber Sec Practicum\SourceCodeRepos\GitHub\SCAMR_Helper_SampleSourceCode\Modules\_curses_panel.c:321"", ""_curses_panel.c:321"")"
"2","2.19.0","constParameterPointer","style","Parameter &#039;module&#039; can be declared as pointer to const","Parameter &#039;module&#039; can be declared as pointer to const","398","","C:\Users\lawrence\Desktop\School\GATech\Spring 2026\PUBP 6727 Cyber Sec Practicum\SourceCodeRepos\GitHub\SCAMR_Helper_SampleSourceCode\Modules\_curses_panel.c","779","44","","=HYPERLINK(""vscode://file/C:\Users\lawrence\Desktop\School\GATech\Spring 2026\PUBP 6727 Cyber Sec Practicum\SourceCodeRepos\GitHub\SCAMR_Helper_SampleSourceCode\Modules\_curses_panel.c:779"", ""_curses_panel.c:779"")"
"2","2.19.0","missingIncludeSystem","information","Include file: &lt;ncursesw/panel.h&gt; not found. Please note: Cppcheck does not need standard library headers to get proper results.","Include file: &lt;ncursesw/panel.h&gt; not found. Please note: Cppcheck does not need standard library headers to get proper results.","","","C:\Users\lawrence\Desktop\School\GATech\Spring 2026\PUBP 6727 Cyber Sec Practicum\SourceCodeRepos\GitHub\SCAMR_Helper_SampleSourceCode\Modules\_curses_panel.c","24","4","","=HYPERLINK(""vscode://file/C:\Users\lawrence\Desktop\School\GATech\Spring 2026\PUBP 6727 Cyber Sec Practicum\SourceCodeRepos\GitHub\SCAMR_Helper_SampleSourceCode\Modules\_curses_panel.c:24"", ""_curses_panel.c:24"")"
"2","2.19.0","missingIncludeSystem","information","Include file: &lt;ncurses/panel.h&gt; not found. Please note: Cppcheck does not need standard library headers to get proper results.","Include file: &lt;ncurses/panel.h&gt; not found. Please note: Cppcheck does not need standard library headers to get proper results.","","","C:\Users\lawrence\Desktop\School\GATech\Spring 2026\PUBP 6727 Cyber Sec Practicum\SourceCodeRepos\GitHub\SCAMR_Helper_SampleSourceCode\Modules\_curses_panel.c","26","4","","=HYPERLINK(""vscode://file/C:\Users\lawrence\Desktop\School\GATech\Spring 2026\PUBP 6727 Cyber Sec Practicum\SourceCodeRepos\GitHub\SCAMR_Helper_SampleSourceCode\Modules\_curses_panel.c:26"", ""_curses_panel.c:26"")"
"2","2.19.0","missingIncludeSystem","information","Include file: &lt;panel.h&gt; not found. Please note: Cppcheck does not need standard library headers to get proper results.","Include file: &lt;panel.h&gt; not found. Please note: Cppcheck does not need standard library headers to get proper results.","","","C:\Users\lawrence\Desktop\School\GATech\Spring 2026\PUBP 6727 Cyber Sec Practicum\SourceCodeRepos\GitHub\SCAMR_Helper_SampleSourceCode\Modules\_curses_panel.c","28","4","","=HYPERLINK(""vscode://file/C:\Users\lawrence\Desktop\School\GATech\Spring 2026\PUBP 6727 Cyber Sec Practicum\SourceCodeRepos\GitHub\SCAMR_Helper_SampleSourceCode\Modules\_curses_panel.c:28"", ""_curses_panel.c:28"")"
"2","2.19.0","missingInclude","information","Include file: &quot;pycore_modsupport.h&quot; not found.","Include file: &quot;pycore_modsupport.h&quot; not found.","","","C:\Users\lawrence\Desktop\School\GATech\Spring 2026\PUBP 6727 Cyber Sec Practicum\SourceCodeRepos\GitHub\SCAMR_Helper_SampleSourceCode\Modules\clinic\_curses_panel.c.h","5","2","","=HYPERLINK(""vscode://file/C:\Users\lawrence\Desktop\School\GATech\Spring 2026\PUBP 6727 Cyber Sec Practicum\SourceCodeRepos\GitHub\SCAMR_Helper_SampleSourceCode\Modules\clinic\_curses_panel.c.h:5"", ""_curses_panel.c.h:5"")"
"2","2.19.0","missingInclude","information","Include file: &quot;Python.h&quot; not found.","Include file: &quot;Python.h&quot; not found.","","","C:\Users\lawrence\Desktop\School\GATech\Spring 2026\PUBP 6727 Cyber Sec Practicum\SourceCodeRepos\GitHub\SCAMR_Helper_SampleSourceCode\Modules\_cursesmodule.c","107","2","","=HYPERLINK(""vscode://file/C:\Users\lawrence\Desktop\School\GATech\Spring 2026\PUBP 6727 Cyber Sec Practicum\SourceCodeRepos\GitHub\SCAMR_Helper_SampleSourceCode\Modules\_cursesmodule.c:107"", ""_cursesmodule.c:107"")"
"2","2.19.0","missingInclude","information","Include file: &quot;pycore_capsule.h&quot; not found.","Include file: &quot;pycore_capsule.h&quot; not found.","","","C:\Users\lawrence\Desktop\School\GATech\Spring 2026\PUBP 6727 Cyber Sec Practicum\SourceCodeRepos\GitHub\SCAMR_Helper_SampleSourceCode\Modules\_cursesmodule.c","108","2","","=HYPERLINK(""vscode://file/C:\Users\lawrence\Desktop\School\GATech\Spring 2026\PUBP 6727 Cyber Sec Practicum\SourceCodeRepos\GitHub\SCAMR_Helper_SampleSourceCode\Modules\_cursesmodule.c:108"", ""_cursesmodule.c:108"")"
"2","2.19.0","missingInclude","information","Include file: &quot;pycore_long.h&quot; not found.","Include file: &quot;pycore_long.h&quot; not found.","","","C:\Users\lawrence\Desktop\School\GATech\Spring 2026\PUBP 6727 Cyber Sec Practicum\SourceCodeRepos\GitHub\SCAMR_Helper_SampleSourceCode\Modules\_cursesmodule.c","109","2","","=HYPERLINK(""vscode://file/C:\Users\lawrence\Desktop\School\GATech\Spring 2026\PUBP 6727 Cyber Sec Practicum\SourceCodeRepos\GitHub\SCAMR_Helper_SampleSourceCode\Modules\_cursesmodule.c:109"", ""_cursesmodule.c:109"")"
"2","2.19.0","missingInclude","information","Include file: &quot;pycore_structseq.h&quot; not found.","Include file: &quot;pycore_structseq.h&quot; not found.","","","C:\Users\lawrence\Desktop\School\GATech\Spring 2026\PUBP 6727 Cyber Sec Practicum\SourceCodeRepos\GitHub\SCAMR_Helper_SampleSourceCode\Modules\_cursesmodule.c","110","2","","=HYPERLINK(""vscode://file/C:\Users\lawrence\Desktop\School\GATech\Spring 2026\PUBP 6727 Cyber Sec Practicum\SourceCodeRepos\GitHub\SCAMR_Helper_SampleSourceCode\Modules\_cursesmodule.c:110"", ""_cursesmodule.c:110"")"
"2","2.19.0","missingInclude","information","Include file: &quot;pycore_fileutils.h&quot; not found.","Include file: &quot;pycore_fileutils.h&quot; not found.","","","C:\Users\lawrence\Desktop\School\GATech\Spring 2026\PUBP 6727 Cyber Sec Practicum\SourceCodeRepos\GitHub\SCAMR_Helper_SampleSourceCode\Modules\_cursesmodule.c","111","2","","=HYPERLINK(""vscode://file/C:\Users\lawrence\Desktop\School\GATech\Spring 2026\PUBP 6727 Cyber Sec Practicum\SourceCodeRepos\GitHub\SCAMR_Helper_SampleSourceCode\Modules\_cursesmodule.c:111"", ""_cursesmodule.c:111"")"
"2","2.19.0","missingInclude","information","Include file: &quot;py_curses.h&quot; not found.","Include file: &quot;py_curses.h&quot; not found.","","","C:\Users\lawrence\Desktop\School\GATech\Spring 2026\PUBP 6727 Cyber Sec Practicum\SourceCodeRepos\GitHub\SCAMR_Helper_SampleSourceCode\Modules\_cursesmodule.c","118","2","","=HYPERLINK(""vscode://file/C:\Users\lawrence\Desktop\School\GATech\Spring 2026\PUBP 6727 Cyber Sec Practicum\SourceCodeRepos\GitHub\SCAMR_Helper_SampleSourceCode\Modules\_cursesmodule.c:118"", ""_cursesmodule.c:118"")"
"2","2.19.0","unknownMacro","error","There is an unknown macro here somewhere. Configuration is required. If Py_END_ALLOW_THREADS is a macro then please configure it.","There is an unknown macro here somewhere. Configuration is required. If Py_END_ALLOW_THREADS is a macro then please configure it.","","","C:\Users\lawrence\Desktop\School\GATech\Spring 2026\PUBP 6727 Cyber Sec Practicum\SourceCodeRepos\GitHub\SCAMR_Helper_SampleSourceCode\Modules\_cursesmodule.c","2452","5","","=HYPERLINK(""vscode://file/C:\Users\lawrence\Desktop\School\GATech\Spring 2026\PUBP 6727 Cyber Sec Practicum\SourceCodeRepos\GitHub\SCAMR_Helper_SampleSourceCode\Modules\_cursesmodule.c:2452"", ""_cursesmodule.c:2452"")"
"2","2.19.0","toomanyconfigs","information","Too many #ifdef configurations - cppcheck only checks 12 of 44 configurations. Use --force to check all configurations.","Too many #ifdef configurations - cppcheck only checks 12 of 44 configurations. Use --force to check all configurations.","398","","C:\Users\lawrence\Desktop\School\GATech\Spring 2026\PUBP 6727 Cyber Sec Practicum\SourceCodeRepos\GitHub\SCAMR_Helper_SampleSourceCode\Modules\_cursesmodule.c","0","","","=HYPERLINK(""vscode://file/C:\Users\lawrence\Desktop\School\GATech\Spring 2026\PUBP 6727 Cyber Sec Practicum\SourceCodeRepos\GitHub\SCAMR_Helper_SampleSourceCode\Modules\_cursesmodule.c:0"", ""_cursesmodule.c:0"")"
"2","2.19.0","missingInclude","information","Include file: &quot;pycore_modsupport.h&quot; not found.","Include file: &quot;pycore_modsupport.h&quot; not found.","","","C:\Users\lawrence\Desktop\School\GATech\Spring 2026\PUBP 6727 Cyber Sec Practicum\SourceCodeRepos\GitHub\SCAMR_Helper_SampleSourceCode\Modules\clinic\_cursesmodule.c.h","9","2","","=HYPERLINK(""vscode://file/C:\Users\lawrence\Desktop\School\GATech\Spring 2026\PUBP 6727 Cyber Sec Practicum\SourceCodeRepos\GitHub\SCAMR_Helper_SampleSourceCode\Modules\clinic\_cursesmodule.c.h:9"", ""_cursesmodule.c.h:9"")"
"2","2.19.0","missingInclude","information","Include file: &quot;Python.h&quot; not found.","Include file: &quot;Python.h&quot; not found.","","","C:\Users\lawrence\Desktop\School\GATech\Spring 2026\PUBP 6727 Cyber Sec Practicum\SourceCodeRepos\GitHub\SCAMR_Helper_SampleSourceCode\Modules\_datetimemodule.c","12","2","","=HYPERLINK(""vscode://file/C:\Users\lawrence\Desktop\School\GATech\Spring 2026\PUBP 6727 Cyber Sec Practicum\SourceCodeRepos\GitHub\SCAMR_Helper_SampleSourceCode\Modules\_datetimemodule.c:12"", ""_datetimemodule.c:12"")"
"2","2.19.0","missingInclude","information","Include file: &quot;pycore_long.h&quot; not found.","Include file: &quot;pycore_long.h&quot; not found.","","","C:\Users\lawrence\Desktop\School\GATech\Spring 2026\PUBP 6727 Cyber Sec Practicum\SourceCodeRepos\GitHub\SCAMR_Helper_SampleSourceCode\Modules\_datetimemodule.c","13","2","","=HYPERLINK(""vscode://file/C:\Users\lawrence\Desktop\School\GATech\Spring 2026\PUBP 6727 Cyber Sec Practicum\SourceCodeRepos\GitHub\SCAMR_Helper_SampleSourceCode\Modules\_datetimemodule.c:13"", ""_datetimemodule.c:13"")"
"2","2.19.0","missingInclude","information","Include file: &quot;pycore_object.h&quot; not found.","Include file: &quot;pycore_object.h&quot; not found.","","","C:\Users\lawrence\Desktop\School\GATech\Spring 2026\PUBP 6727 Cyber Sec Practicum\SourceCodeRepos\GitHub\SCAMR_Helper_SampleSourceCode\Modules\_datetimemodule.c","14","2","","=HYPERLINK(""vscode://file/C:\Users\lawrence\Desktop\School\GATech\Spring 2026\PUBP 6727 Cyber Sec Practicum\SourceCodeRepos\GitHub\SCAMR_Helper_SampleSourceCode\Modules\_datetimemodule.c:14"", ""_datetimemodule.c:14"")"
"2","2.19.0","missingInclude","information","Include file: &quot;pycore_time.h&quot; not found.","Include file: &quot;pycore_time.h&quot; not found.","","","C:\Users\lawrence\Desktop\School\GATech\Spring 2026\PUBP 6727 Cyber Sec Practicum\SourceCodeRepos\GitHub\SCAMR_Helper_SampleSourceCode\Modules\_datetimemodule.c","15","2","","=HYPERLINK(""vscode://file/C:\Users\lawrence\Desktop\School\GATech\Spring 2026\PUBP 6727 Cyber Sec Practicum\SourceCodeRepos\GitHub\SCAMR_Helper_SampleSourceCode\Modules\_datetimemodule.c:15"", ""_datetimemodule.c:15"")"
"2","2.19.0","missingInclude","information","Include file: &quot;pycore_unicodeobject.h&quot; not found.","Include file: &quot;pycore_unicodeobject.h&quot; not found.","","","C:\Users\lawrence\Desktop\School\GATech\Spring 2026\PUBP 6727 Cyber Sec Practicum\SourceCodeRepos\GitHub\SCAMR_Helper_SampleSourceCode\Modules\_datetimemodule.c","16","2","","=HYPERLINK(""vscode://file/C:\Users\lawrence\Desktop\School\GATech\Spring 2026\PUBP 6727 Cyber Sec Practicum\SourceCodeRepos\GitHub\SCAMR_Helper_SampleSourceCode\Modules\_datetimemodule.c:16"", ""_datetimemodule.c:16"")"
"2","2.19.0","missingInclude","information","Include file: &quot;pycore_initconfig.h&quot; not found.","Include file: &quot;pycore_initconfig.h&quot; not found.","","","C:\Users\lawrence\Desktop\School\GATech\Spring 2026\PUBP 6727 Cyber Sec Practicum\SourceCodeRepos\GitHub\SCAMR_Helper_SampleSourceCode\Modules\_datetimemodule.c","17","2","","=HYPERLINK(""vscode://file/C:\Users\lawrence\Desktop\School\GATech\Spring 2026\PUBP 6727 Cyber Sec Practicum\SourceCodeRepos\GitHub\SCAMR_Helper_SampleSourceCode\Modules\_datetimemodule.c:17"", ""_datetimemodule.c:17"")"
"2","2.19.0","missingInclude","information","Include file: &quot;pycore_pyatomic_ft_wrappers.h&quot; not found.","Include file: &quot;pycore_pyatomic_ft_wrappers.h&quot; not found.","","","C:\Users\lawrence\Desktop\School\GATech\Spring 2026\PUBP 6727 Cyber Sec Practicum\SourceCodeRepos\GitHub\SCAMR_Helper_SampleSourceCode\Modules\_datetimemodule.c","18","2","","=HYPERLINK(""vscode://file/C:\Users\lawrence\Desktop\School\GATech\Spring 2026\PUBP 6727 Cyber Sec Practicum\SourceCodeRepos\GitHub\SCAMR_Helper_SampleSourceCode\Modules\_datetimemodule.c:18"", ""_datetimemodule.c:18"")"
"2","2.19.0","missingInclude","information","Include file: &quot;datetime.h&quot; not found.","Include file: &quot;datetime.h&quot; not found.","","","C:\Users\lawrence\Desktop\School\GATech\Spring 2026\PUBP 6727 Cyber Sec Practicum\SourceCodeRepos\GitHub\SCAMR_Helper_SampleSourceCode\Modules\_datetimemodule.c","20","2","","=HYPERLINK(""vscode://file/C:\Users\lawrence\Desktop\School\GATech\Spring 2026\PUBP 6727 Cyber Sec Practicum\SourceCodeRepos\GitHub\SCAMR_Helper_SampleSourceCode\Modules\_datetimemodule.c:20"", ""_datetimemodule.c:20"")"
"2","2.19.0","missingIncludeSystem","information","Include file: &lt;time.h&gt; not found. Please note: Cppcheck does not need standard library headers to get proper results.","Include file: &lt;time.h&gt; not found. Please note: Cppcheck does not need standard library headers to get proper results.","","","C:\Users\lawrence\Desktop\School\GATech\Spring 2026\PUBP 6727 Cyber Sec Practicum\SourceCodeRepos\GitHub\SCAMR_Helper_SampleSourceCode\Modules\_datetimemodule.c","23","2","","=HYPERLINK(""vscode://file/C:\Users\lawrence\Desktop\School\GATech\Spring 2026\PUBP 6727 Cyber Sec Practicum\SourceCodeRepos\GitHub\SCAMR_Helper_SampleSourceCode\Modules\_datetimemodule.c:23"", ""_datetimemodule.c:23"")"
"2","2.19.0","missingIncludeSystem","information","Include file: &lt;winsock2.h&gt; not found. Please note: Cppcheck does not need standard library headers to get proper results.","Include file: &lt;winsock2.h&gt; not found. Please note: Cppcheck does not need standard library headers to get proper results.","","","C:\Users\lawrence\Desktop\School\GATech\Spring 2026\PUBP 6727 Cyber Sec Practicum\SourceCodeRepos\GitHub\SCAMR_Helper_SampleSourceCode\Modules\_datetimemodule.c","26","4","","=HYPERLINK(""vscode://file/C:\Users\lawrence\Desktop\School\GATech\Spring 2026\PUBP 6727 Cyber Sec Practicum\SourceCodeRepos\GitHub\SCAMR_Helper_SampleSourceCode\Modules\_datetimemodule.c:26"", ""_datetimemodule.c:26"")"
"2","2.19.0","preprocessorErrorDirective","error","#error &quot;_datetime.c requires that C int have at least 32 bits&quot;","#error &quot;_datetime.c requires that C int have at least 32 bits&quot;","","","C:\Users\lawrence\Desktop\School\GATech\Spring 2026\PUBP 6727 Cyber Sec Practicum\SourceCodeRepos\GitHub\SCAMR_Helper_SampleSourceCode\Modules\_datetimemodule.c","254","9","","=HYPERLINK(""vscode://file/C:\Users\lawrence\Desktop\School\GATech\Spring 2026\PUBP 6727 Cyber Sec Practicum\SourceCodeRepos\GitHub\SCAMR_Helper_SampleSourceCode\Modules\_datetimemodule.c:254"", ""_datetimemodule.c:254"")"
"2","2.19.0","noValidConfiguration","information","This file is not analyzed. Cppcheck failed to extract a valid configuration. Use -v for more details.","This file is not analyzed. Cppcheck failed to extract a valid configuration. The tested configurations have these preprocessor errors:
&#039;&#039; : [C:/Users/lawrence/Desktop/School/GATech/Spring 2026/PUBP 6727 Cyber Sec Practicum/SourceCodeRepos/GitHub/SCAMR_Helper_SampleSourceCode/Modules/_datetimemodule.c:254] #error &quot;_datetime.c requires that C int have at least 32 bits&quot;
HAVE_STRUCT_TM_TM_ZONE : [C:/Users/lawrence/Desktop/School/GATech/Spring 2026/PUBP 6727 Cyber Sec Practicum/SourceCodeRepos/GitHub/SCAMR_Helper_SampleSourceCode/Modules/_datetimemodule.c:254] #error &quot;_datetime.c requires that C int have at least 32 bits&quot;
MS_WINDOWS : [C:/Users/lawrence/Desktop/School/GATech/Spring 2026/PUBP 6727 Cyber Sec Practicum/SourceCodeRepos/GitHub/SCAMR_Helper_SampleSourceCode/Modules/_datetimemodule.c:254] #error &quot;_datetime.c requires that C int have at least 32 bits&quot;
Py_BUILD_CORE : [C:/Users/lawrence/Desktop/School/GATech/Spring 2026/PUBP 6727 Cyber Sec Practicum/SourceCodeRepos/GitHub/SCAMR_Helper_SampleSourceCode/Modules/_datetimemodule.c:254] #error &quot;_datetime.c requires that C int have at least 32 bits&quot;","","","C:\Users\lawrence\Desktop\School\GATech\Spring 2026\PUBP 6727 Cyber Sec Practicum\SourceCodeRepos\GitHub\SCAMR_Helper_SampleSourceCode\Modules\_datetimemodule.c","0","","","=HYPERLINK(""vscode://file/C:\Users\lawrence\Desktop\School\GATech\Spring 2026\PUBP 6727 Cyber Sec Practicum\SourceCodeRepos\GitHub\SCAMR_Helper_SampleSourceCode\Modules\_datetimemodule.c:0"", ""_datetimemodule.c:0"")"
"2","2.19.0","missingInclude","information","Include file: &quot;Python.h&quot; not found.","Include file: &quot;Python.h&quot; not found.","","","C:\Users\lawrence\Desktop\School\GATech\Spring 2026\PUBP 6727 Cyber Sec Practicum\SourceCodeRepos\GitHub\SCAMR_Helper_SampleSourceCode\Modules\_dbmmodule.c","10","2","","=HYPERLINK(""vscode://file/C:\Users\lawrence\Desktop\School\GATech\Spring 2026\PUBP 6727 Cyber Sec Practicum\SourceCodeRepos\GitHub\SCAMR_Helper_SampleSourceCode\Modules\_dbmmodule.c:10"", ""_dbmmodule.c:10"")"
"2","2.19.0","missingInclude","information","Include file: &quot;pycore_object.h&quot; not found.","Include file: &quot;pycore_object.h&quot; not found.","","","C:\Users\lawrence\Desktop\School\GATech\Spring 2026\PUBP 6727 Cyber Sec Practicum\SourceCodeRepos\GitHub\SCAMR_Helper_SampleSourceCode\Modules\_dbmmodule.c","11","2","","=HYPERLINK(""vscode://file/C:\Users\lawrence\Desktop\School\GATech\Spring 2026\PUBP 6727 Cyber Sec Practicum\SourceCodeRepos\GitHub\SCAMR_Helper_SampleSourceCode\Modules\_dbmmodule.c:11"", ""_dbmmodule.c:11"")"
"2","2.19.0","missingIncludeSystem","information","Include file: &lt;sys/types.h&gt; not found. Please note: Cppcheck does not need standard library headers to get proper results.","Include file: &lt;sys/types.h&gt; not found. Please note: Cppcheck does not need standard library headers to get proper results.","","","C:\Users\lawrence\Desktop\School\GATech\Spring 2026\PUBP 6727 Cyber Sec Practicum\SourceCodeRepos\GitHub\SCAMR_Helper_SampleSourceCode\Modules\_dbmmodule.c","13","2","","=HYPERLINK(""vscode://file/C:\Users\lawrence\Desktop\School\GATech\Spring 2026\PUBP 6727 Cyber Sec Practicum\SourceCodeRepos\GitHub\SCAMR_Helper_SampleSourceCode\Modules\_dbmmodule.c:13"", ""_dbmmodule.c:13"")"
"2","2.19.0","missingIncludeSystem","information","Include file: &lt;sys/stat.h&gt; not found. Please note: Cppcheck does not need standard library headers to get proper results.","Include file: &lt;sys/stat.h&gt; not found. Please note: Cppcheck does not need standard library headers to get proper results.","","","C:\Users\lawrence\Desktop\School\GATech\Spring 2026\PUBP 6727 Cyber Sec Practicum\SourceCodeRepos\GitHub\SCAMR_Helper_SampleSourceCode\Modules\_dbmmodule.c","14","2","","=HYPERLINK(""vscode://file/C:\Users\lawrence\Desktop\School\GATech\Spring 2026\PUBP 6727 Cyber Sec Practicum\SourceCodeRepos\GitHub\SCAMR_Helper_SampleSourceCode\Modules\_dbmmodule.c:14"", ""_dbmmodule.c:14"")"
"2","2.19.0","missingIncludeSystem","information","Include file: &lt;fcntl.h&gt; not found. Please note: Cppcheck does not need standard library headers to get proper results.","Include file: &lt;fcntl.h&gt; not found. Please note: Cppcheck does not need standard library headers to get proper results.","","","C:\Users\lawrence\Desktop\School\GATech\Spring 2026\PUBP 6727 Cyber Sec Practicum\SourceCodeRepos\GitHub\SCAMR_Helper_SampleSourceCode\Modules\_dbmmodule.c","15","2","","=HYPERLINK(""vscode://file/C:\Users\lawrence\Desktop\School\GATech\Spring 2026\PUBP 6727 Cyber Sec Practicum\SourceCodeRepos\GitHub\SCAMR_Helper_SampleSourceCode\Modules\_dbmmodule.c:15"", ""_dbmmodule.c:15"")"
"2","2.19.0","missingIncludeSystem","information","Include file: &lt;gdbm-ndbm.h&gt; not found. Please note: Cppcheck does not need standard library headers to get proper results.","Include file: &lt;gdbm-ndbm.h&gt; not found. Please note: Cppcheck does not need standard library headers to get proper results.","","","C:\Users\lawrence\Desktop\School\GATech\Spring 2026\PUBP 6727 Cyber Sec Practicum\SourceCodeRepos\GitHub\SCAMR_Helper_SampleSourceCode\Modules\_dbmmodule.c","24","6","",
"2","2.19.0","normalCheckLevelMaxBranches","information","Limiting analysis of branches. Use --check-level=exhaustive to analyze all branches.","Limiting analysis of branches. Use --check-level=exhaustive to analyze all branches.","","","C:\Users\lawrence\Desktop\School\GATech\Spring 2026\PUBP 6727 Cyber Sec Practicum\SourceCodeRepos\GitHub\SCAMR_Helper_SampleSourceCode\Modules\_dbmmodule.c","0","","",
"2","2.19.0","missingReturn","error","Found an exit path from function with non-void return type that has missing return statement","Found an exit path from function with non-void return type that has missing return statement","758","","C:\Users\lawrence\Desktop\School\GATech\Spring 2026\PUBP 6727 Cyber Sec Practicum\SourceCodeRepos\GitHub\SCAMR_Helper_SampleSourceCode\Modules\_dbmmodule.c","304","5","",
"2","2.19.0","variableScope","style","The scope of the variable &#039;item&#039; can be reduced.","The scope of the variable &#039;item&#039; can be reduced. Warning: Be careful when fixing this message, especially when there are inner loops. Here is an example where cppcheck will write that the scope for &#039;i&#039; can be reduced:
void f(int x)
{
    int i = 0;
    if (x) {
        // it&#039;s safe to move &#039;int i = 0;&#039; here
        for (int n = 0; n &lt; 10; ++n) {
            // it is possible but not safe to move &#039;int i = 0;&#039; here
            do_something(&amp;i);
        }
    }
}
When you see this message it is always safe to reduce the variable scope 1 level.","398","","C:\Users\lawrence\Desktop\School\GATech\Spring 2026\PUBP 6727 Cyber Sec Practicum\SourceCodeRepos\GitHub\SCAMR_Helper_SampleSourceCode\Modules\_dbmmodule.c","322","19","",
"2","2.19.0","variableScope","style","The scope of the variable &#039;err&#039; can be reduced.","The scope of the variable &#039;err&#039; can be reduced. Warning: Be careful when fixing this message, especially when there are inner loops. Here is an example where cppcheck will write that the scope for &#039;i&#039; can be reduced:
void f(int x)
{
    int i = 0;
    if (x) {
        // it&#039;s safe to move &#039;int i = 0;&#039; here
        for (int n = 0; n &lt; 10; ++n) {
            // it is possible but not safe to move &#039;int i = 0;&#039; here
            do_something(&amp;i);
        }
    }
}
When you see this message it is always safe to reduce the variable scope 1 level.","398","","C:\Users\lawrence\Desktop\School\GATech\Spring 2026\PUBP 6727 Cyber Sec Practicum\SourceCodeRepos\GitHub\SCAMR_Helper_SampleSourceCode\Modules\_dbmmodule.c","324","9","",
"2","2.19.0","variableScope","style","The scope of the variable &#039;key&#039; can be reduced.","The scope of the variable &#039;key&#039; can be reduced. Warning: Be careful when fixing this message, especially when there are inner loops. Here is an example where cppcheck will write that the scope for &#039;i&#039; can be reduced:
void f(int x)
{
    int i = 0;
    if (x) {
        // it&#039;s safe to move &#039;int i = 0;&#039; here
        for (int n = 0; n &lt; 10; ++n) {
            // it is possible but not safe to move &#039;int i = 0;&#039; here
            do_something(&amp;i);
        }
    }
}
When you see this message it is always safe to reduce the variable scope 1 level.","398","","C:\Users\lawrence\Desktop\School\GATech\Spring 2026\PUBP 6727 Cyber Sec Practicum\SourceCodeRepos\GitHub\SCAMR_Helper_SampleSourceCode\Modules\_dbmmodule.c","492","11","",
"2","2.19.0","missingIncludeSystem","information","Include file: &lt;gdbm/ndbm.h&gt; not found. Please note: Cppcheck does not need standard library headers to get proper results.","Include file: &lt;gdbm/ndbm.h&gt; not found. Please note: Cppcheck does not need standard library headers to get proper results.","","","C:\Users\lawrence\Desktop\School\GATech\Spring 2026\PUBP 6727 Cyber Sec Practicum\SourceCodeRepos\GitHub\SCAMR_Helper_SampleSourceCode\Modules\_dbmmodule.c","22","6","",
"2","2.19.0","missingIncludeSystem","information","Include file: &lt;db.h&gt; not found. Please note: Cppcheck does not need standard library headers to get proper results.","Include file: &lt;db.h&gt; not found. Please note: Cppcheck does not need standard library headers to get proper results.","","","C:\Users\lawrence\Desktop\School\GATech\Spring 2026\PUBP 6727 Cyber Sec Practicum\SourceCodeRepos\GitHub\SCAMR_Helper_SampleSourceCode\Modules\_dbmmodule.c","36","4","",
"2","2.19.0","missingIncludeSystem","information","Include file: &lt;ndbm.h&gt; not found. Please note: Cppcheck does not need standard library headers to get proper results.","Include file: &lt;ndbm.h&gt; not found. Please note: Cppcheck does not need standard library headers to get proper results.","","","C:\Users\lawrence\Desktop\School\GATech\Spring 2026\PUBP 6727 Cyber Sec Practicum\SourceCodeRepos\GitHub\SCAMR_Helper_SampleSourceCode\Modules\_dbmmodule.c","30","4","",
"2","2.19.0","missingInclude","information","Include file: &quot;pycore_critical_section.h&quot; not found.","Include file: &quot;pycore_critical_section.h&quot; not found.","","","C:\Users\lawrence\Desktop\School\GATech\Spring 2026\PUBP 6727 Cyber Sec Practicum\SourceCodeRepos\GitHub\SCAMR_Helper_SampleSourceCode\Modules\clinic\_dbmmodule.c.h","8","2","",
"2","2.19.0","missingInclude","information","Include file: &quot;pycore_modsupport.h&quot; not found.","Include file: &quot;pycore_modsupport.h&quot; not found.","","","C:\Users\lawrence\Desktop\School\GATech\Spring 2026\PUBP 6727 Cyber Sec Practicum\SourceCodeRepos\GitHub\SCAMR_Helper_SampleSourceCode\Modules\clinic\_dbmmodule.c.h","9","2","",
"2","2.19.0","missingInclude","information","Include file: &quot;Python.h&quot; not found.","Include file: &quot;Python.h&quot; not found.","","","C:\Users\lawrence\Desktop\School\GATech\Spring 2026\PUBP 6727 Cyber Sec Practicum\SourceCodeRepos\GitHub\SCAMR_Helper_SampleSourceCode\Modules\_elementtree.c","18","2","",
"2","2.19.0","missingInclude","information","Include file: &quot;pycore_pyhash.h&quot; not found.","Include file: &quot;pycore_pyhash.h&quot; not found.","","","C:\Users\lawrence\Desktop\School\GATech\Spring 2026\PUBP 6727 Cyber Sec Practicum\SourceCodeRepos\GitHub\SCAMR_Helper_SampleSourceCode\Modules\_elementtree.c","19","2","",
"2","2.19.0","missingInclude","information","Include file: &quot;pycore_weakref.h&quot; not found.","Include file: &quot;pycore_weakref.h&quot; not found.","","","C:\Users\lawrence\Desktop\School\GATech\Spring 2026\PUBP 6727 Cyber Sec Practicum\SourceCodeRepos\GitHub\SCAMR_Helper_SampleSourceCode\Modules\_elementtree.c","20","2","",
"2","2.19.0","missingIncludeSystem","information","Include file: &lt;stddef.h&gt; not found. Please note: Cppcheck does not need standard library headers to get proper results.","Include file: &lt;stddef.h&gt; not found. Please note: Cppcheck does not need standard library headers to get proper results.","","","C:\Users\lawrence\Desktop\School\GATech\Spring 2026\PUBP 6727 Cyber Sec Practicum\SourceCodeRepos\GitHub\SCAMR_Helper_SampleSourceCode\Modules\_elementtree.c","22","2","",
"2","2.19.0","missingInclude","information","Include file: &quot;expat.h&quot; not found.","Include file: &quot;expat.h&quot; not found.","","","C:\Users\lawrence\Desktop\School\GATech\Spring 2026\PUBP 6727 Cyber Sec Practicum\SourceCodeRepos\GitHub\SCAMR_Helper_SampleSourceCode\Modules\_elementtree.c","23","2","",
"2","2.19.0","missingInclude","information","Include file: &quot;pyexpat.h&quot; not found.","Include file: &quot;pyexpat.h&quot; not found.","","","C:\Users\lawrence\Desktop\School\GATech\Spring 2026\PUBP 6727 Cyber Sec Practicum\SourceCodeRepos\GitHub\SCAMR_Helper_SampleSourceCode\Modules\_elementtree.c","24","2","",
"2","2.19.0","unknownMacro","error","There is an unknown macro here somewhere. Configuration is required. If Py_LOCAL_INLINE is a macro then please configure it.","There is an unknown macro here somewhere. Configuration is required. If Py_LOCAL_INLINE is a macro then please configure it.","","","C:\Users\lawrence\Desktop\School\GATech\Spring 2026\PUBP 6727 Cyber Sec Practicum\SourceCodeRepos\GitHub\SCAMR_Helper_SampleSourceCode\Modules\_elementtree.c","61","1","",
"2","2.19.0","missingInclude","information","Include file: &quot;pycore_abstract.h&quot; not found.","Include file: &quot;pycore_abstract.h&quot; not found.","","","C:\Users\lawrence\Desktop\School\GATech\Spring 2026\PUBP 6727 Cyber Sec Practicum\SourceCodeRepos\GitHub\SCAMR_Helper_SampleSourceCode\Modules\clinic\_elementtree.c.h","9","2","",
"2","2.19.0","missingInclude","information","Include file: &quot;pycore_modsupport.h&quot; not found.","Include file: &quot;pycore_modsupport.h&quot; not found.","","","C:\Users\lawrence\Desktop\School\GATech\Spring 2026\PUBP 6727 Cyber Sec Practicum\SourceCodeRepos\GitHub\SCAMR_Helper_SampleSourceCode\Modules\clinic\_elementtree.c.h","10","2","",
"2","2.19.0","missingInclude","information","Include file: &quot;Python.h&quot; not found.","Include file: &quot;Python.h&quot; not found.","","","C:\Users\lawrence\Desktop\School\GATech\Spring 2026\PUBP 6727 Cyber Sec Practicum\SourceCodeRepos\GitHub\SCAMR_Helper_SampleSourceCode\Modules\_functoolsmodule.c","1","2","",
"2","2.19.0","missingInclude","information","Include file: &quot;pycore_call.h&quot; not found.","Include file: &quot;pycore_call.h&quot; not found.","","","C:\Users\lawrence\Desktop\School\GATech\Spring 2026\PUBP 6727 Cyber Sec Practicum\SourceCodeRepos\GitHub\SCAMR_Helper_SampleSourceCode\Modules\_functoolsmodule.c","2","2","",
"2","2.19.0","missingInclude","information","Include file: &quot;pycore_dict.h&quot; not found.","Include file: &quot;pycore_dict.h&quot; not found.","","","C:\Users\lawrence\Desktop\School\GATech\Spring 2026\PUBP 6727 Cyber Sec Practicum\SourceCodeRepos\GitHub\SCAMR_Helper_SampleSourceCode\Modules\_functoolsmodule.c","3","2","",
"2","2.19.0","missingInclude","information","Include file: &quot;pycore_long.h&quot; not found.","Include file: &quot;pycore_long.h&quot; not found.","","","C:\Users\lawrence\Desktop\School\GATech\Spring 2026\PUBP 6727 Cyber Sec Practicum\SourceCodeRepos\GitHub\SCAMR_Helper_SampleSourceCode\Modules\_functoolsmodule.c","4","2","",
"2","2.19.0","missingInclude","information","Include file: &quot;pycore_moduleobject.h&quot; not found.","Include file: &quot;pycore_moduleobject.h&quot; not found.","","","C:\Users\lawrence\Desktop\School\GATech\Spring 2026\PUBP 6727 Cyber Sec Practicum\SourceCodeRepos\GitHub\SCAMR_Helper_SampleSourceCode\Modules\_functoolsmodule.c","5","2","",
"2","2.19.0","missingInclude","information","Include file: &quot;pycore_object.h&quot; not found.","Include file: &quot;pycore_object.h&quot; not found.","","","C:\Users\lawrence\Desktop\School\GATech\Spring 2026\PUBP 6727 Cyber Sec Practicum\SourceCodeRepos\GitHub\SCAMR_Helper_SampleSourceCode\Modules\_functoolsmodule.c","6","2","",
"2","2.19.0","missingInclude","information","Include file: &quot;pycore_pyatomic_ft_wrappers.h&quot; not found.","Include file: &quot;pycore_pyatomic_ft_wrappers.h&quot; not found.","","","C:\Users\lawrence\Desktop\School\GATech\Spring 2026\PUBP 6727 Cyber Sec Practicum\SourceCodeRepos\GitHub\SCAMR_Helper_SampleSourceCode\Modules\_functoolsmodule.c","7","2","",
"2","2.19.0","missingInclude","information","Include file: &quot;pycore_pystate.h&quot; not found.","Include file: &quot;pycore_pystate.h&quot; not found.","","","C:\Users\lawrence\Desktop\School\GATech\Spring 2026\PUBP 6727 Cyber Sec Practicum\SourceCodeRepos\GitHub\SCAMR_Helper_SampleSourceCode\Modules\_functoolsmodule.c","8","2","",
"2","2.19.0","missingInclude","information","Include file: &quot;pycore_tuple.h&quot; not found.","Include file: &quot;pycore_tuple.h&quot; not found.","","","C:\Users\lawrence\Desktop\School\GATech\Spring 2026\PUBP 6727 Cyber Sec Practicum\SourceCodeRepos\GitHub\SCAMR_Helper_SampleSourceCode\Modules\_functoolsmodule.c","9","2","",
"2","2.19.0","missingInclude","information","Include file: &quot;pycore_weakref.h&quot; not found.","Include file: &quot;pycore_weakref.h&quot; not found.","","","C:\Users\lawrence\Desktop\School\GATech\Spring 2026\PUBP 6727 Cyber Sec Practicum\SourceCodeRepos\GitHub\SCAMR_Helper_SampleSourceCode\Modules\_functoolsmodule.c","10","2","",
"2","2.19.0","normalCheckLevelMaxBranches","information","Limiting analysis of branches. Use --check-level=exhaustive to analyze all branches.","Limiting analysis of branches. Use --check-level=exhaustive to analyze all branches.","","","C:\Users\lawrence\Desktop\School\GATech\Spring 2026\PUBP 6727 Cyber Sec Practicum\SourceCodeRepos\GitHub\SCAMR_Helper_SampleSourceCode\Modules\_functoolsmodule.c","0","","",
"2","2.19.0","knownConditionTrueFalse","style","Condition &#039;state-&gt;placeholder==NULL&#039; is always true","Condition &#039;state-&gt;placeholder==NULL&#039; is always true","571","","C:\Users\lawrence\Desktop\School\GATech\Spring 2026\PUBP 6727 Cyber Sec Practicum\SourceCodeRepos\GitHub\SCAMR_Helper_SampleSourceCode\Modules\_functoolsmodule.c","105","28","Condition &#039;state-&gt;placeholder==NULL&#039; is always true",
"2","2.19.0","knownConditionTrueFalse","style","Condition &#039;state-&gt;placeholder==NULL&#039; is always true","Condition &#039;state-&gt;placeholder==NULL&#039; is always true","571","","C:\Users\lawrence\Desktop\School\GATech\Spring 2026\PUBP 6727 Cyber Sec Practicum\SourceCodeRepos\GitHub\SCAMR_Helper_SampleSourceCode\Modules\_functoolsmodule.c","101","21","Assuming condition is false",
"2","2.19.0","knownConditionTrueFalse","style","Condition &#039;state-&gt;placeholder==NULL&#039; is always true","Condition &#039;state-&gt;placeholder==NULL&#039; is always true","571","","C:\Users\lawrence\Desktop\School\GATech\Spring 2026\PUBP 6727 Cyber Sec Practicum\SourceCodeRepos\GitHub\SCAMR_Helper_SampleSourceCode\Modules\_functoolsmodule.c","96","28","Assuming that condition &#039;state-&gt;placeholder!=NULL&#039; is not redundant",
"2","2.19.0","constParameterCallback","style","Parameter &#039;op&#039; can be declared as pointer to const. However it seems that &#039;placeholder_repr&#039; is a callback function, if &#039;op&#039; is declared with const you might also need to cast function pointer(s).","Parameter &#039;op&#039; can be declared as pointer to const. However it seems that &#039;placeholder_repr&#039; is a callback function, if &#039;op&#039; is declared with const you might also need to cast function pointer(s).","398","","C:\Users\lawrence\Desktop\School\GATech\Spring 2026\PUBP 6727 Cyber Sec Practicum\SourceCodeRepos\GitHub\SCAMR_Helper_SampleSourceCode\Modules\_functoolsmodule.c","63","28","Parameter &#039;op&#039; can be declared as pointer to const",
"2","2.19.0","constParameterCallback","style","Parameter &#039;op&#039; can be declared as pointer to const. However it seems that &#039;placeholder_repr&#039; is a callback function, if &#039;op&#039; is declared with const you might also need to cast function pointer(s).","Parameter &#039;op&#039; can be declared as pointer to const. However it seems that &#039;placeholder_repr&#039; is a callback function, if &#039;op&#039; is declared with const you might also need to cast function pointer(s).","398","","C:\Users\lawrence\Desktop\School\GATech\Spring 2026\PUBP 6727 Cyber Sec Practicum\SourceCodeRepos\GitHub\SCAMR_Helper_SampleSourceCode\Modules\_functoolsmodule.c","113","18","You might need to cast the function pointer here",
"2","2.19.0","constParameterCallback","style","Parameter &#039;op&#039; can be declared as pointer to const. However it seems that &#039;placeholder_reduce&#039; is a callback function, if &#039;op&#039; is declared with const you might also need to cast function pointer(s).","Parameter &#039;op&#039; can be declared as pointer to const. However it seems that &#039;placeholder_reduce&#039; is a callback function, if &#039;op&#039; is declared with const you might also need to cast function pointer(s).","398","","C:\Users\lawrence\Desktop\School\GATech\Spring 2026\PUBP 6727 Cyber Sec Practicum\SourceCodeRepos\GitHub\SCAMR_Helper_SampleSourceCode\Modules\_functoolsmodule.c","69","30","Parameter &#039;op&#039; can be declared as pointer to const",
"2","2.19.0","constParameterCallback","style","Parameter &#039;op&#039; can be declared as pointer to const. However it seems that &#039;placeholder_reduce&#039; is a callback function, if &#039;op&#039; is declared with const you might also need to cast function pointer(s).","Parameter &#039;op&#039; can be declared as pointer to const. However it seems that &#039;placeholder_reduce&#039; is a callback function, if &#039;op&#039; is declared with const you might also need to cast function pointer(s).","398","","C:\Users\lawrence\Desktop\School\GATech\Spring 2026\PUBP 6727 Cyber Sec Practicum\SourceCodeRepos\GitHub\SCAMR_Helper_SampleSourceCode\Modules\_functoolsmodule.c","75","20","You might need to cast the function pointer here",
"2","2.19.0","missingInclude","information","Include file: &quot;pycore_critical_section.h&quot; not found.","Include file: &quot;pycore_critical_section.h&quot; not found.","","","C:\Users\lawrence\Desktop\School\GATech\Spring 2026\PUBP 6727 Cyber Sec Practicum\SourceCodeRepos\GitHub\SCAMR_Helper_SampleSourceCode\Modules\clinic\_functoolsmodule.c.h","9","2","",
"2","2.19.0","missingInclude","information","Include file: &quot;pycore_modsupport.h&quot; not found.","Include file: &quot;pycore_modsupport.h&quot; not found.","","","C:\Users\lawrence\Desktop\School\GATech\Spring 2026\PUBP 6727 Cyber Sec Practicum\SourceCodeRepos\GitHub\SCAMR_Helper_SampleSourceCode\Modules\clinic\_functoolsmodule.c.h","10","2","",
"2","2.19.0","missingInclude","information","Include file: &quot;Python.h&quot; not found.","Include file: &quot;Python.h&quot; not found.","","","C:\Users\lawrence\Desktop\School\GATech\Spring 2026\PUBP 6727 Cyber Sec Practicum\SourceCodeRepos\GitHub\SCAMR_Helper_SampleSourceCode\Modules\_gdbmmodule.c","10","2","",
"2","2.19.0","missingInclude","information","Include file: &quot;pycore_object.h&quot; not found.","Include file: &quot;pycore_object.h&quot; not found.","","","C:\Users\lawrence\Desktop\School\GATech\Spring 2026\PUBP 6727 Cyber Sec Practicum\SourceCodeRepos\GitHub\SCAMR_Helper_SampleSourceCode\Modules\_gdbmmodule.c","11","2","",
"2","2.19.0","missingInclude","information","Include file: &quot;pycore_pyerrors.h&quot; not found.","Include file: &quot;pycore_pyerrors.h&quot; not found.","","","C:\Users\lawrence\Desktop\School\GATech\Spring 2026\PUBP 6727 Cyber Sec Practicum\SourceCodeRepos\GitHub\SCAMR_Helper_SampleSourceCode\Modules\_gdbmmodule.c","12","2","",
"2","2.19.0","missingInclude","information","Include file: &quot;gdbm.h&quot; not found.","Include file: &quot;gdbm.h&quot; not found.","","","C:\Users\lawrence\Desktop\School\GATech\Spring 2026\PUBP 6727 Cyber Sec Practicum\SourceCodeRepos\GitHub\SCAMR_Helper_SampleSourceCode\Modules\_gdbmmodule.c","13","2","",
"2","2.19.0","missingIncludeSystem","information","Include file: &lt;fcntl.h&gt; not found. Please note: Cppcheck does not need standard library headers to get proper results.","Include file: &lt;fcntl.h&gt; not found. Please note: Cppcheck does not need standard library headers to get proper results.","","","C:\Users\lawrence\Desktop\School\GATech\Spring 2026\PUBP 6727 Cyber Sec Practicum\SourceCodeRepos\GitHub\SCAMR_Helper_SampleSourceCode\Modules\_gdbmmodule.c","15","2","",
"2","2.19.0","missingIncludeSystem","information","Include file: &lt;stdlib.h&gt; not found. Please note: Cppcheck does not need standard library headers to get proper results.","Include file: &lt;stdlib.h&gt; not found. Please note: Cppcheck does not need standard library headers to get proper results.","","","C:\Users\lawrence\Desktop\School\GATech\Spring 2026\PUBP 6727 Cyber Sec Practicum\SourceCodeRepos\GitHub\SCAMR_Helper_SampleSourceCode\Modules\_gdbmmodule.c","16","2","",
"2","2.19.0","missingIncludeSystem","information","Include file: &lt;sys/stat.h&gt; not found. Please note: Cppcheck does not need standard library headers to get proper results.","Include file: &lt;sys/stat.h&gt; not found. Please note: Cppcheck does not need standard library headers to get proper results.","","","C:\Users\lawrence\Desktop\School\GATech\Spring 2026\PUBP 6727 Cyber Sec Practicum\SourceCodeRepos\GitHub\SCAMR_Helper_SampleSourceCode\Modules\_gdbmmodule.c","17","2","",
"2","2.19.0","missingIncludeSystem","information","Include file: &lt;sys/types.h&gt; not found. Please note: Cppcheck does not need standard library headers to get proper results.","Include file: &lt;sys/types.h&gt; not found. Please note: Cppcheck does not need standard library headers to get proper results.","","","C:\Users\lawrence\Desktop\School\GATech\Spring 2026\PUBP 6727 Cyber Sec Practicum\SourceCodeRepos\GitHub\SCAMR_Helper_SampleSourceCode\Modules\_gdbmmodule.c","18","2","",
"2","2.19.0","normalCheckLevelMaxBranches","information","Limiting analysis of branches. Use --check-level=exhaustive to analyze all branches.","Limiting analysis of branches. Use --check-level=exhaustive to analyze all branches.","","","C:\Users\lawrence\Desktop\School\GATech\Spring 2026\PUBP 6727 Cyber Sec Practicum\SourceCodeRepos\GitHub\SCAMR_Helper_SampleSourceCode\Modules\_gdbmmodule.c","0","","",
"2","2.19.0","missingReturn","error","Found an exit path from function with non-void return type that has missing return statement","Found an exit path from function with non-void return type that has missing return statement","758","","C:\Users\lawrence\Desktop\School\GATech\Spring 2026\PUBP 6727 Cyber Sec Practicum\SourceCodeRepos\GitHub\SCAMR_Helper_SampleSourceCode\Modules\_gdbmmodule.c","415","5","",
"2","2.19.0","missingReturn","error","Found an exit path from function with non-void return type that has missing return statement","Found an exit path from function with non-void return type that has missing return statement","758","","C:\Users\lawrence\Desktop\School\GATech\Spring 2026\PUBP 6727 Cyber Sec Practicum\SourceCodeRepos\GitHub\SCAMR_Helper_SampleSourceCode\Modules\_gdbmmodule.c","545","9","",
"2","2.19.0","missingReturn","error","Found an exit path from function with non-void return type that has missing return statement","Found an exit path from function with non-void return type that has missing return statement","758","","C:\Users\lawrence\Desktop\School\GATech\Spring 2026\PUBP 6727 Cyber Sec Practicum\SourceCodeRepos\GitHub\SCAMR_Helper_SampleSourceCode\Modules\_gdbmmodule.c","588","9","",
"2","2.19.0","missingReturn","error","Found an exit path from function with non-void return type that has missing return statement","Found an exit path from function with non-void return type that has missing return statement","758","","C:\Users\lawrence\Desktop\School\GATech\Spring 2026\PUBP 6727 Cyber Sec Practicum\SourceCodeRepos\GitHub\SCAMR_Helper_SampleSourceCode\Modules\_gdbmmodule.c","623","5","",
"2","2.19.0","variableScope","style","The scope of the variable &#039;item&#039; can be reduced.","The scope of the variable &#039;item&#039; can be reduced. Warning: Be careful when fixing this message, especially when there are inner loops. Here is an example where cppcheck will write that the scope for &#039;i&#039; can be reduced:
void f(int x)
{
    int i = 0;
    if (x) {
        // it&#039;s safe to move &#039;int i = 0;&#039; here
        for (int n = 0; n &lt; 10; ++n) {
            // it is possible but not safe to move &#039;int i = 0;&#039; here
            do_something(&amp;i);
        }
    }
}
When you see this message it is always safe to reduce the variable scope 1 level.","398","","C:\Users\lawrence\Desktop\School\GATech\Spring 2026\PUBP 6727 Cyber Sec Practicum\SourceCodeRepos\GitHub\SCAMR_Helper_SampleSourceCode\Modules\_gdbmmodule.c","434","19","",
"2","2.19.0","variableScope","style","The scope of the variable &#039;nextkey&#039; can be reduced.","The scope of the variable &#039;nextkey&#039; can be reduced. Warning: Be careful when fixing this message, especially when there are inner loops. Here is an example where cppcheck will write that the scope for &#039;i&#039; can be reduced:
void f(int x)
{
    int i = 0;
    if (x) {
        // it&#039;s safe to move &#039;int i = 0;&#039; here
        for (int n = 0; n &lt; 10; ++n) {
            // it is possible but not safe to move &#039;int i = 0;&#039; here
            do_something(&amp;i);
        }
    }
}
When you see this message it is always safe to reduce the variable scope 1 level.","398","","C:\Users\lawrence\Desktop\School\GATech\Spring 2026\PUBP 6727 Cyber Sec Practicum\SourceCodeRepos\GitHub\SCAMR_Helper_SampleSourceCode\Modules\_gdbmmodule.c","435","16","",
"2","2.19.0","variableScope","style","The scope of the variable &#039;err&#039; can be reduced.","The scope of the variable &#039;err&#039; can be reduced. Warning: Be careful when fixing this message, especially when there are inner loops. Here is an example where cppcheck will write that the scope for &#039;i&#039; can be reduced:
void f(int x)
{
    int i = 0;
    if (x) {
        // it&#039;s safe to move &#039;int i = 0;&#039; here
        for (int n = 0; n &lt; 10; ++n) {
            // it is possible but not safe to move &#039;int i = 0;&#039; here
            do_something(&amp;i);
        }
    }
}
When you see this message it is always safe to reduce the variable scope 1 level.","398","","C:\Users\lawrence\Desktop\School\GATech\Spring 2026\PUBP 6727 Cyber Sec Practicum\SourceCodeRepos\GitHub\SCAMR_Helper_SampleSourceCode\Modules\_gdbmmodule.c","436","9","",
"2","2.19.0","variableScope","style","The scope of the variable &#039;v&#039; can be reduced.","The scope of the variable &#039;v&#039; can be reduced. Warning: Be careful when fixing this message, especially when there are inner loops. Here is an example where cppcheck will write that the scope for &#039;i&#039; can be reduced:
void f(int x)
{
    int i = 0;
    if (x) {
        // it&#039;s safe to move &#039;int i = 0;&#039; here
        for (int n = 0; n &lt; 10; ++n) {
            // it is possible but not safe to move &#039;int i = 0;&#039; here
            do_something(&amp;i);
        }
    }
}
When you see this message it is always safe to reduce the variable scope 1 level.","398","","C:\Users\lawrence\Desktop\School\GATech\Spring 2026\PUBP 6727 Cyber Sec Practicum\SourceCodeRepos\GitHub\SCAMR_Helper_SampleSourceCode\Modules\_gdbmmodule.c","532","15","",
"2","2.19.0","variableScope","style","The scope of the variable &#039;v&#039; can be reduced.","The scope of the variable &#039;v&#039; can be reduced. Warning: Be careful when fixing this message, especially when there are inner loops. Here is an example where cppcheck will write that the scope for &#039;i&#039; can be reduced:
void f(int x)
{
    int i = 0;
    if (x) {
        // it&#039;s safe to move &#039;int i = 0;&#039; here
        for (int n = 0; n &lt; 10; ++n) {
            // it is possible but not safe to move &#039;int i = 0;&#039; here
            do_something(&amp;i);
        }
    }
}
When you see this message it is always safe to reduce the variable scope 1 level.","398","","C:\Users\lawrence\Desktop\School\GATech\Spring 2026\PUBP 6727 Cyber Sec Practicum\SourceCodeRepos\GitHub\SCAMR_Helper_SampleSourceCode\Modules\_gdbmmodule.c","573","15","",
"2","2.19.0","variableScope","style","The scope of the variable &#039;key&#039; can be reduced.","The scope of the variable &#039;key&#039; can be reduced. Warning: Be careful when fixing this message, especially when there are inner loops. Here is an example where cppcheck will write that the scope for &#039;i&#039; can be reduced:
void f(int x)
{
    int i = 0;
    if (x) {
        // it&#039;s safe to move &#039;int i = 0;&#039; here
        for (int n = 0; n &lt; 10; ++n) {
            // it is possible but not safe to move &#039;int i = 0;&#039; here
            do_something(&amp;i);
        }
    }
}
When you see this message it is always safe to reduce the variable scope 1 level.","398","","C:\Users\lawrence\Desktop\School\GATech\Spring 2026\PUBP 6727 Cyber Sec Practicum\SourceCodeRepos\GitHub\SCAMR_Helper_SampleSourceCode\Modules\_gdbmmodule.c","666","11","",
"2","2.19.0","missingInclude","information","Include file: &quot;pycore_critical_section.h&quot; not found.","Include file: &quot;pycore_critical_section.h&quot; not found.","","","C:\Users\lawrence\Desktop\School\GATech\Spring 2026\PUBP 6727 Cyber Sec Practicum\SourceCodeRepos\GitHub\SCAMR_Helper_SampleSourceCode\Modules\clinic\_gdbmmodule.c.h","8","2","",
"2","2.19.0","missingInclude","information","Include file: &quot;pycore_modsupport.h&quot; not found.","Include file: &quot;pycore_modsupport.h&quot; not found.","","","C:\Users\lawrence\Desktop\School\GATech\Spring 2026\PUBP 6727 Cyber Sec Practicum\SourceCodeRepos\GitHub\SCAMR_Helper_SampleSourceCode\Modules\clinic\_gdbmmodule.c.h","9","2","",
"2","2.19.0","missingInclude","information","Include file: &quot;Python.h&quot; not found.","Include file: &quot;Python.h&quot; not found.","","","C:\Users\lawrence\Desktop\School\GATech\Spring 2026\PUBP 6727 Cyber Sec Practicum\SourceCodeRepos\GitHub\SCAMR_Helper_SampleSourceCode\Modules\_hashopenssl.c","25","2","",
"2","2.19.0","missingInclude","information","Include file: &quot;pycore_hashtable.h&quot; not found.","Include file: &quot;pycore_hashtable.h&quot; not found.","","","C:\Users\lawrence\Desktop\School\GATech\Spring 2026\PUBP 6727 Cyber Sec Practicum\SourceCodeRepos\GitHub\SCAMR_Helper_SampleSourceCode\Modules\_hashopenssl.c","26","2","",
"2","2.19.0","missingInclude","information","Include file: &quot;pycore_strhex.h&quot; not found.","Include file: &quot;pycore_strhex.h&quot; not found.","","","C:\Users\lawrence\Desktop\School\GATech\Spring 2026\PUBP 6727 Cyber Sec Practicum\SourceCodeRepos\GitHub\SCAMR_Helper_SampleSourceCode\Modules\_hashopenssl.c","27","2","",
"2","2.19.0","missingInclude","information","Include file: &quot;pycore_pyatomic_ft_wrappers.h&quot; not found.","Include file: &quot;pycore_pyatomic_ft_wrappers.h&quot; not found.","","","C:\Users\lawrence\Desktop\School\GATech\Spring 2026\PUBP 6727 Cyber Sec Practicum\SourceCodeRepos\GitHub\SCAMR_Helper_SampleSourceCode\Modules\_hashopenssl.c","28","2","",
"2","2.19.0","missingIncludeSystem","information","Include file: &lt;openssl/evp.h&gt; not found. Please note: Cppcheck does not need standard library headers to get proper results.","Include file: &lt;openssl/evp.h&gt; not found. Please note: Cppcheck does not need standard library headers to get proper results.","","","C:\Users\lawrence\Desktop\School\GATech\Spring 2026\PUBP 6727 Cyber Sec Practicum\SourceCodeRepos\GitHub\SCAMR_Helper_SampleSourceCode\Modules\_hashopenssl.c","32","2","",
"2","2.19.0","missingIncludeSystem","information","Include file: &lt;openssl/crypto.h&gt; not found. Please note: Cppcheck does not need standard library headers to get proper results.","Include file: &lt;openssl/crypto.h&gt; not found. Please note: Cppcheck does not need standard library headers to get proper results.","","","C:\Users\lawrence\Desktop\School\GATech\Spring 2026\PUBP 6727 Cyber Sec Practicum\SourceCodeRepos\GitHub\SCAMR_Helper_SampleSourceCode\Modules\_hashopenssl.c","33","2","",
"2","2.19.0","missingIncludeSystem","information","Include file: &lt;openssl/objects.h&gt; not found. Please note: Cppcheck does not need standard library headers to get proper results.","Include file: &lt;openssl/objects.h&gt; not found. Please note: Cppcheck does not need standard library headers to get proper results.","","","C:\Users\lawrence\Desktop\School\GATech\Spring 2026\PUBP 6727 Cyber Sec Practicum\SourceCodeRepos\GitHub\SCAMR_Helper_SampleSourceCode\Modules\_hashopenssl.c","35","2","",
"2","2.19.0","missingIncludeSystem","information","Include file: &lt;openssl/err.h&gt; not found. Please note: Cppcheck does not need standard library headers to get proper results.","Include file: &lt;openssl/err.h&gt; not found. Please note: Cppcheck does not need standard library headers to get proper results.","","","C:\Users\lawrence\Desktop\School\GATech\Spring 2026\PUBP 6727 Cyber Sec Practicum\SourceCodeRepos\GitHub\SCAMR_Helper_SampleSourceCode\Modules\_hashopenssl.c","36","2","",
"2","2.19.0","missingIncludeSystem","information","Include file: &lt;stdbool.h&gt; not found. Please note: Cppcheck does not need standard library headers to get proper results.","Include file: &lt;stdbool.h&gt; not found. Please note: Cppcheck does not need standard library headers to get proper results.","","","C:\Users\lawrence\Desktop\School\GATech\Spring 2026\PUBP 6727 Cyber Sec Practicum\SourceCodeRepos\GitHub\SCAMR_Helper_SampleSourceCode\Modules\_hashopenssl.c","38","2","",
"2","2.19.0","missingIncludeSystem","information","Include file: &lt;openssl/hmac.h&gt; not found. Please note: Cppcheck does not need standard library headers to get proper results.","Include file: &lt;openssl/hmac.h&gt; not found. Please note: Cppcheck does not need standard library headers to get proper results.","","","C:\Users\lawrence\Desktop\School\GATech\Spring 2026\PUBP 6727 Cyber Sec Practicum\SourceCodeRepos\GitHub\SCAMR_Helper_SampleSourceCode\Modules\_hashopenssl.c","45","4","",
"2","2.19.0","unknownMacro","error","There is an unknown macro here somewhere. Configuration is required. If Py_END_ALLOW_THREADS is a macro then please configure it.","There is an unknown macro here somewhere. Configuration is required. If Py_END_ALLOW_THREADS is a macro then please configure it.","","","C:\Users\lawrence\Desktop\School\GATech\Spring 2026\PUBP 6727 Cyber Sec Practicum\SourceCodeRepos\GitHub\SCAMR_Helper_SampleSourceCode\Modules\_hashopenssl.c","988","5","",
"2","2.19.0","missingInclude","information","Include file: &quot;pycore_lock.h&quot; not found.","Include file: &quot;pycore_lock.h&quot; not found.","","","C:\Users\lawrence\Desktop\School\GATech\Spring 2026\PUBP 6727 Cyber Sec Practicum\SourceCodeRepos\GitHub\SCAMR_Helper_SampleSourceCode\Modules\hashlib.h","3","2","",
"2","2.19.0","missingInclude","information","Include file: &quot;pycore_lock.h&quot; not found.","Include file: &quot;pycore_lock.h&quot; not found.","","","C:\Users\lawrence\Desktop\School\GATech\Spring 2026\PUBP 6727 Cyber Sec Practicum\SourceCodeRepos\GitHub\SCAMR_Helper_SampleSourceCode\Modules\hashlib.h","3","2","",
"2","2.19.0","missingInclude","information","Include file: &quot;pycore_lock.h&quot; not found.","Include file: &quot;pycore_lock.h&quot; not found.","","","C:\Users\lawrence\Desktop\School\GATech\Spring 2026\PUBP 6727 Cyber Sec Practicum\SourceCodeRepos\GitHub\SCAMR_Helper_SampleSourceCode\Modules\hashlib.h","3","2","",
"2","2.19.0","missingInclude","information","Include file: &quot;pycore_lock.h&quot; not found.","Include file: &quot;pycore_lock.h&quot; not found.","","","C:\Users\lawrence\Desktop\School\GATech\Spring 2026\PUBP 6727 Cyber Sec Practicum\SourceCodeRepos\GitHub\SCAMR_Helper_SampleSourceCode\Modules\hashlib.h","3","2","",
"2","2.19.0","missingInclude","information","Include file: &quot;pycore_lock.h&quot; not found.","Include file: &quot;pycore_lock.h&quot; not found.","","","C:\Users\lawrence\Desktop\School\GATech\Spring 2026\PUBP 6727 Cyber Sec Practicum\SourceCodeRepos\GitHub\SCAMR_Helper_SampleSourceCode\Modules\hashlib.h","3","2","",
"2","2.19.0","missingInclude","information","Include file: &quot;pycore_lock.h&quot; not found.","Include file: &quot;pycore_lock.h&quot; not found.","","","C:\Users\lawrence\Desktop\School\GATech\Spring 2026\PUBP 6727 Cyber Sec Practicum\SourceCodeRepos\GitHub\SCAMR_Helper_SampleSourceCode\Modules\hashlib.h","3","2","",
"2","2.19.0","missingInclude","information","Include file: &quot;pycore_lock.h&quot; not found.","Include file: &quot;pycore_lock.h&quot; not found.","","","C:\Users\lawrence\Desktop\School\GATech\Spring 2026\PUBP 6727 Cyber Sec Practicum\SourceCodeRepos\GitHub\SCAMR_Helper_SampleSourceCode\Modules\hashlib.h","3","2","",
"2","2.19.0","missingInclude","information","Include file: &quot;pycore_abstract.h&quot; not found.","Include file: &quot;pycore_abstract.h&quot; not found.","","","C:\Users\lawrence\Desktop\School\GATech\Spring 2026\PUBP 6727 Cyber Sec Practicum\SourceCodeRepos\GitHub\SCAMR_Helper_SampleSourceCode\Modules\clinic\_hashopenssl.c.h","9","2","",
"2","2.19.0","missingInclude","information","Include file: &quot;pycore_long.h&quot; not found.","Include file: &quot;pycore_long.h&quot; not found.","","","C:\Users\lawrence\Desktop\School\GATech\Spring 2026\PUBP 6727 Cyber Sec Practicum\SourceCodeRepos\GitHub\SCAMR_Helper_SampleSourceCode\Modules\clinic\_hashopenssl.c.h","10","2","",
"2","2.19.0","missingInclude","information","Include file: &quot;pycore_modsupport.h&quot; not found.","Include file: &quot;pycore_modsupport.h&quot; not found.","","","C:\Users\lawrence\Desktop\School\GATech\Spring 2026\PUBP 6727 Cyber Sec Practicum\SourceCodeRepos\GitHub\SCAMR_Helper_SampleSourceCode\Modules\clinic\_hashopenssl.c.h","11","2","",
"2","2.19.0","missingInclude","information","Include file: &quot;Python.h&quot; not found.","Include file: &quot;Python.h&quot; not found.","","","C:\Users\lawrence\Desktop\School\GATech\Spring 2026\PUBP 6727 Cyber Sec Practicum\SourceCodeRepos\GitHub\SCAMR_Helper_SampleSourceCode\Modules\_heapqmodule.c","13","2","",
"2","2.19.0","missingInclude","information","Include file: &quot;pycore_list.h&quot; not found.","Include file: &quot;pycore_list.h&quot; not found.","","","C:\Users\lawrence\Desktop\School\GATech\Spring 2026\PUBP 6727 Cyber Sec Practicum\SourceCodeRepos\GitHub\SCAMR_Helper_SampleSourceCode\Modules\_heapqmodule.c","14","2","",
"2","2.19.0","missingInclude","information","Include file: &quot;pycore_pyatomic_ft_wrappers.h&quot; not found.","Include file: &quot;pycore_pyatomic_ft_wrappers.h&quot; not found.","","","C:\Users\lawrence\Desktop\School\GATech\Spring 2026\PUBP 6727 Cyber Sec Practicum\SourceCodeRepos\GitHub\SCAMR_Helper_SampleSourceCode\Modules\_heapqmodule.c","15","2","",
"2","2.19.0","normalCheckLevelMaxBranches","information","Limiting analysis of branches. Use --check-level=exhaustive to analyze all branches.","Limiting analysis of branches. Use --check-level=exhaustive to analyze all branches.","","","C:\Users\lawrence\Desktop\School\GATech\Spring 2026\PUBP 6727 Cyber Sec Practicum\SourceCodeRepos\GitHub\SCAMR_Helper_SampleSourceCode\Modules\_heapqmodule.c","0","","",
"2","2.19.0","missingReturn","error","Found an exit path from function with non-void return type that has missing return statement","Found an exit path from function with non-void return type that has missing return statement","758","","C:\Users\lawrence\Desktop\School\GATech\Spring 2026\PUBP 6727 Cyber Sec Practicum\SourceCodeRepos\GitHub\SCAMR_Helper_SampleSourceCode\Modules\_heapqmodule.c","148","5","",
"2","2.19.0","missingReturn","error","Found an exit path from function with non-void return type that has missing return statement","Found an exit path from function with non-void return type that has missing return statement","758","","C:\Users\lawrence\Desktop\School\GATech\Spring 2026\PUBP 6727 Cyber Sec Practicum\SourceCodeRepos\GitHub\SCAMR_Helper_SampleSourceCode\Modules\_heapqmodule.c","529","5","",
"2","2.19.0","variableScope","style","The scope of the variable &#039;parent&#039; can be reduced.","The scope of the variable &#039;parent&#039; can be reduced. Warning: Be careful when fixing this message, especially when there are inner loops. Here is an example where cppcheck will write that the scope for &#039;i&#039; can be reduced:
void f(int x)
{
    int i = 0;
    if (x) {
        // it&#039;s safe to move &#039;int i = 0;&#039; here
        for (int n = 0; n &lt; 10; ++n) {
            // it is possible but not safe to move &#039;int i = 0;&#039; here
            do_something(&amp;i);
        }
    }
}
When you see this message it is always safe to reduce the variable scope 1 level.","398","","C:\Users\lawrence\Desktop\School\GATech\Spring 2026\PUBP 6727 Cyber Sec Practicum\SourceCodeRepos\GitHub\SCAMR_Helper_SampleSourceCode\Modules\_heapqmodule.c","28","25","",
"2","2.19.0","variableScope","style","The scope of the variable &#039;parentpos&#039; can be reduced.","The scope of the variable &#039;parentpos&#039; can be reduced. Warning: Be careful when fixing this message, especially when there are inner loops. Here is an example where cppcheck will write that the scope for &#039;i&#039; can be reduced:
void f(int x)
{
    int i = 0;
    if (x) {
        // it&#039;s safe to move &#039;int i = 0;&#039; here
        for (int n = 0; n &lt; 10; ++n) {
            // it is possible but not safe to move &#039;int i = 0;&#039; here
            do_something(&amp;i);
        }
    }
}
When you see this message it is always safe to reduce the variable scope 1 level.","398","","C:\Users\lawrence\Desktop\School\GATech\Spring 2026\PUBP 6727 Cyber Sec Practicum\SourceCodeRepos\GitHub\SCAMR_Helper_SampleSourceCode\Modules\_heapqmodule.c","29","16","",
"2","2.19.0","variableScope","style","The scope of the variable &#039;cmp&#039; can be reduced.","The scope of the variable &#039;cmp&#039; can be reduced. Warning: Be careful when fixing this message, especially when there are inner loops. Here is an example where cppcheck will write that the scope for &#039;i&#039; can be reduced:
void f(int x)
{
    int i = 0;
    if (x) {
        // it&#039;s safe to move &#039;int i = 0;&#039; here
        for (int n = 0; n &lt; 10; ++n) {
            // it is possible but not safe to move &#039;int i = 0;&#039; here
            do_something(&amp;i);
        }
    }
}
When you see this message it is always safe to reduce the variable scope 1 level.","398","","C:\Users\lawrence\Desktop\School\GATech\Spring 2026\PUBP 6727 Cyber Sec Practicum\SourceCodeRepos\GitHub\SCAMR_Helper_SampleSourceCode\Modules\_heapqmodule.c","30","9","",
"2","2.19.0","variableScope","style","The scope of the variable &#039;childpos&#039; can be reduced.","The scope of the variable &#039;childpos&#039; can be reduced. Warning: Be careful when fixing this message, especially when there are inner loops. Here is an example where cppcheck will write that the scope for &#039;i&#039; can be reduced:
void f(int x)
{
    int i = 0;
    if (x) {
        // it&#039;s safe to move &#039;int i = 0;&#039; here
        for (int n = 0; n &lt; 10; ++n) {
            // it is possible but not safe to move &#039;int i = 0;&#039; here
            do_something(&amp;i);
        }
    }
}
When you see this message it is always safe to reduce the variable scope 1 level.","398","","C:\Users\lawrence\Desktop\School\GATech\Spring 2026\PUBP 6727 Cyber Sec Practicum\SourceCodeRepos\GitHub\SCAMR_Helper_SampleSourceCode\Modules\_heapqmodule.c","73","34","",
"2","2.19.0","variableScope","style","The scope of the variable &#039;tmp1&#039; can be reduced.","The scope of the variable &#039;tmp1&#039; can be reduced. Warning: Be careful when fixing this message, especially when there are inner loops. Here is an example where cppcheck will write that the scope for &#039;i&#039; can be reduced:
void f(int x)
{
    int i = 0;
    if (x) {
        // it&#039;s safe to move &#039;int i = 0;&#039; here
        for (int n = 0; n &lt; 10; ++n) {
            // it is possible but not safe to move &#039;int i = 0;&#039; here
            do_something(&amp;i);
        }
    }
}
When you see this message it is always safe to reduce the variable scope 1 level.","398","","C:\Users\lawrence\Desktop\School\GATech\Spring 2026\PUBP 6727 Cyber Sec Practicum\SourceCodeRepos\GitHub\SCAMR_Helper_SampleSourceCode\Modules\_heapqmodule.c","74","15","",
"2","2.19.0","variableScope","style","The scope of the variable &#039;tmp2&#039; can be reduced.","The scope of the variable &#039;tmp2&#039; can be reduced. Warning: Be careful when fixing this message, especially when there are inner loops. Here is an example where cppcheck will write that the scope for &#039;i&#039; can be reduced:
void f(int x)
{
    int i = 0;
    if (x) {
        // it&#039;s safe to move &#039;int i = 0;&#039; here
        for (int n = 0; n &lt; 10; ++n) {
            // it is possible but not safe to move &#039;int i = 0;&#039; here
            do_something(&amp;i);
        }
    }
}
When you see this message it is always safe to reduce the variable scope 1 level.","398","","C:\Users\lawrence\Desktop\School\GATech\Spring 2026\PUBP 6727 Cyber Sec Practicum\SourceCodeRepos\GitHub\SCAMR_Helper_SampleSourceCode\Modules\_heapqmodule.c","74","22","",
"2","2.19.0","variableScope","style","The scope of the variable &#039;parent&#039; can be reduced.","The scope of the variable &#039;parent&#039; can be reduced. Warning: Be careful when fixing this message, especially when there are inner loops. Here is an example where cppcheck will write that the scope for &#039;i&#039; can be reduced:
void f(int x)
{
    int i = 0;
    if (x) {
        // it&#039;s safe to move &#039;int i = 0;&#039; here
        for (int n = 0; n &lt; 10; ++n) {
            // it is possible but not safe to move &#039;int i = 0;&#039; here
            do_something(&amp;i);
        }
    }
}
When you see this message it is always safe to reduce the variable scope 1 level.","398","","C:\Users\lawrence\Desktop\School\GATech\Spring 2026\PUBP 6727 Cyber Sec Practicum\SourceCodeRepos\GitHub\SCAMR_Helper_SampleSourceCode\Modules\_heapqmodule.c","410","25","",
"2","2.19.0","variableScope","style","The scope of the variable &#039;parentpos&#039; can be reduced.","The scope of the variable &#039;parentpos&#039; can be reduced. Warning: Be careful when fixing this message, especially when there are inner loops. Here is an example where cppcheck will write that the scope for &#039;i&#039; can be reduced:
void f(int x)
{
    int i = 0;
    if (x) {
        // it&#039;s safe to move &#039;int i = 0;&#039; here
        for (int n = 0; n &lt; 10; ++n) {
            // it is possible but not safe to move &#039;int i = 0;&#039; here
            do_something(&amp;i);
        }
    }
}
When you see this message it is always safe to reduce the variable scope 1 level.","398","","C:\Users\lawrence\Desktop\School\GATech\Spring 2026\PUBP 6727 Cyber Sec Practicum\SourceCodeRepos\GitHub\SCAMR_Helper_SampleSourceCode\Modules\_heapqmodule.c","411","16","",
"2","2.19.0","variableScope","style","The scope of the variable &#039;cmp&#039; can be reduced.","The scope of the variable &#039;cmp&#039; can be reduced. Warning: Be careful when fixing this message, especially when there are inner loops. Here is an example where cppcheck will write that the scope for &#039;i&#039; can be reduced:
void f(int x)
{
    int i = 0;
    if (x) {
        // it&#039;s safe to move &#039;int i = 0;&#039; here
        for (int n = 0; n &lt; 10; ++n) {
            // it is possible but not safe to move &#039;int i = 0;&#039; here
            do_something(&amp;i);
        }
    }
}
When you see this message it is always safe to reduce the variable scope 1 level.","398","","C:\Users\lawrence\Desktop\School\GATech\Spring 2026\PUBP 6727 Cyber Sec Practicum\SourceCodeRepos\GitHub\SCAMR_Helper_SampleSourceCode\Modules\_heapqmodule.c","412","9","",
"2","2.19.0","variableScope","style","The scope of the variable &#039;childpos&#039; can be reduced.","The scope of the variable &#039;childpos&#039; can be reduced. Warning: Be careful when fixing this message, especially when there are inner loops. Here is an example where cppcheck will write that the scope for &#039;i&#039; can be reduced:
void f(int x)
{
    int i = 0;
    if (x) {
        // it&#039;s safe to move &#039;int i = 0;&#039; here
        for (int n = 0; n &lt; 10; ++n) {
            // it is possible but not safe to move &#039;int i = 0;&#039; here
            do_something(&amp;i);
        }
    }
}
When you see this message it is always safe to reduce the variable scope 1 level.","398","","C:\Users\lawrence\Desktop\School\GATech\Spring 2026\PUBP 6727 Cyber Sec Practicum\SourceCodeRepos\GitHub\SCAMR_Helper_SampleSourceCode\Modules\_heapqmodule.c","454","34","",
"2","2.19.0","variableScope","style","The scope of the variable &#039;tmp1&#039; can be reduced.","The scope of the variable &#039;tmp1&#039; can be reduced. Warning: Be careful when fixing this message, especially when there are inner loops. Here is an example where cppcheck will write that the scope for &#039;i&#039; can be reduced:
void f(int x)
{
    int i = 0;
    if (x) {
        // it&#039;s safe to move &#039;int i = 0;&#039; here
        for (int n = 0; n &lt; 10; ++n) {
            // it is possible but not safe to move &#039;int i = 0;&#039; here
            do_something(&amp;i);
        }
    }
}
When you see this message it is always safe to reduce the variable scope 1 level.","398","","C:\Users\lawrence\Desktop\School\GATech\Spring 2026\PUBP 6727 Cyber Sec Practicum\SourceCodeRepos\GitHub\SCAMR_Helper_SampleSourceCode\Modules\_heapqmodule.c","455","15","",
"2","2.19.0","variableScope","style","The scope of the variable &#039;tmp2&#039; can be reduced.","The scope of the variable &#039;tmp2&#039; can be reduced. Warning: Be careful when fixing this message, especially when there are inner loops. Here is an example where cppcheck will write that the scope for &#039;i&#039; can be reduced:
void f(int x)
{
    int i = 0;
    if (x) {
        // it&#039;s safe to move &#039;int i = 0;&#039; here
        for (int n = 0; n &lt; 10; ++n) {
            // it is possible but not safe to move &#039;int i = 0;&#039; here
            do_something(&amp;i);
        }
    }
}
When you see this message it is always safe to reduce the variable scope 1 level.","398","","C:\Users\lawrence\Desktop\School\GATech\Spring 2026\PUBP 6727 Cyber Sec Practicum\SourceCodeRepos\GitHub\SCAMR_Helper_SampleSourceCode\Modules\_heapqmodule.c","455","22","",
"2","2.19.0","missingInclude","information","Include file: &quot;pycore_critical_section.h&quot; not found.","Include file: &quot;pycore_critical_section.h&quot; not found.","","","C:\Users\lawrence\Desktop\School\GATech\Spring 2026\PUBP 6727 Cyber Sec Practicum\SourceCodeRepos\GitHub\SCAMR_Helper_SampleSourceCode\Modules\clinic\_heapqmodule.c.h","5","2","",
"2","2.19.0","missingInclude","information","Include file: &quot;pycore_modsupport.h&quot; not found.","Include file: &quot;pycore_modsupport.h&quot; not found.","","","C:\Users\lawrence\Desktop\School\GATech\Spring 2026\PUBP 6727 Cyber Sec Practicum\SourceCodeRepos\GitHub\SCAMR_Helper_SampleSourceCode\Modules\clinic\_heapqmodule.c.h","6","2","",
"2","2.19.0","missingInclude","information","Include file: &quot;Python.h&quot; not found.","Include file: &quot;Python.h&quot; not found.","","","C:\Users\lawrence\Desktop\School\GATech\Spring 2026\PUBP 6727 Cyber Sec Practicum\SourceCodeRepos\GitHub\SCAMR_Helper_SampleSourceCode\Modules\_interpchannelsmodule.c","8","2","",
"2","2.19.0","missingInclude","information","Include file: &quot;pycore_crossinterp.h&quot; not found.","Include file: &quot;pycore_crossinterp.h&quot; not found.","","","C:\Users\lawrence\Desktop\School\GATech\Spring 2026\PUBP 6727 Cyber Sec Practicum\SourceCodeRepos\GitHub\SCAMR_Helper_SampleSourceCode\Modules\_interpchannelsmodule.c","9","2","",
"2","2.19.0","missingInclude","information","Include file: &quot;pycore_interp.h&quot; not found.","Include file: &quot;pycore_interp.h&quot; not found.","","","C:\Users\lawrence\Desktop\School\GATech\Spring 2026\PUBP 6727 Cyber Sec Practicum\SourceCodeRepos\GitHub\SCAMR_Helper_SampleSourceCode\Modules\_interpchannelsmodule.c","10","2","",
"2","2.19.0","missingInclude","information","Include file: &quot;pycore_pystate.h&quot; not found.","Include file: &quot;pycore_pystate.h&quot; not found.","","","C:\Users\lawrence\Desktop\School\GATech\Spring 2026\PUBP 6727 Cyber Sec Practicum\SourceCodeRepos\GitHub\SCAMR_Helper_SampleSourceCode\Modules\_interpchannelsmodule.c","11","2","",
"2","2.19.0","internalAstError","error","Syntax Error: AST broken, &#039;state&#039; doesn&#039;t have a parent.","Syntax Error: AST broken, &#039;state&#039; doesn&#039;t have a parent.","","","C:\Users\lawrence\Desktop\School\GATech\Spring 2026\PUBP 6727 Cyber Sec Practicum\SourceCodeRepos\GitHub\SCAMR_Helper_SampleSourceCode\Modules\_interpchannelsmodule.c","382","5","",
"2","2.19.0","missingIncludeSystem","information","Include file: &lt;sched.h&gt; not found. Please note: Cppcheck does not need standard library headers to get proper results.","Include file: &lt;sched.h&gt; not found. Please note: Cppcheck does not need standard library headers to get proper results.","","","C:\Users\lawrence\Desktop\School\GATech\Spring 2026\PUBP 6727 Cyber Sec Practicum\SourceCodeRepos\GitHub\SCAMR_Helper_SampleSourceCode\Modules\_interpchannelsmodule.c","19","2","",
"2","2.19.0","missingIncludeSystem","information","Include file: &lt;windows.h&gt; not found. Please note: Cppcheck does not need standard library headers to get proper results.","Include file: &lt;windows.h&gt; not found. Please note: Cppcheck does not need standard library headers to get proper results.","","","C:\Users\lawrence\Desktop\School\GATech\Spring 2026\PUBP 6727 Cyber Sec Practicum\SourceCodeRepos\GitHub\SCAMR_Helper_SampleSourceCode\Modules\_interpchannelsmodule.c","17","2","",
"2","2.19.0","missingInclude","information","Include file: &quot;Python.h&quot; not found.","Include file: &quot;Python.h&quot; not found.","","","C:\Users\lawrence\Desktop\School\GATech\Spring 2026\PUBP 6727 Cyber Sec Practicum\SourceCodeRepos\GitHub\SCAMR_Helper_SampleSourceCode\Modules\_interpqueuesmodule.c","8","2","",
"2","2.19.0","missingInclude","information","Include file: &quot;pycore_crossinterp.h&quot; not found.","Include file: &quot;pycore_crossinterp.h&quot; not found.","","","C:\Users\lawrence\Desktop\School\GATech\Spring 2026\PUBP 6727 Cyber Sec Practicum\SourceCodeRepos\GitHub\SCAMR_Helper_SampleSourceCode\Modules\_interpqueuesmodule.c","9","2","",
"2","2.19.0","normalCheckLevelMaxBranches","information","Limiting analysis of branches. Use --check-level=exhaustive to analyze all branches.","Limiting analysis of branches. Use --check-level=exhaustive to analyze all branches.","","","C:\Users\lawrence\Desktop\School\GATech\Spring 2026\PUBP 6727 Cyber Sec Practicum\SourceCodeRepos\GitHub\SCAMR_Helper_SampleSourceCode\Modules\_interpqueuesmodule.c","0","","",
"2","2.19.0","missingReturn","error","Found an exit path from function with non-void return type that has missing return statement","Found an exit path from function with non-void return type that has missing return statement","758","","C:\Users\lawrence\Desktop\School\GATech\Spring 2026\PUBP 6727 Cyber Sec Practicum\SourceCodeRepos\GitHub\SCAMR_Helper_SampleSourceCode\Modules\_interpqueuesmodule.c","1565","5","",
"2","2.19.0","missingReturn","error","Found an exit path from function with non-void return type that has missing return statement","Found an exit path from function with non-void return type that has missing return statement","758","","C:\Users\lawrence\Desktop\School\GATech\Spring 2026\PUBP 6727 Cyber Sec Practicum\SourceCodeRepos\GitHub\SCAMR_Helper_SampleSourceCode\Modules\_interpqueuesmodule.c","1646","5","",
"2","2.19.0","missingReturn","error","Found an exit path from function with non-void return type that has missing return statement","Found an exit path from function with non-void return type that has missing return statement","758","","C:\Users\lawrence\Desktop\School\GATech\Spring 2026\PUBP 6727 Cyber Sec Practicum\SourceCodeRepos\GitHub\SCAMR_Helper_SampleSourceCode\Modules\_interpqueuesmodule.c","1698","5","",
"2","2.19.0","missingReturn","error","Found an exit path from function with non-void return type that has missing return statement","Found an exit path from function with non-void return type that has missing return statement","758","","C:\Users\lawrence\Desktop\School\GATech\Spring 2026\PUBP 6727 Cyber Sec Practicum\SourceCodeRepos\GitHub\SCAMR_Helper_SampleSourceCode\Modules\_interpqueuesmodule.c","1726","5","",
"2","2.19.0","missingReturn","error","Found an exit path from function with non-void return type that has missing return statement","Found an exit path from function with non-void return type that has missing return statement","758","","C:\Users\lawrence\Desktop\School\GATech\Spring 2026\PUBP 6727 Cyber Sec Practicum\SourceCodeRepos\GitHub\SCAMR_Helper_SampleSourceCode\Modules\_interpqueuesmodule.c","1789","5","",
"2","2.19.0","missingReturn","error","Found an exit path from function with non-void return type that has missing return statement","Found an exit path from function with non-void return type that has missing return statement","758","","C:\Users\lawrence\Desktop\School\GATech\Spring 2026\PUBP 6727 Cyber Sec Practicum\SourceCodeRepos\GitHub\SCAMR_Helper_SampleSourceCode\Modules\_interpqueuesmodule.c","1847","5","",
"2","2.19.0","knownConditionTrueFalse","style","Condition &#039;set_external_exc_types(state,emptyerror,fullerror)&lt;0&#039; is always false","Condition &#039;set_external_exc_types(state,emptyerror,fullerror)&lt;0&#039; is always false","570","","C:\Users\lawrence\Desktop\School\GATech\Spring 2026\PUBP 6727 Cyber Sec Practicum\SourceCodeRepos\GitHub\SCAMR_Helper_SampleSourceCode\Modules\_interpqueuesmodule.c","1845","62","Condition &#039;set_external_exc_types(state,emptyerror,fullerror)&lt;0&#039; is always false",
"2","2.19.0","knownConditionTrueFalse","style","Condition &#039;set_external_exc_types(state,emptyerror,fullerror)&lt;0&#039; is always false","Condition &#039;set_external_exc_types(state,emptyerror,fullerror)&lt;0&#039; is always false","570","","C:\Users\lawrence\Desktop\School\GATech\Spring 2026\PUBP 6727 Cyber Sec Practicum\SourceCodeRepos\GitHub\SCAMR_Helper_SampleSourceCode\Modules\_interpqueuesmodule.c","1845","31","Calling function &#039;set_external_exc_types&#039; returns 0",
"2","2.19.0","redundantAssignment","style","Variable &#039;cls&#039; is assigned an expression that holds the same value.","Variable &#039;cls&#039; is assigned an expression that holds the same value.","563","","C:\Users\lawrence\Desktop\School\GATech\Spring 2026\PUBP 6727 Cyber Sec Practicum\SourceCodeRepos\GitHub\SCAMR_Helper_SampleSourceCode\Modules\_interpqueuesmodule.c","1305","9","",
"2","2.19.0","redundantAssignment","style","Variable &#039;cls&#039; is assigned an expression that holds the same value.","Variable &#039;cls&#039; is assigned an expression that holds the same value.","563","","C:\Users\lawrence\Desktop\School\GATech\Spring 2026\PUBP 6727 Cyber Sec Practicum\SourceCodeRepos\GitHub\SCAMR_Helper_SampleSourceCode\Modules\_interpqueuesmodule.c","1302","46","Assuming condition is false",
"2","2.19.0","redundantAssignment","style","Variable &#039;cls&#039; is assigned an expression that holds the same value.","Variable &#039;cls&#039; is assigned an expression that holds the same value.","563","","C:\Users\lawrence\Desktop\School\GATech\Spring 2026\PUBP 6727 Cyber Sec Practicum\SourceCodeRepos\GitHub\SCAMR_Helper_SampleSourceCode\Modules\_interpqueuesmodule.c","1299","23","cls is assigned &#039;state-&gt;queue_type&#039; here.",
"2","2.19.0","constParameterPointer","style","Parameter &#039;state&#039; can be declared as pointer to const","Parameter &#039;state&#039; can be declared as pointer to const","398","","C:\Users\lawrence\Desktop\School\GATech\Spring 2026\PUBP 6727 Cyber Sec Practicum\SourceCodeRepos\GitHub\SCAMR_Helper_SampleSourceCode\Modules\_interpqueuesmodule.c","342","41","",
"2","2.19.0","missingInclude","information","Include file: &quot;pycore_abstract.h&quot; not found.","Include file: &quot;pycore_abstract.h&quot; not found.","","","C:\Users\lawrence\Desktop\School\GATech\Spring 2026\PUBP 6727 Cyber Sec Practicum\SourceCodeRepos\GitHub\SCAMR_Helper_SampleSourceCode\Modules\clinic\_interpqueuesmodule.c.h","9","2","",
"2","2.19.0","missingInclude","information","Include file: &quot;pycore_modsupport.h&quot; not found.","Include file: &quot;pycore_modsupport.h&quot; not found.","","","C:\Users\lawrence\Desktop\School\GATech\Spring 2026\PUBP 6727 Cyber Sec Practicum\SourceCodeRepos\GitHub\SCAMR_Helper_SampleSourceCode\Modules\clinic\_interpqueuesmodule.c.h","10","2","",
"2","2.19.0","missingInclude","information","Include file: &quot;Python.h&quot; not found.","Include file: &quot;Python.h&quot; not found.","","","C:\Users\lawrence\Desktop\School\GATech\Spring 2026\PUBP 6727 Cyber Sec Practicum\SourceCodeRepos\GitHub\SCAMR_Helper_SampleSourceCode\Modules\_interpretersmodule.c","8","2","",
"2","2.19.0","missingInclude","information","Include file: &quot;pycore_code.h&quot; not found.","Include file: &quot;pycore_code.h&quot; not found.","","","C:\Users\lawrence\Desktop\School\GATech\Spring 2026\PUBP 6727 Cyber Sec Practicum\SourceCodeRepos\GitHub\SCAMR_Helper_SampleSourceCode\Modules\_interpretersmodule.c","9","2","",
"2","2.19.0","missingInclude","information","Include file: &quot;pycore_crossinterp.h&quot; not found.","Include file: &quot;pycore_crossinterp.h&quot; not found.","","","C:\Users\lawrence\Desktop\School\GATech\Spring 2026\PUBP 6727 Cyber Sec Practicum\SourceCodeRepos\GitHub\SCAMR_Helper_SampleSourceCode\Modules\_interpretersmodule.c","10","2","",
"2","2.19.0","missingInclude","information","Include file: &quot;pycore_pyerrors.h&quot; not found.","Include file: &quot;pycore_pyerrors.h&quot; not found.","","","C:\Users\lawrence\Desktop\School\GATech\Spring 2026\PUBP 6727 Cyber Sec Practicum\SourceCodeRepos\GitHub\SCAMR_Helper_SampleSourceCode\Modules\_interpretersmodule.c","11","2","",
"2","2.19.0","missingInclude","information","Include file: &quot;pycore_interp.h&quot; not found.","Include file: &quot;pycore_interp.h&quot; not found.","","","C:\Users\lawrence\Desktop\School\GATech\Spring 2026\PUBP 6727 Cyber Sec Practicum\SourceCodeRepos\GitHub\SCAMR_Helper_SampleSourceCode\Modules\_interpretersmodule.c","12","2","",
"2","2.19.0","missingInclude","information","Include file: &quot;pycore_modsupport.h&quot; not found.","Include file: &quot;pycore_modsupport.h&quot; not found.","","","C:\Users\lawrence\Desktop\School\GATech\Spring 2026\PUBP 6727 Cyber Sec Practicum\SourceCodeRepos\GitHub\SCAMR_Helper_SampleSourceCode\Modules\_interpretersmodule.c","13","2","",
"2","2.19.0","missingInclude","information","Include file: &quot;pycore_namespace.h&quot; not found.","Include file: &quot;pycore_namespace.h&quot; not found.","","","C:\Users\lawrence\Desktop\School\GATech\Spring 2026\PUBP 6727 Cyber Sec Practicum\SourceCodeRepos\GitHub\SCAMR_Helper_SampleSourceCode\Modules\_interpretersmodule.c","14","2","",
"2","2.19.0","missingInclude","information","Include file: &quot;pycore_pybuffer.h&quot; not found.","Include file: &quot;pycore_pybuffer.h&quot; not found.","","","C:\Users\lawrence\Desktop\School\GATech\Spring 2026\PUBP 6727 Cyber Sec Practicum\SourceCodeRepos\GitHub\SCAMR_Helper_SampleSourceCode\Modules\_interpretersmodule.c","15","2","",
"2","2.19.0","missingInclude","information","Include file: &quot;pycore_pylifecycle.h&quot; not found.","Include file: &quot;pycore_pylifecycle.h&quot; not found.","","","C:\Users\lawrence\Desktop\School\GATech\Spring 2026\PUBP 6727 Cyber Sec Practicum\SourceCodeRepos\GitHub\SCAMR_Helper_SampleSourceCode\Modules\_interpretersmodule.c","16","2","",
"2","2.19.0","missingInclude","information","Include file: &quot;pycore_pystate.h&quot; not found.","Include file: &quot;pycore_pystate.h&quot; not found.","","","C:\Users\lawrence\Desktop\School\GATech\Spring 2026\PUBP 6727 Cyber Sec Practicum\SourceCodeRepos\GitHub\SCAMR_Helper_SampleSourceCode\Modules\_interpretersmodule.c","17","2","",
"2","2.19.0","missingInclude","information","Include file: &quot;marshal.h&quot; not found.","Include file: &quot;marshal.h&quot; not found.","","","C:\Users\lawrence\Desktop\School\GATech\Spring 2026\PUBP 6727 Cyber Sec Practicum\SourceCodeRepos\GitHub\SCAMR_Helper_SampleSourceCode\Modules\_interpretersmodule.c","19","2","",
"2","2.19.0","unknownMacro","error","There is an unknown macro here somewhere. Configuration is required. If Py_STRINGIFY is a macro then please configure it.","There is an unknown macro here somewhere. Configuration is required. If Py_STRINGIFY is a macro then please configure it.","","","C:\Users\lawrence\Desktop\School\GATech\Spring 2026\PUBP 6727 Cyber Sec Practicum\SourceCodeRepos\GitHub\SCAMR_Helper_SampleSourceCode\Modules\_interpretersmodule.c","811","39","",
"2","2.19.0","missingInclude","information","Include file: &quot;pycore_modsupport.h&quot; not found.","Include file: &quot;pycore_modsupport.h&quot; not found.","","","C:\Users\lawrence\Desktop\School\GATech\Spring 2026\PUBP 6727 Cyber Sec Practicum\SourceCodeRepos\GitHub\SCAMR_Helper_SampleSourceCode\Modules\clinic\_interpretersmodule.c.h","9","2","",
"2","2.19.0","missingInclude","information","Include file: &quot;Python.h&quot; not found.","Include file: &quot;Python.h&quot; not found.","","","C:\Users\lawrence\Desktop\School\GATech\Spring 2026\PUBP 6727 Cyber Sec Practicum\SourceCodeRepos\GitHub\SCAMR_Helper_SampleSourceCode\Modules\_json.c","11","2","",
"2","2.19.0","missingInclude","information","Include file: &quot;pycore_ceval.h&quot; not found.","Include file: &quot;pycore_ceval.h&quot; not found.","","","C:\Users\lawrence\Desktop\School\GATech\Spring 2026\PUBP 6727 Cyber Sec Practicum\SourceCodeRepos\GitHub\SCAMR_Helper_SampleSourceCode\Modules\_json.c","12","2","",
"2","2.19.0","missingInclude","information","Include file: &quot;pycore_critical_section.h&quot; not found.","Include file: &quot;pycore_critical_section.h&quot; not found.","","","C:\Users\lawrence\Desktop\School\GATech\Spring 2026\PUBP 6727 Cyber Sec Practicum\SourceCodeRepos\GitHub\SCAMR_Helper_SampleSourceCode\Modules\_json.c","13","2","",
"2","2.19.0","missingInclude","information","Include file: &quot;pycore_global_strings.h&quot; not found.","Include file: &quot;pycore_global_strings.h&quot; not found.","","","C:\Users\lawrence\Desktop\School\GATech\Spring 2026\PUBP 6727 Cyber Sec Practicum\SourceCodeRepos\GitHub\SCAMR_Helper_SampleSourceCode\Modules\_json.c","14","2","",
"2","2.19.0","missingInclude","information","Include file: &quot;pycore_pyerrors.h&quot; not found.","Include file: &quot;pycore_pyerrors.h&quot; not found.","","","C:\Users\lawrence\Desktop\School\GATech\Spring 2026\PUBP 6727 Cyber Sec Practicum\SourceCodeRepos\GitHub\SCAMR_Helper_SampleSourceCode\Modules\_json.c","15","2","",
"2","2.19.0","missingInclude","information","Include file: &quot;pycore_runtime.h&quot; not found.","Include file: &quot;pycore_runtime.h&quot; not found.","","","C:\Users\lawrence\Desktop\School\GATech\Spring 2026\PUBP 6727 Cyber Sec Practicum\SourceCodeRepos\GitHub\SCAMR_Helper_SampleSourceCode\Modules\_json.c","16","2","",
"2","2.19.0","missingInclude","information","Include file: &quot;pycore_unicodeobject.h&quot; not found.","Include file: &quot;pycore_unicodeobject.h&quot; not found.","","","C:\Users\lawrence\Desktop\School\GATech\Spring 2026\PUBP 6727 Cyber Sec Practicum\SourceCodeRepos\GitHub\SCAMR_Helper_SampleSourceCode\Modules\_json.c","17","2","",
"2","2.19.0","missingIncludeSystem","information","Include file: &lt;stdbool.h&gt; not found. Please note: Cppcheck does not need standard library headers to get proper results.","Include file: &lt;stdbool.h&gt; not found. Please note: Cppcheck does not need standard library headers to get proper results.","","","C:\Users\lawrence\Desktop\School\GATech\Spring 2026\PUBP 6727 Cyber Sec Practicum\SourceCodeRepos\GitHub\SCAMR_Helper_SampleSourceCode\Modules\_json.c","19","2","",
"2","2.19.0","normalCheckLevelMaxBranches","information","Limiting analysis of branches. Use --check-level=exhaustive to analyze all branches.","Limiting analysis of branches. Use --check-level=exhaustive to analyze all branches.","","","C:\Users\lawrence\Desktop\School\GATech\Spring 2026\PUBP 6727 Cyber Sec Practicum\SourceCodeRepos\GitHub\SCAMR_Helper_SampleSourceCode\Modules\_json.c","0","","",
"2","2.19.0","constParameterPointer","style","Parameter &#039;obj&#039; can be declared as pointer to const","Parameter &#039;obj&#039; can be declared as pointer to const","398","","C:\Users\lawrence\Desktop\School\GATech\Spring 2026\PUBP 6727 Cyber Sec Practicum\SourceCodeRepos\GitHub\SCAMR_Helper_SampleSourceCode\Modules\_json.c","1481","26","",
"2","2.19.0","constParameterPointer","style","Parameter &#039;s&#039; can be declared as pointer to const","Parameter &#039;s&#039; can be declared as pointer to const","398","","C:\Users\lawrence\Desktop\School\GATech\Spring 2026\PUBP 6727 Cyber Sec Practicum\SourceCodeRepos\GitHub\SCAMR_Helper_SampleSourceCode\Modules\_json.c","1500","39","",
"2","2.19.0","missingInclude","information","Include file: &quot;pycore_abstract.h&quot; not found.","Include file: &quot;pycore_abstract.h&quot; not found.","","","C:\Users\lawrence\Desktop\School\GATech\Spring 2026\PUBP 6727 Cyber Sec Practicum\SourceCodeRepos\GitHub\SCAMR_Helper_SampleSourceCode\Modules\clinic\_json.c.h","5","2","",
"2","2.19.0","missingInclude","information","Include file: &quot;pycore_modsupport.h&quot; not found.","Include file: &quot;pycore_modsupport.h&quot; not found.","","","C:\Users\lawrence\Desktop\School\GATech\Spring 2026\PUBP 6727 Cyber Sec Practicum\SourceCodeRepos\GitHub\SCAMR_Helper_SampleSourceCode\Modules\clinic\_json.c.h","6","2","",
"2","2.19.0","missingInclude","information","Include file: &quot;Python.h&quot; not found.","Include file: &quot;Python.h&quot; not found.","","","C:\Users\lawrence\Desktop\School\GATech\Spring 2026\PUBP 6727 Cyber Sec Practicum\SourceCodeRepos\GitHub\SCAMR_Helper_SampleSourceCode\Modules\_localemodule.c","12","2","",
"2","2.19.0","missingInclude","information","Include file: &quot;pycore_fileutils.h&quot; not found.","Include file: &quot;pycore_fileutils.h&quot; not found.","","","C:\Users\lawrence\Desktop\School\GATech\Spring 2026\PUBP 6727 Cyber Sec Practicum\SourceCodeRepos\GitHub\SCAMR_Helper_SampleSourceCode\Modules\_localemodule.c","13","2","",
"2","2.19.0","missingInclude","information","Include file: &quot;pycore_pymem.h&quot; not found.","Include file: &quot;pycore_pymem.h&quot; not found.","","","C:\Users\lawrence\Desktop\School\GATech\Spring 2026\PUBP 6727 Cyber Sec Practicum\SourceCodeRepos\GitHub\SCAMR_Helper_SampleSourceCode\Modules\_localemodule.c","14","2","",
"2","2.19.0","missingIncludeSystem","information","Include file: &lt;locale.h&gt; not found. Please note: Cppcheck does not need standard library headers to get proper results.","Include file: &lt;locale.h&gt; not found. Please note: Cppcheck does not need standard library headers to get proper results.","","","C:\Users\lawrence\Desktop\School\GATech\Spring 2026\PUBP 6727 Cyber Sec Practicum\SourceCodeRepos\GitHub\SCAMR_Helper_SampleSourceCode\Modules\_localemodule.c","16","2","",
"2","2.19.0","missingIncludeSystem","information","Include file: &lt;string.h&gt; not found. Please note: Cppcheck does not need standard library headers to get proper results.","Include file: &lt;string.h&gt; not found. Please note: Cppcheck does not need standard library headers to get proper results.","","","C:\Users\lawrence\Desktop\School\GATech\Spring 2026\PUBP 6727 Cyber Sec Practicum\SourceCodeRepos\GitHub\SCAMR_Helper_SampleSourceCode\Modules\_localemodule.c","17","2","",
"2","2.19.0","normalCheckLevelMaxBranches","information","Limiting analysis of branches. Use --check-level=exhaustive to analyze all branches.","Limiting analysis of branches. Use --check-level=exhaustive to analyze all branches.","","","C:\Users\lawrence\Desktop\School\GATech\Spring 2026\PUBP 6727 Cyber Sec Practicum\SourceCodeRepos\GitHub\SCAMR_Helper_SampleSourceCode\Modules\_localemodule.c","0","","",
"2","2.19.0","constVariablePointer","style","Variable &#039;loc&#039; can be declared as pointer to const","Variable &#039;loc&#039; can be declared as pointer to const","398","","C:\Users\lawrence\Desktop\School\GATech\Spring 2026\PUBP 6727 Cyber Sec Practicum\SourceCodeRepos\GitHub\SCAMR_Helper_SampleSourceCode\Modules\_localemodule.c","216","27","",
"2","2.19.0","constParameterPointer","style","Parameter &#039;module&#039; can be declared as pointer to const","Parameter &#039;module&#039; can be declared as pointer to const","398","","C:\Users\lawrence\Desktop\School\GATech\Spring 2026\PUBP 6727 Cyber Sec Practicum\SourceCodeRepos\GitHub\SCAMR_Helper_SampleSourceCode\Modules\_localemodule.c","980","36","",
"2","2.19.0","missingIncludeSystem","information","Include file: &lt;langinfo.h&gt; not found. Please note: Cppcheck does not need standard library headers to get proper results.","Include file: &lt;langinfo.h&gt; not found. Please note: Cppcheck does not need standard library headers to get proper results.","","","C:\Users\lawrence\Desktop\School\GATech\Spring 2026\PUBP 6727 Cyber Sec Practicum\SourceCodeRepos\GitHub\SCAMR_Helper_SampleSourceCode\Modules\_localemodule.c","22","4","",
"2","2.19.0","constVariablePointer","style","Variable &#039;loc&#039; can be declared as pointer to const","Variable &#039;loc&#039; can be declared as pointer to const","398","","C:\Users\lawrence\Desktop\School\GATech\Spring 2026\PUBP 6727 Cyber Sec Practicum\SourceCodeRepos\GitHub\SCAMR_Helper_SampleSourceCode\Modules\_localemodule.c","702","11","",
"2","2.19.0","missingIncludeSystem","information","Include file: &lt;libintl.h&gt; not found. Please note: Cppcheck does not need standard library headers to get proper results.","Include file: &lt;libintl.h&gt; not found. Please note: Cppcheck does not need standard library headers to get proper results.","","","C:\Users\lawrence\Desktop\School\GATech\Spring 2026\PUBP 6727 Cyber Sec Practicum\SourceCodeRepos\GitHub\SCAMR_Helper_SampleSourceCode\Modules\_localemodule.c","25","4","",
"2","2.19.0","missingReturn","error","Found an exit path from function with non-void return type that has missing return statement","Found an exit path from function with non-void return type that has missing return statement","758","","C:\Users\lawrence\Desktop\School\GATech\Spring 2026\PUBP 6727 Cyber Sec Practicum\SourceCodeRepos\GitHub\SCAMR_Helper_SampleSourceCode\Modules\_localemodule.c","965","5","",
"2","2.19.0","missingIncludeSystem","information","Include file: &lt;errno.h&gt; not found. Please note: Cppcheck does not need standard library headers to get proper results.","Include file: &lt;errno.h&gt; not found. Please note: Cppcheck does not need standard library headers to get proper results.","","","C:\Users\lawrence\Desktop\School\GATech\Spring 2026\PUBP 6727 Cyber Sec Practicum\SourceCodeRepos\GitHub\SCAMR_Helper_SampleSourceCode\Modules\_localemodule.c","19","4","",
"2","2.19.0","toomanyconfigs","information","Too many #ifdef configurations - cppcheck only checks 12 of 25 configurations. Use --force to check all configurations.","Too many #ifdef configurations - cppcheck only checks 12 of 25 configurations. Use --force to check all configurations.","398","","C:\Users\lawrence\Desktop\School\GATech\Spring 2026\PUBP 6727 Cyber Sec Practicum\SourceCodeRepos\GitHub\SCAMR_Helper_SampleSourceCode\Modules\_localemodule.c","0","","",
"2","2.19.0","missingInclude","information","Include file: &quot;pycore_modsupport.h&quot; not found.","Include file: &quot;pycore_modsupport.h&quot; not found.","","","C:\Users\lawrence\Desktop\School\GATech\Spring 2026\PUBP 6727 Cyber Sec Practicum\SourceCodeRepos\GitHub\SCAMR_Helper_SampleSourceCode\Modules\clinic\_localemodule.c.h","5","2","",
"2","2.19.0","missingInclude","information","Include file: &quot;Python.h&quot; not found.","Include file: &quot;Python.h&quot; not found.","","","C:\Users\lawrence\Desktop\School\GATech\Spring 2026\PUBP 6727 Cyber Sec Practicum\SourceCodeRepos\GitHub\SCAMR_Helper_SampleSourceCode\Modules\_lsprof.c","5","2","",
"2","2.19.0","missingInclude","information","Include file: &quot;pycore_call.h&quot; not found.","Include file: &quot;pycore_call.h&quot; not found.","","","C:\Users\lawrence\Desktop\School\GATech\Spring 2026\PUBP 6727 Cyber Sec Practicum\SourceCodeRepos\GitHub\SCAMR_Helper_SampleSourceCode\Modules\_lsprof.c","6","2","",
"2","2.19.0","missingInclude","information","Include file: &quot;pycore_ceval.h&quot; not found.","Include file: &quot;pycore_ceval.h&quot; not found.","","","C:\Users\lawrence\Desktop\School\GATech\Spring 2026\PUBP 6727 Cyber Sec Practicum\SourceCodeRepos\GitHub\SCAMR_Helper_SampleSourceCode\Modules\_lsprof.c","7","2","",
"2","2.19.0","missingInclude","information","Include file: &quot;pycore_pystate.h&quot; not found.","Include file: &quot;pycore_pystate.h&quot; not found.","","","C:\Users\lawrence\Desktop\School\GATech\Spring 2026\PUBP 6727 Cyber Sec Practicum\SourceCodeRepos\GitHub\SCAMR_Helper_SampleSourceCode\Modules\_lsprof.c","8","2","",
"2","2.19.0","missingInclude","information","Include file: &quot;pycore_time.h&quot; not found.","Include file: &quot;pycore_time.h&quot; not found.","","","C:\Users\lawrence\Desktop\School\GATech\Spring 2026\PUBP 6727 Cyber Sec Practicum\SourceCodeRepos\GitHub\SCAMR_Helper_SampleSourceCode\Modules\_lsprof.c","9","2","",
"2","2.19.0","missingInclude","information","Include file: &quot;pycore_typeobject.h&quot; not found.","Include file: &quot;pycore_typeobject.h&quot; not found.","","","C:\Users\lawrence\Desktop\School\GATech\Spring 2026\PUBP 6727 Cyber Sec Practicum\SourceCodeRepos\GitHub\SCAMR_Helper_SampleSourceCode\Modules\_lsprof.c","10","2","",
"2","2.19.0","missingInclude","information","Include file: &quot;pycore_unicodeobject.h&quot; not found.","Include file: &quot;pycore_unicodeobject.h&quot; not found.","","","C:\Users\lawrence\Desktop\School\GATech\Spring 2026\PUBP 6727 Cyber Sec Practicum\SourceCodeRepos\GitHub\SCAMR_Helper_SampleSourceCode\Modules\_lsprof.c","11","2","",
"2","2.19.0","normalCheckLevelMaxBranches","information","Limiting analysis of branches. Use --check-level=exhaustive to analyze all branches.","Limiting analysis of branches. Use --check-level=exhaustive to analyze all branches.","","","C:\Users\lawrence\Desktop\School\GATech\Spring 2026\PUBP 6727 Cyber Sec Practicum\SourceCodeRepos\GitHub\SCAMR_Helper_SampleSourceCode\Modules\_lsprof.c","0","","",
"2","2.19.0","missingReturn","error","Found an exit path from function with non-void return type that has missing return statement","Found an exit path from function with non-void return type that has missing return statement","758","","C:\Users\lawrence\Desktop\School\GATech\Spring 2026\PUBP 6727 Cyber Sec Practicum\SourceCodeRepos\GitHub\SCAMR_Helper_SampleSourceCode\Modules\_lsprof.c","736","5","",
"2","2.19.0","missingReturn","error","Found an exit path from function with non-void return type that has missing return statement","Found an exit path from function with non-void return type that has missing return statement","758","","C:\Users\lawrence\Desktop\School\GATech\Spring 2026\PUBP 6727 Cyber Sec Practicum\SourceCodeRepos\GitHub\SCAMR_Helper_SampleSourceCode\Modules\_lsprof.c","767","5","",
"2","2.19.0","missingReturn","error","Found an exit path from function with non-void return type that has missing return statement","Found an exit path from function with non-void return type that has missing return statement","758","","C:\Users\lawrence\Desktop\School\GATech\Spring 2026\PUBP 6727 Cyber Sec Practicum\SourceCodeRepos\GitHub\SCAMR_Helper_SampleSourceCode\Modules\_lsprof.c","934","5","",
"2","2.19.0","knownConditionTrueFalse","style","Condition &#039;setSubcalls(self,subcalls)&lt;0&#039; is always false","Condition &#039;setSubcalls(self,subcalls)&lt;0&#039; is always false","570","","C:\Users\lawrence\Desktop\School\GATech\Spring 2026\PUBP 6727 Cyber Sec Practicum\SourceCodeRepos\GitHub\SCAMR_Helper_SampleSourceCode\Modules\_lsprof.c","809","37","Condition &#039;setSubcalls(self,subcalls)&lt;0&#039; is always false",
"2","2.19.0","knownConditionTrueFalse","style","Condition &#039;setSubcalls(self,subcalls)&lt;0&#039; is always false","Condition &#039;setSubcalls(self,subcalls)&lt;0&#039; is always false","570","","C:\Users\lawrence\Desktop\School\GATech\Spring 2026\PUBP 6727 Cyber Sec Practicum\SourceCodeRepos\GitHub\SCAMR_Helper_SampleSourceCode\Modules\_lsprof.c","809","20","Calling function &#039;setSubcalls&#039; returns 0",
"2","2.19.0","knownConditionTrueFalse","style","Condition &#039;setBuiltins(self,builtins)&lt;0&#039; is always false","Condition &#039;setBuiltins(self,builtins)&lt;0&#039; is always false","570","","C:\Users\lawrence\Desktop\School\GATech\Spring 2026\PUBP 6727 Cyber Sec Practicum\SourceCodeRepos\GitHub\SCAMR_Helper_SampleSourceCode\Modules\_lsprof.c","809","72","Condition &#039;setBuiltins(self,builtins)&lt;0&#039; is always false",
"2","2.19.0","knownConditionTrueFalse","style","Condition &#039;setBuiltins(self,builtins)&lt;0&#039; is always false","Condition &#039;setBuiltins(self,builtins)&lt;0&#039; is always false","570","","C:\Users\lawrence\Desktop\School\GATech\Spring 2026\PUBP 6727 Cyber Sec Practicum\SourceCodeRepos\GitHub\SCAMR_Helper_SampleSourceCode\Modules\_lsprof.c","809","55","Calling function &#039;setBuiltins&#039; returns 0",
"2","2.19.0","knownConditionTrueFalse","style","Condition &#039;pContext&#039; is always true","Condition &#039;pContext&#039; is always true","571","","C:\Users\lawrence\Desktop\School\GATech\Spring 2026\PUBP 6727 Cyber Sec Practicum\SourceCodeRepos\GitHub\SCAMR_Helper_SampleSourceCode\Modules\_lsprof.c","871","13","",
"2","2.19.0","knownConditionTrueFalse","style","Condition &#039;setSubcalls(self,subcalls)&lt;0&#039; is always false","Condition &#039;setSubcalls(self,subcalls)&lt;0&#039; is always false","570","","C:\Users\lawrence\Desktop\School\GATech\Spring 2026\PUBP 6727 Cyber Sec Practicum\SourceCodeRepos\GitHub\SCAMR_Helper_SampleSourceCode\Modules\_lsprof.c","1009","37","Condition &#039;setSubcalls(self,subcalls)&lt;0&#039; is always false",
"2","2.19.0","knownConditionTrueFalse","style","Condition &#039;setSubcalls(self,subcalls)&lt;0&#039; is always false","Condition &#039;setSubcalls(self,subcalls)&lt;0&#039; is always false","570","","C:\Users\lawrence\Desktop\School\GATech\Spring 2026\PUBP 6727 Cyber Sec Practicum\SourceCodeRepos\GitHub\SCAMR_Helper_SampleSourceCode\Modules\_lsprof.c","1009","20","Calling function &#039;setSubcalls&#039; returns 0",
"2","2.19.0","knownConditionTrueFalse","style","Condition &#039;setBuiltins(self,builtins)&lt;0&#039; is always false","Condition &#039;setBuiltins(self,builtins)&lt;0&#039; is always false","570","","C:\Users\lawrence\Desktop\School\GATech\Spring 2026\PUBP 6727 Cyber Sec Practicum\SourceCodeRepos\GitHub\SCAMR_Helper_SampleSourceCode\Modules\_lsprof.c","1009","72","Condition &#039;setBuiltins(self,builtins)&lt;0&#039; is always false",
"2","2.19.0","knownConditionTrueFalse","style","Condition &#039;setBuiltins(self,builtins)&lt;0&#039; is always false","Condition &#039;setBuiltins(self,builtins)&lt;0&#039; is always false","570","","C:\Users\lawrence\Desktop\School\GATech\Spring 2026\PUBP 6727 Cyber Sec Practicum\SourceCodeRepos\GitHub\SCAMR_Helper_SampleSourceCode\Modules\_lsprof.c","1009","55","Calling function &#039;setBuiltins&#039; returns 0",
"2","2.19.0","variableScope","style","The scope of the variable &#039;self&#039; can be reduced.","The scope of the variable &#039;self&#039; can be reduced. Warning: Be careful when fixing this message, especially when there are inner loops. Here is an example where cppcheck will write that the scope for &#039;i&#039; can be reduced:
void f(int x)
{
    int i = 0;
    if (x) {
        // it&#039;s safe to move &#039;int i = 0;&#039; here
        for (int n = 0; n &lt; 10; ++n) {
            // it is possible but not safe to move &#039;int i = 0;&#039; here
            do_something(&amp;i);
        }
    }
}
When you see this message it is always safe to reduce the variable scope 1 level.","398","","C:\Users\lawrence\Desktop\School\GATech\Spring 2026\PUBP 6727 Cyber Sec Practicum\SourceCodeRepos\GitHub\SCAMR_Helper_SampleSourceCode\Modules\_lsprof.c","189","19","",
"2","2.19.0","constParameterPointer","style","Parameter &#039;missing&#039; can be declared as pointer to const","Parameter &#039;missing&#039; can be declared as pointer to const","398","","C:\Users\lawrence\Desktop\School\GATech\Spring 2026\PUBP 6727 Cyber Sec Practicum\SourceCodeRepos\GitHub\SCAMR_Helper_SampleSourceCode\Modules\_lsprof.c","681","85","",
"2","2.19.0","missingIncludeSystem","information","Include file: &lt;stdlib.h&gt; not found. Please note: Cppcheck does not need standard library headers to get proper results.","Include file: &lt;stdlib.h&gt; not found. Please note: Cppcheck does not need standard library headers to get proper results.","","","C:\Users\lawrence\Desktop\School\GATech\Spring 2026\PUBP 6727 Cyber Sec Practicum\SourceCodeRepos\GitHub\SCAMR_Helper_SampleSourceCode\Modules\rotatingtree.h","11","2","",
"2","2.19.0","missingIncludeSystem","information","Include file: &lt;stdlib.h&gt; not found. Please note: Cppcheck does not need standard library headers to get proper results.","Include file: &lt;stdlib.h&gt; not found. Please note: Cppcheck does not need standard library headers to get proper results.","","","C:\Users\lawrence\Desktop\School\GATech\Spring 2026\PUBP 6727 Cyber Sec Practicum\SourceCodeRepos\GitHub\SCAMR_Helper_SampleSourceCode\Modules\rotatingtree.h","11","2","",
"2","2.19.0","missingInclude","information","Include file: &quot;pycore_critical_section.h&quot; not found.","Include file: &quot;pycore_critical_section.h&quot; not found.","","","C:\Users\lawrence\Desktop\School\GATech\Spring 2026\PUBP 6727 Cyber Sec Practicum\SourceCodeRepos\GitHub\SCAMR_Helper_SampleSourceCode\Modules\clinic\_lsprof.c.h","9","2","",
"2","2.19.0","missingInclude","information","Include file: &quot;pycore_modsupport.h&quot; not found.","Include file: &quot;pycore_modsupport.h&quot; not found.","","","C:\Users\lawrence\Desktop\School\GATech\Spring 2026\PUBP 6727 Cyber Sec Practicum\SourceCodeRepos\GitHub\SCAMR_Helper_SampleSourceCode\Modules\clinic\_lsprof.c.h","10","2","",
"2","2.19.0","missingInclude","information","Include file: &quot;Python.h&quot; not found.","Include file: &quot;Python.h&quot; not found.","","","C:\Users\lawrence\Desktop\School\GATech\Spring 2026\PUBP 6727 Cyber Sec Practicum\SourceCodeRepos\GitHub\SCAMR_Helper_SampleSourceCode\Modules\_lzmamodule.c","12","2","",
"2","2.19.0","missingIncludeSystem","information","Include file: &lt;stdlib.h&gt; not found. Please note: Cppcheck does not need standard library headers to get proper results.","Include file: &lt;stdlib.h&gt; not found. Please note: Cppcheck does not need standard library headers to get proper results.","","","C:\Users\lawrence\Desktop\School\GATech\Spring 2026\PUBP 6727 Cyber Sec Practicum\SourceCodeRepos\GitHub\SCAMR_Helper_SampleSourceCode\Modules\_lzmamodule.c","15","2","",
"2","2.19.0","missingIncludeSystem","information","Include file: &lt;string.h&gt; not found. Please note: Cppcheck does not need standard library headers to get proper results.","Include file: &lt;string.h&gt; not found. Please note: Cppcheck does not need standard library headers to get proper results.","","","C:\Users\lawrence\Desktop\School\GATech\Spring 2026\PUBP 6727 Cyber Sec Practicum\SourceCodeRepos\GitHub\SCAMR_Helper_SampleSourceCode\Modules\_lzmamodule.c","16","2","",
"2","2.19.0","missingIncludeSystem","information","Include file: &lt;lzma.h&gt; not found. Please note: Cppcheck does not need standard library headers to get proper results.","Include file: &lt;lzma.h&gt; not found. Please note: Cppcheck does not need standard library headers to get proper results.","","","C:\Users\lawrence\Desktop\School\GATech\Spring 2026\PUBP 6727 Cyber Sec Practicum\SourceCodeRepos\GitHub\SCAMR_Helper_SampleSourceCode\Modules\_lzmamodule.c","18","2","",
"2","2.19.0","missingInclude","information","Include file: &quot;pycore_long.h&quot; not found.","Include file: &quot;pycore_long.h&quot; not found.","","","C:\Users\lawrence\Desktop\School\GATech\Spring 2026\PUBP 6727 Cyber Sec Practicum\SourceCodeRepos\GitHub\SCAMR_Helper_SampleSourceCode\Modules\_lzmamodule.c","20","2","",
"2","2.19.0","missingInclude","information","Include file: &quot;pycore_blocks_output_buffer.h&quot; not found.","Include file: &quot;pycore_blocks_output_buffer.h&quot; not found.","","","C:\Users\lawrence\Desktop\School\GATech\Spring 2026\PUBP 6727 Cyber Sec Practicum\SourceCodeRepos\GitHub\SCAMR_Helper_SampleSourceCode\Modules\_lzmamodule.c","22","2","",
"2","2.19.0","missingInclude","information","Include file: &quot;pycore_pyatomic_ft_wrappers.h&quot; not found.","Include file: &quot;pycore_pyatomic_ft_wrappers.h&quot; not found.","","","C:\Users\lawrence\Desktop\School\GATech\Spring 2026\PUBP 6727 Cyber Sec Practicum\SourceCodeRepos\GitHub\SCAMR_Helper_SampleSourceCode\Modules\_lzmamodule.c","23","2","",
"2","2.19.0","normalCheckLevelMaxBranches","information","Limiting analysis of branches. Use --check-level=exhaustive to analyze all branches.","Limiting analysis of branches. Use --check-level=exhaustive to analyze all branches.","","","C:\Users\lawrence\Desktop\School\GATech\Spring 2026\PUBP 6727 Cyber Sec Practicum\SourceCodeRepos\GitHub\SCAMR_Helper_SampleSourceCode\Modules\_lzmamodule.c","0","","",
"2","2.19.0","constParameterCallback","style","Parameter &#039;opaque&#039; can be declared as pointer to const. However it seems that &#039;PyLzma_Malloc&#039; is a callback function, if &#039;opaque&#039; is declared with const you might also need to cast function pointer(s).","Parameter &#039;opaque&#039; can be declared as pointer to const. However it seems that &#039;PyLzma_Malloc&#039; is a callback function, if &#039;opaque&#039; is declared with const you might also need to cast function pointer(s).","398","","C:\Users\lawrence\Desktop\School\GATech\Spring 2026\PUBP 6727 Cyber Sec Practicum\SourceCodeRepos\GitHub\SCAMR_Helper_SampleSourceCode\Modules\_lzmamodule.c","169","21","Parameter &#039;opaque&#039; can be declared as pointer to const",
"2","2.19.0","constParameterCallback","style","Parameter &#039;opaque&#039; can be declared as pointer to const. However it seems that &#039;PyLzma_Malloc&#039; is a callback function, if &#039;opaque&#039; is declared with const you might also need to cast function pointer(s).","Parameter &#039;opaque&#039; can be declared as pointer to const. However it seems that &#039;PyLzma_Malloc&#039; is a callback function, if &#039;opaque&#039; is declared with const you might also need to cast function pointer(s).","398","","C:\Users\lawrence\Desktop\School\GATech\Spring 2026\PUBP 6727 Cyber Sec Practicum\SourceCodeRepos\GitHub\SCAMR_Helper_SampleSourceCode\Modules\_lzmamodule.c","1230","25","You might need to cast the function pointer here",
"2","2.19.0","constVariablePointer","style","Variable &#039;options&#039; can be declared as pointer to const","Variable &#039;options&#039; can be declared as pointer to const","398","","C:\Users\lawrence\Desktop\School\GATech\Spring 2026\PUBP 6727 Cyber Sec Practicum\SourceCodeRepos\GitHub\SCAMR_Helper_SampleSourceCode\Modules\_lzmamodule.c","472","32","",
"2","2.19.0","constVariablePointer","style","Variable &#039;options&#039; can be declared as pointer to const","Variable &#039;options&#039; can be declared as pointer to const","398","","C:\Users\lawrence\Desktop\School\GATech\Spring 2026\PUBP 6727 Cyber Sec Practicum\SourceCodeRepos\GitHub\SCAMR_Helper_SampleSourceCode\Modules\_lzmamodule.c","480","32","",
"2","2.19.0","constVariablePointer","style","Variable &#039;options&#039; can be declared as pointer to const","Variable &#039;options&#039; can be declared as pointer to const","398","","C:\Users\lawrence\Desktop\School\GATech\Spring 2026\PUBP 6727 Cyber Sec Practicum\SourceCodeRepos\GitHub\SCAMR_Helper_SampleSourceCode\Modules\_lzmamodule.c","485","33","",
"2","2.19.0","constVariablePointer","style","Variable &#039;options&#039; can be declared as pointer to const","Variable &#039;options&#039; can be declared as pointer to const","398","","C:\Users\lawrence\Desktop\School\GATech\Spring 2026\PUBP 6727 Cyber Sec Practicum\SourceCodeRepos\GitHub\SCAMR_Helper_SampleSourceCode\Modules\_lzmamodule.c","495","31","",
"2","2.19.0","unusedVariable","style","Unused variable: lzret","Unused variable: lzret","563","","C:\Users\lawrence\Desktop\School\GATech\Spring 2026\PUBP 6727 Cyber Sec Practicum\SourceCodeRepos\GitHub\SCAMR_Helper_SampleSourceCode\Modules\_lzmamodule.c","562","18","",
"2","2.19.0","unusedVariable","style","Unused variable: lzret","Unused variable: lzret","563","","C:\Users\lawrence\Desktop\School\GATech\Spring 2026\PUBP 6727 Cyber Sec Practicum\SourceCodeRepos\GitHub\SCAMR_Helper_SampleSourceCode\Modules\_lzmamodule.c","939","18","",
"2","2.19.0","missingInclude","information","Include file: &quot;pycore_abstract.h&quot; not found.","Include file: &quot;pycore_abstract.h&quot; not found.","","","C:\Users\lawrence\Desktop\School\GATech\Spring 2026\PUBP 6727 Cyber Sec Practicum\SourceCodeRepos\GitHub\SCAMR_Helper_SampleSourceCode\Modules\clinic\_lzmamodule.c.h","9","2","",
"2","2.19.0","missingInclude","information","Include file: &quot;pycore_modsupport.h&quot; not found.","Include file: &quot;pycore_modsupport.h&quot; not found.","","","C:\Users\lawrence\Desktop\School\GATech\Spring 2026\PUBP 6727 Cyber Sec Practicum\SourceCodeRepos\GitHub\SCAMR_Helper_SampleSourceCode\Modules\clinic\_lzmamodule.c.h","10","2","",
"2","2.19.0","missingInclude","information","Include file: &quot;Python.h&quot; not found.","Include file: &quot;Python.h&quot; not found.","","","C:\Users\lawrence\Desktop\School\GATech\Spring 2026\PUBP 6727 Cyber Sec Practicum\SourceCodeRepos\GitHub\SCAMR_Helper_SampleSourceCode\Modules\_opcode.c","5","2","",
"2","2.19.0","missingInclude","information","Include file: &quot;compile.h&quot; not found.","Include file: &quot;compile.h&quot; not found.","","","C:\Users\lawrence\Desktop\School\GATech\Spring 2026\PUBP 6727 Cyber Sec Practicum\SourceCodeRepos\GitHub\SCAMR_Helper_SampleSourceCode\Modules\_opcode.c","6","2","",
"2","2.19.0","missingInclude","information","Include file: &quot;opcode.h&quot; not found.","Include file: &quot;opcode.h&quot; not found.","","","C:\Users\lawrence\Desktop\School\GATech\Spring 2026\PUBP 6727 Cyber Sec Practicum\SourceCodeRepos\GitHub\SCAMR_Helper_SampleSourceCode\Modules\_opcode.c","7","2","",
"2","2.19.0","missingInclude","information","Include file: &quot;pycore_ceval.h&quot; not found.","Include file: &quot;pycore_ceval.h&quot; not found.","","","C:\Users\lawrence\Desktop\School\GATech\Spring 2026\PUBP 6727 Cyber Sec Practicum\SourceCodeRepos\GitHub\SCAMR_Helper_SampleSourceCode\Modules\_opcode.c","8","2","",
"2","2.19.0","missingInclude","information","Include file: &quot;pycore_code.h&quot; not found.","Include file: &quot;pycore_code.h&quot; not found.","","","C:\Users\lawrence\Desktop\School\GATech\Spring 2026\PUBP 6727 Cyber Sec Practicum\SourceCodeRepos\GitHub\SCAMR_Helper_SampleSourceCode\Modules\_opcode.c","9","2","",
"2","2.19.0","missingInclude","information","Include file: &quot;pycore_compile.h&quot; not found.","Include file: &quot;pycore_compile.h&quot; not found.","","","C:\Users\lawrence\Desktop\School\GATech\Spring 2026\PUBP 6727 Cyber Sec Practicum\SourceCodeRepos\GitHub\SCAMR_Helper_SampleSourceCode\Modules\_opcode.c","10","2","",
"2","2.19.0","missingInclude","information","Include file: &quot;pycore_intrinsics.h&quot; not found.","Include file: &quot;pycore_intrinsics.h&quot; not found.","","","C:\Users\lawrence\Desktop\School\GATech\Spring 2026\PUBP 6727 Cyber Sec Practicum\SourceCodeRepos\GitHub\SCAMR_Helper_SampleSourceCode\Modules\_opcode.c","11","2","",
"2","2.19.0","missingInclude","information","Include file: &quot;pycore_optimizer.h&quot; not found.","Include file: &quot;pycore_optimizer.h&quot; not found.","","","C:\Users\lawrence\Desktop\School\GATech\Spring 2026\PUBP 6727 Cyber Sec Practicum\SourceCodeRepos\GitHub\SCAMR_Helper_SampleSourceCode\Modules\_opcode.c","12","2","",
"2","2.19.0","missingInclude","information","Include file: &quot;pycore_opcode_metadata.h&quot; not found.","Include file: &quot;pycore_opcode_metadata.h&quot; not found.","","","C:\Users\lawrence\Desktop\School\GATech\Spring 2026\PUBP 6727 Cyber Sec Practicum\SourceCodeRepos\GitHub\SCAMR_Helper_SampleSourceCode\Modules\_opcode.c","13","2","",
"2","2.19.0","missingInclude","information","Include file: &quot;pycore_opcode_utils.h&quot; not found.","Include file: &quot;pycore_opcode_utils.h&quot; not found.","","","C:\Users\lawrence\Desktop\School\GATech\Spring 2026\PUBP 6727 Cyber Sec Practicum\SourceCodeRepos\GitHub\SCAMR_Helper_SampleSourceCode\Modules\_opcode.c","14","2","",
"2","2.19.0","missingReturn","error","Found an exit path from function with non-void return type that has missing return statement","Found an exit path from function with non-void return type that has missing return statement","758","","C:\Users\lawrence\Desktop\School\GATech\Spring 2026\PUBP 6727 Cyber Sec Practicum\SourceCodeRepos\GitHub\SCAMR_Helper_SampleSourceCode\Modules\_opcode.c","220","5","",
"2","2.19.0","constParameterPointer","style","Parameter &#039;jump&#039; can be declared as pointer to const","Parameter &#039;jump&#039; can be declared as pointer to const","398","","C:\Users\lawrence\Desktop\School\GATech\Spring 2026\PUBP 6727 Cyber Sec Practicum\SourceCodeRepos\GitHub\SCAMR_Helper_SampleSourceCode\Modules\_opcode.c","38","37","",
"2","2.19.0","constParameterPointer","style","Parameter &#039;module&#039; can be declared as pointer to const","Parameter &#039;module&#039; can be declared as pointer to const","398","","C:\Users\lawrence\Desktop\School\GATech\Spring 2026\PUBP 6727 Cyber Sec Practicum\SourceCodeRepos\GitHub\SCAMR_Helper_SampleSourceCode\Modules\_opcode.c","83","33","",
"2","2.19.0","constParameterPointer","style","Parameter &#039;module&#039; can be declared as pointer to const","Parameter &#039;module&#039; can be declared as pointer to const","398","","C:\Users\lawrence\Desktop\School\GATech\Spring 2026\PUBP 6727 Cyber Sec Practicum\SourceCodeRepos\GitHub\SCAMR_Helper_SampleSourceCode\Modules\_opcode.c","99","32","",
"2","2.19.0","constParameterPointer","style","Parameter &#039;module&#039; can be declared as pointer to const","Parameter &#039;module&#039; can be declared as pointer to const","398","","C:\Users\lawrence\Desktop\School\GATech\Spring 2026\PUBP 6727 Cyber Sec Practicum\SourceCodeRepos\GitHub\SCAMR_Helper_SampleSourceCode\Modules\_opcode.c","115","34","",
"2","2.19.0","constParameterPointer","style","Parameter &#039;module&#039; can be declared as pointer to const","Parameter &#039;module&#039; can be declared as pointer to const","398","","C:\Users\lawrence\Desktop\School\GATech\Spring 2026\PUBP 6727 Cyber Sec Practicum\SourceCodeRepos\GitHub\SCAMR_Helper_SampleSourceCode\Modules\_opcode.c","131","33","",
"2","2.19.0","constParameterPointer","style","Parameter &#039;module&#039; can be declared as pointer to const","Parameter &#039;module&#039; can be declared as pointer to const","398","","C:\Users\lawrence\Desktop\School\GATech\Spring 2026\PUBP 6727 Cyber Sec Practicum\SourceCodeRepos\GitHub\SCAMR_Helper_SampleSourceCode\Modules\_opcode.c","147","33","",
"2","2.19.0","constParameterPointer","style","Parameter &#039;module&#039; can be declared as pointer to const","Parameter &#039;module&#039; can be declared as pointer to const","398","","C:\Users\lawrence\Desktop\School\GATech\Spring 2026\PUBP 6727 Cyber Sec Practicum\SourceCodeRepos\GitHub\SCAMR_Helper_SampleSourceCode\Modules\_opcode.c","168","33","",
"2","2.19.0","constParameterPointer","style","Parameter &#039;module&#039; can be declared as pointer to const","Parameter &#039;module&#039; can be declared as pointer to const","398","","C:\Users\lawrence\Desktop\School\GATech\Spring 2026\PUBP 6727 Cyber Sec Practicum\SourceCodeRepos\GitHub\SCAMR_Helper_SampleSourceCode\Modules\_opcode.c","184","34","",
"2","2.19.0","constParameterPointer","style","Parameter &#039;module&#039; can be declared as pointer to const","Parameter &#039;module&#039; can be declared as pointer to const","398","","C:\Users\lawrence\Desktop\School\GATech\Spring 2026\PUBP 6727 Cyber Sec Practicum\SourceCodeRepos\GitHub\SCAMR_Helper_SampleSourceCode\Modules\_opcode.c","200","32","",
"2","2.19.0","constParameterPointer","style","Parameter &#039;module&#039; can be declared as pointer to const","Parameter &#039;module&#039; can be declared as pointer to const","398","","C:\Users\lawrence\Desktop\School\GATech\Spring 2026\PUBP 6727 Cyber Sec Practicum\SourceCodeRepos\GitHub\SCAMR_Helper_SampleSourceCode\Modules\_opcode.c","214","49","",
"2","2.19.0","missingInclude","information","Include file: &quot;pycore_modsupport.h&quot; not found.","Include file: &quot;pycore_modsupport.h&quot; not found.","","","C:\Users\lawrence\Desktop\School\GATech\Spring 2026\PUBP 6727 Cyber Sec Practicum\SourceCodeRepos\GitHub\SCAMR_Helper_SampleSourceCode\Modules\clinic\_opcode.c.h","9","2","",
"2","2.19.0","knownConditionTrueFalse","style","Condition &#039;_return_value==-1&#039; is always false","Condition &#039;_return_value==-1&#039; is always false","570","","C:\Users\lawrence\Desktop\School\GATech\Spring 2026\PUBP 6727 Cyber Sec Practicum\SourceCodeRepos\GitHub\SCAMR_Helper_SampleSourceCode\Modules\clinic\_opcode.c.h","215","24","Condition &#039;_return_value==-1&#039; is always false",
"2","2.19.0","knownConditionTrueFalse","style","Condition &#039;_return_value==-1&#039; is always false","Condition &#039;_return_value==-1&#039; is always false","570","","C:\Users\lawrence\Desktop\School\GATech\Spring 2026\PUBP 6727 Cyber Sec Practicum\SourceCodeRepos\GitHub\SCAMR_Helper_SampleSourceCode\Modules\clinic\_opcode.c.h","214","41","Calling function &#039;_opcode_has_arg_impl&#039; returns !&lt;=-1",
"2","2.19.0","knownConditionTrueFalse","style","Condition &#039;_return_value==-1&#039; is always false","Condition &#039;_return_value==-1&#039; is always false","570","","C:\Users\lawrence\Desktop\School\GATech\Spring 2026\PUBP 6727 Cyber Sec Practicum\SourceCodeRepos\GitHub\SCAMR_Helper_SampleSourceCode\Modules\clinic\_opcode.c.h","281","24","Condition &#039;_return_value==-1&#039; is always false",
"2","2.19.0","knownConditionTrueFalse","style","Condition &#039;_return_value==-1&#039; is always false","Condition &#039;_return_value==-1&#039; is always false","570","","C:\Users\lawrence\Desktop\School\GATech\Spring 2026\PUBP 6727 Cyber Sec Practicum\SourceCodeRepos\GitHub\SCAMR_Helper_SampleSourceCode\Modules\clinic\_opcode.c.h","280","43","Calling function &#039;_opcode_has_const_impl&#039; returns !&lt;=-1",
"2","2.19.0","knownConditionTrueFalse","style","Condition &#039;_return_value==-1&#039; is always false","Condition &#039;_return_value==-1&#039; is always false","570","","C:\Users\lawrence\Desktop\School\GATech\Spring 2026\PUBP 6727 Cyber Sec Practicum\SourceCodeRepos\GitHub\SCAMR_Helper_SampleSourceCode\Modules\clinic\_opcode.c.h","347","24","Condition &#039;_return_value==-1&#039; is always false",
"2","2.19.0","knownConditionTrueFalse","style","Condition &#039;_return_value==-1&#039; is always false","Condition &#039;_return_value==-1&#039; is always false","570","","C:\Users\lawrence\Desktop\School\GATech\Spring 2026\PUBP 6727 Cyber Sec Practicum\SourceCodeRepos\GitHub\SCAMR_Helper_SampleSourceCode\Modules\clinic\_opcode.c.h","346","42","Calling function &#039;_opcode_has_name_impl&#039; returns !&lt;=-1",
"2","2.19.0","knownConditionTrueFalse","style","Condition &#039;_return_value==-1&#039; is always false","Condition &#039;_return_value==-1&#039; is always false","570","","C:\Users\lawrence\Desktop\School\GATech\Spring 2026\PUBP 6727 Cyber Sec Practicum\SourceCodeRepos\GitHub\SCAMR_Helper_SampleSourceCode\Modules\clinic\_opcode.c.h","413","24","Condition &#039;_return_value==-1&#039; is always false",
"2","2.19.0","knownConditionTrueFalse","style","Condition &#039;_return_value==-1&#039; is always false","Condition &#039;_return_value==-1&#039; is always false","570","","C:\Users\lawrence\Desktop\School\GATech\Spring 2026\PUBP 6727 Cyber Sec Practicum\SourceCodeRepos\GitHub\SCAMR_Helper_SampleSourceCode\Modules\clinic\_opcode.c.h","412","42","Calling function &#039;_opcode_has_jump_impl&#039; returns !&lt;=-1",
"2","2.19.0","knownConditionTrueFalse","style","Condition &#039;_return_value==-1&#039; is always false","Condition &#039;_return_value==-1&#039; is always false","570","","C:\Users\lawrence\Desktop\School\GATech\Spring 2026\PUBP 6727 Cyber Sec Practicum\SourceCodeRepos\GitHub\SCAMR_Helper_SampleSourceCode\Modules\clinic\_opcode.c.h","484","24","Condition &#039;_return_value==-1&#039; is always false",
"2","2.19.0","knownConditionTrueFalse","style","Condition &#039;_return_value==-1&#039; is always false","Condition &#039;_return_value==-1&#039; is always false","570","","C:\Users\lawrence\Desktop\School\GATech\Spring 2026\PUBP 6727 Cyber Sec Practicum\SourceCodeRepos\GitHub\SCAMR_Helper_SampleSourceCode\Modules\clinic\_opcode.c.h","483","42","Calling function &#039;_opcode_has_free_impl&#039; returns !&lt;=-1",
"2","2.19.0","knownConditionTrueFalse","style","Condition &#039;_return_value==-1&#039; is always false","Condition &#039;_return_value==-1&#039; is always false","570","","C:\Users\lawrence\Desktop\School\GATech\Spring 2026\PUBP 6727 Cyber Sec Practicum\SourceCodeRepos\GitHub\SCAMR_Helper_SampleSourceCode\Modules\clinic\_opcode.c.h","550","24","Condition &#039;_return_value==-1&#039; is always false",
"2","2.19.0","knownConditionTrueFalse","style","Condition &#039;_return_value==-1&#039; is always false","Condition &#039;_return_value==-1&#039; is always false","570","","C:\Users\lawrence\Desktop\School\GATech\Spring 2026\PUBP 6727 Cyber Sec Practicum\SourceCodeRepos\GitHub\SCAMR_Helper_SampleSourceCode\Modules\clinic\_opcode.c.h","549","43","Calling function &#039;_opcode_has_local_impl&#039; returns !&lt;=-1",
"2","2.19.0","knownConditionTrueFalse","style","Condition &#039;_return_value==-1&#039; is always false","Condition &#039;_return_value==-1&#039; is always false","570","","C:\Users\lawrence\Desktop\School\GATech\Spring 2026\PUBP 6727 Cyber Sec Practicum\SourceCodeRepos\GitHub\SCAMR_Helper_SampleSourceCode\Modules\clinic\_opcode.c.h","616","24","Condition &#039;_return_value==-1&#039; is always false",
"2","2.19.0","knownConditionTrueFalse","style","Condition &#039;_return_value==-1&#039; is always false","Condition &#039;_return_value==-1&#039; is always false","570","","C:\Users\lawrence\Desktop\School\GATech\Spring 2026\PUBP 6727 Cyber Sec Practicum\SourceCodeRepos\GitHub\SCAMR_Helper_SampleSourceCode\Modules\clinic\_opcode.c.h","615","41","Calling function &#039;_opcode_has_exc_impl&#039; returns !&lt;=-1",
"2","2.19.0","missingInclude","information","Include file: &quot;Python.h&quot; not found.","Include file: &quot;Python.h&quot; not found.","","","C:\Users\lawrence\Desktop\School\GATech\Spring 2026\PUBP 6727 Cyber Sec Practicum\SourceCodeRepos\GitHub\SCAMR_Helper_SampleSourceCode\Modules\_operator.c","1","2","",
"2","2.19.0","missingInclude","information","Include file: &quot;pycore_modsupport.h&quot; not found.","Include file: &quot;pycore_modsupport.h&quot; not found.","","","C:\Users\lawrence\Desktop\School\GATech\Spring 2026\PUBP 6727 Cyber Sec Practicum\SourceCodeRepos\GitHub\SCAMR_Helper_SampleSourceCode\Modules\_operator.c","2","2","",
"2","2.19.0","missingInclude","information","Include file: &quot;pycore_moduleobject.h&quot; not found.","Include file: &quot;pycore_moduleobject.h&quot; not found.","","","C:\Users\lawrence\Desktop\School\GATech\Spring 2026\PUBP 6727 Cyber Sec Practicum\SourceCodeRepos\GitHub\SCAMR_Helper_SampleSourceCode\Modules\_operator.c","3","2","",
"2","2.19.0","missingInclude","information","Include file: &quot;pycore_pystate.h&quot; not found.","Include file: &quot;pycore_pystate.h&quot; not found.","","","C:\Users\lawrence\Desktop\School\GATech\Spring 2026\PUBP 6727 Cyber Sec Practicum\SourceCodeRepos\GitHub\SCAMR_Helper_SampleSourceCode\Modules\_operator.c","4","2","",
"2","2.19.0","missingInclude","information","Include file: &quot;pycore_tuple.h&quot; not found.","Include file: &quot;pycore_tuple.h&quot; not found.","","","C:\Users\lawrence\Desktop\School\GATech\Spring 2026\PUBP 6727 Cyber Sec Practicum\SourceCodeRepos\GitHub\SCAMR_Helper_SampleSourceCode\Modules\_operator.c","5","2","",
"2","2.19.0","missingInclude","information","Include file: &quot;pycore_typeobject.h&quot; not found.","Include file: &quot;pycore_typeobject.h&quot; not found.","","","C:\Users\lawrence\Desktop\School\GATech\Spring 2026\PUBP 6727 Cyber Sec Practicum\SourceCodeRepos\GitHub\SCAMR_Helper_SampleSourceCode\Modules\_operator.c","6","2","",
"2","2.19.0","missingInclude","information","Include file: &quot;pycore_unicodeobject.h&quot; not found.","Include file: &quot;pycore_unicodeobject.h&quot; not found.","","","C:\Users\lawrence\Desktop\School\GATech\Spring 2026\PUBP 6727 Cyber Sec Practicum\SourceCodeRepos\GitHub\SCAMR_Helper_SampleSourceCode\Modules\_operator.c","7","2","",
"2","2.19.0","normalCheckLevelMaxBranches","information","Limiting analysis of branches. Use --check-level=exhaustive to analyze all branches.","Limiting analysis of branches. Use --check-level=exhaustive to analyze all branches.","","","C:\Users\lawrence\Desktop\School\GATech\Spring 2026\PUBP 6727 Cyber Sec Practicum\SourceCodeRepos\GitHub\SCAMR_Helper_SampleSourceCode\Modules\_operator.c","0","","",
"2","2.19.0","missingReturn","error","Found an exit path from function with non-void return type that has missing return statement","Found an exit path from function with non-void return type that has missing return statement","758","","C:\Users\lawrence\Desktop\School\GATech\Spring 2026\PUBP 6727 Cyber Sec Practicum\SourceCodeRepos\GitHub\SCAMR_Helper_SampleSourceCode\Modules\_operator.c","561","20","",
"2","2.19.0","missingReturn","error","Found an exit path from function with non-void return type that has missing return statement","Found an exit path from function with non-void return type that has missing return statement","758","","C:\Users\lawrence\Desktop\School\GATech\Spring 2026\PUBP 6727 Cyber Sec Practicum\SourceCodeRepos\GitHub\SCAMR_Helper_SampleSourceCode\Modules\_operator.c","576","20","",
"2","2.19.0","variableScope","style","The scope of the variable &#039;index&#039; can be reduced.","The scope of the variable &#039;index&#039; can be reduced. Warning: Be careful when fixing this message, especially when there are inner loops. Here is an example where cppcheck will write that the scope for &#039;i&#039; can be reduced:
void f(int x)
{
    int i = 0;
    if (x) {
        // it&#039;s safe to move &#039;int i = 0;&#039; here
        for (int n = 0; n &lt; 10; ++n) {
            // it is possible but not safe to move &#039;int i = 0;&#039; here
            do_something(&amp;i);
        }
    }
}
When you see this message it is always safe to reduce the variable scope 1 level.","398","","C:\Users\lawrence\Desktop\School\GATech\Spring 2026\PUBP 6727 Cyber Sec Practicum\SourceCodeRepos\GitHub\SCAMR_Helper_SampleSourceCode\Modules\_operator.c","1039","16","",
"2","2.19.0","variableScope","style","The scope of the variable &#039;attr_name&#039; can be reduced.","The scope of the variable &#039;attr_name&#039; can be reduced. Warning: Be careful when fixing this message, especially when there are inner loops. Here is an example where cppcheck will write that the scope for &#039;i&#039; can be reduced:
void f(int x)
{
    int i = 0;
    if (x) {
        // it&#039;s safe to move &#039;int i = 0;&#039; here
        for (int n = 0; n &lt; 10; ++n) {
            // it is possible but not safe to move &#039;int i = 0;&#039; here
            do_something(&amp;i);
        }
    }
}
When you see this message it is always safe to reduce the variable scope 1 level.","398","","C:\Users\lawrence\Desktop\School\GATech\Spring 2026\PUBP 6727 Cyber Sec Practicum\SourceCodeRepos\GitHub\SCAMR_Helper_SampleSourceCode\Modules\_operator.c","1405","19","",
"2","2.19.0","constParameterPointer","style","Parameter &#039;a&#039; can be declared as pointer to const","Parameter &#039;a&#039; can be declared as pointer to const","398","","C:\Users\lawrence\Desktop\School\GATech\Spring 2026\PUBP 6727 Cyber Sec Practicum\SourceCodeRepos\GitHub\SCAMR_Helper_SampleSourceCode\Modules\_operator.c","725","51","",
"2","2.19.0","constParameterPointer","style","Parameter &#039;b&#039; can be declared as pointer to const","Parameter &#039;b&#039; can be declared as pointer to const","398","","C:\Users\lawrence\Desktop\School\GATech\Spring 2026\PUBP 6727 Cyber Sec Practicum\SourceCodeRepos\GitHub\SCAMR_Helper_SampleSourceCode\Modules\_operator.c","725","64","",
"2","2.19.0","missingInclude","information","Include file: &quot;pycore_abstract.h&quot; not found.","Include file: &quot;pycore_abstract.h&quot; not found.","","","C:\Users\lawrence\Desktop\School\GATech\Spring 2026\PUBP 6727 Cyber Sec Practicum\SourceCodeRepos\GitHub\SCAMR_Helper_SampleSourceCode\Modules\clinic\_operator.c.h","5","2","",
"2","2.19.0","missingInclude","information","Include file: &quot;pycore_modsupport.h&quot; not found.","Include file: &quot;pycore_modsupport.h&quot; not found.","","","C:\Users\lawrence\Desktop\School\GATech\Spring 2026\PUBP 6727 Cyber Sec Practicum\SourceCodeRepos\GitHub\SCAMR_Helper_SampleSourceCode\Modules\clinic\_operator.c.h","6","2","",
"2","2.19.0","missingInclude","information","Include file: &quot;Python.h&quot; not found.","Include file: &quot;Python.h&quot; not found.","","","C:\Users\lawrence\Desktop\School\GATech\Spring 2026\PUBP 6727 Cyber Sec Practicum\SourceCodeRepos\GitHub\SCAMR_Helper_SampleSourceCode\Modules\_pickle.c","11","2","",
"2","2.19.0","missingInclude","information","Include file: &quot;pycore_bytesobject.h&quot; not found.","Include file: &quot;pycore_bytesobject.h&quot; not found.","","","C:\Users\lawrence\Desktop\School\GATech\Spring 2026\PUBP 6727 Cyber Sec Practicum\SourceCodeRepos\GitHub\SCAMR_Helper_SampleSourceCode\Modules\_pickle.c","12","2","",
"2","2.19.0","missingInclude","information","Include file: &quot;pycore_ceval.h&quot; not found.","Include file: &quot;pycore_ceval.h&quot; not found.","","","C:\Users\lawrence\Desktop\School\GATech\Spring 2026\PUBP 6727 Cyber Sec Practicum\SourceCodeRepos\GitHub\SCAMR_Helper_SampleSourceCode\Modules\_pickle.c","13","2","",
"2","2.19.0","missingInclude","information","Include file: &quot;pycore_critical_section.h&quot; not found.","Include file: &quot;pycore_critical_section.h&quot; not found.","","","C:\Users\lawrence\Desktop\School\GATech\Spring 2026\PUBP 6727 Cyber Sec Practicum\SourceCodeRepos\GitHub\SCAMR_Helper_SampleSourceCode\Modules\_pickle.c","14","2","",
"2","2.19.0","missingInclude","information","Include file: &quot;pycore_long.h&quot; not found.","Include file: &quot;pycore_long.h&quot; not found.","","","C:\Users\lawrence\Desktop\School\GATech\Spring 2026\PUBP 6727 Cyber Sec Practicum\SourceCodeRepos\GitHub\SCAMR_Helper_SampleSourceCode\Modules\_pickle.c","15","2","",
"2","2.19.0","missingInclude","information","Include file: &quot;pycore_moduleobject.h&quot; not found.","Include file: &quot;pycore_moduleobject.h&quot; not found.","","","C:\Users\lawrence\Desktop\School\GATech\Spring 2026\PUBP 6727 Cyber Sec Practicum\SourceCodeRepos\GitHub\SCAMR_Helper_SampleSourceCode\Modules\_pickle.c","16","2","",
"2","2.19.0","missingInclude","information","Include file: &quot;pycore_object.h&quot; not found.","Include file: &quot;pycore_object.h&quot; not found.","","","C:\Users\lawrence\Desktop\School\GATech\Spring 2026\PUBP 6727 Cyber Sec Practicum\SourceCodeRepos\GitHub\SCAMR_Helper_SampleSourceCode\Modules\_pickle.c","17","2","",
"2","2.19.0","missingInclude","information","Include file: &quot;pycore_pyerrors.h&quot; not found.","Include file: &quot;pycore_pyerrors.h&quot; not found.","","","C:\Users\lawrence\Desktop\School\GATech\Spring 2026\PUBP 6727 Cyber Sec Practicum\SourceCodeRepos\GitHub\SCAMR_Helper_SampleSourceCode\Modules\_pickle.c","18","2","",
"2","2.19.0","missingInclude","information","Include file: &quot;pycore_pystate.h&quot; not found.","Include file: &quot;pycore_pystate.h&quot; not found.","","","C:\Users\lawrence\Desktop\School\GATech\Spring 2026\PUBP 6727 Cyber Sec Practicum\SourceCodeRepos\GitHub\SCAMR_Helper_SampleSourceCode\Modules\_pickle.c","19","2","",
"2","2.19.0","missingInclude","information","Include file: &quot;pycore_runtime.h&quot; not found.","Include file: &quot;pycore_runtime.h&quot; not found.","","","C:\Users\lawrence\Desktop\School\GATech\Spring 2026\PUBP 6727 Cyber Sec Practicum\SourceCodeRepos\GitHub\SCAMR_Helper_SampleSourceCode\Modules\_pickle.c","20","2","",
"2","2.19.0","missingInclude","information","Include file: &quot;pycore_setobject.h&quot; not found.","Include file: &quot;pycore_setobject.h&quot; not found.","","","C:\Users\lawrence\Desktop\School\GATech\Spring 2026\PUBP 6727 Cyber Sec Practicum\SourceCodeRepos\GitHub\SCAMR_Helper_SampleSourceCode\Modules\_pickle.c","21","2","",
"2","2.19.0","missingInclude","information","Include file: &quot;pycore_symtable.h&quot; not found.","Include file: &quot;pycore_symtable.h&quot; not found.","","","C:\Users\lawrence\Desktop\School\GATech\Spring 2026\PUBP 6727 Cyber Sec Practicum\SourceCodeRepos\GitHub\SCAMR_Helper_SampleSourceCode\Modules\_pickle.c","22","2","",
"2","2.19.0","missingInclude","information","Include file: &quot;pycore_sysmodule.h&quot; not found.","Include file: &quot;pycore_sysmodule.h&quot; not found.","","","C:\Users\lawrence\Desktop\School\GATech\Spring 2026\PUBP 6727 Cyber Sec Practicum\SourceCodeRepos\GitHub\SCAMR_Helper_SampleSourceCode\Modules\_pickle.c","23","2","",
"2","2.19.0","missingInclude","information","Include file: &quot;pycore_unicodeobject.h&quot; not found.","Include file: &quot;pycore_unicodeobject.h&quot; not found.","","","C:\Users\lawrence\Desktop\School\GATech\Spring 2026\PUBP 6727 Cyber Sec Practicum\SourceCodeRepos\GitHub\SCAMR_Helper_SampleSourceCode\Modules\_pickle.c","24","2","",
"2","2.19.0","missingIncludeSystem","information","Include file: &lt;stdlib.h&gt; not found. Please note: Cppcheck does not need standard library headers to get proper results.","Include file: &lt;stdlib.h&gt; not found. Please note: Cppcheck does not need standard library headers to get proper results.","","","C:\Users\lawrence\Desktop\School\GATech\Spring 2026\PUBP 6727 Cyber Sec Practicum\SourceCodeRepos\GitHub\SCAMR_Helper_SampleSourceCode\Modules\_pickle.c","26","2","",
"2","2.19.0","missingIncludeSystem","information","Include file: &lt;stdio.h&gt; not found. Please note: Cppcheck does not need standard library headers to get proper results.","Include file: &lt;stdio.h&gt; not found. Please note: Cppcheck does not need standard library headers to get proper results.","","","C:\Users\lawrence\Desktop\School\GATech\Spring 2026\PUBP 6727 Cyber Sec Practicum\SourceCodeRepos\GitHub\SCAMR_Helper_SampleSourceCode\Modules\_pickle.c","61","2","",
"2","2.19.0","normalCheckLevelMaxBranches","information","Limiting analysis of branches. Use --check-level=exhaustive to analyze all branches.","Limiting analysis of branches. Use --check-level=exhaustive to analyze all branches.","","","C:\Users\lawrence\Desktop\School\GATech\Spring 2026\PUBP 6727 Cyber Sec Practicum\SourceCodeRepos\GitHub\SCAMR_Helper_SampleSourceCode\Modules\_pickle.c","0","","",
"2","2.19.0","missingReturn","error","Found an exit path from function with non-void return type that has missing return statement","Found an exit path from function with non-void return type that has missing return statement","758","","C:\Users\lawrence\Desktop\School\GATech\Spring 2026\PUBP 6727 Cyber Sec Practicum\SourceCodeRepos\GitHub\SCAMR_Helper_SampleSourceCode\Modules\_pickle.c","4734","5","",
"2","2.19.0","missingReturn","error","Found an exit path from function with non-void return type that has missing return statement","Found an exit path from function with non-void return type that has missing return statement","758","","C:\Users\lawrence\Desktop\School\GATech\Spring 2026\PUBP 6727 Cyber Sec Practicum\SourceCodeRepos\GitHub\SCAMR_Helper_SampleSourceCode\Modules\_pickle.c","4815","38","",
"2","2.19.0","missingReturn","error","Found an exit path from function with non-void return type that has missing return statement","Found an exit path from function with non-void return type that has missing return statement","758","","C:\Users\lawrence\Desktop\School\GATech\Spring 2026\PUBP 6727 Cyber Sec Practicum\SourceCodeRepos\GitHub\SCAMR_Helper_SampleSourceCode\Modules\_pickle.c","5075","47","",
"2","2.19.0","missingReturn","error","Found an exit path from function with non-void return type that has missing return statement","Found an exit path from function with non-void return type that has missing return statement","758","","C:\Users\lawrence\Desktop\School\GATech\Spring 2026\PUBP 6727 Cyber Sec Practicum\SourceCodeRepos\GitHub\SCAMR_Helper_SampleSourceCode\Modules\_pickle.c","7595","20","",
"2","2.19.0","knownConditionTrueFalse","style","Condition &#039;_Pickler_CommitFrame(self)&#039; is always false","Condition &#039;_Pickler_CommitFrame(self)&#039; is always false","570","","C:\Users\lawrence\Desktop\School\GATech\Spring 2026\PUBP 6727 Cyber Sec Practicum\SourceCodeRepos\GitHub\SCAMR_Helper_SampleSourceCode\Modules\_pickle.c","1026","29","Condition &#039;_Pickler_CommitFrame(self)&#039; is always false",
"2","2.19.0","knownConditionTrueFalse","style","Condition &#039;_Pickler_CommitFrame(self)&#039; is always false","Condition &#039;_Pickler_CommitFrame(self)&#039; is always false","570","","C:\Users\lawrence\Desktop\School\GATech\Spring 2026\PUBP 6727 Cyber Sec Practicum\SourceCodeRepos\GitHub\SCAMR_Helper_SampleSourceCode\Modules\_pickle.c","1026","29","Calling function &#039;_Pickler_CommitFrame&#039; returns 0",
"2","2.19.0","knownConditionTrueFalse","style","Condition &#039;_Pickler_CommitFrame(self)&#039; is always false","Condition &#039;_Pickler_CommitFrame(self)&#039; is always false","570","","C:\Users\lawrence\Desktop\School\GATech\Spring 2026\PUBP 6727 Cyber Sec Practicum\SourceCodeRepos\GitHub\SCAMR_Helper_SampleSourceCode\Modules\_pickle.c","1063","32","Condition &#039;_Pickler_CommitFrame(self)&#039; is always false",
"2","2.19.0","knownConditionTrueFalse","style","Condition &#039;_Pickler_CommitFrame(self)&#039; is always false","Condition &#039;_Pickler_CommitFrame(self)&#039; is always false","570","","C:\Users\lawrence\Desktop\School\GATech\Spring 2026\PUBP 6727 Cyber Sec Practicum\SourceCodeRepos\GitHub\SCAMR_Helper_SampleSourceCode\Modules\_pickle.c","1063","32","Calling function &#039;_Pickler_CommitFrame&#039; returns 0",
"2","2.19.0","knownConditionTrueFalse","style","Condition &#039;_Pickler_CommitFrame(self)&#039; is always false","Condition &#039;_Pickler_CommitFrame(self)&#039; is always false","570","","C:\Users\lawrence\Desktop\School\GATech\Spring 2026\PUBP 6727 Cyber Sec Practicum\SourceCodeRepos\GitHub\SCAMR_Helper_SampleSourceCode\Modules\_pickle.c","2486","33","Condition &#039;_Pickler_CommitFrame(self)&#039; is always false",
"2","2.19.0","knownConditionTrueFalse","style","Condition &#039;_Pickler_CommitFrame(self)&#039; is always false","Condition &#039;_Pickler_CommitFrame(self)&#039; is always false","570","","C:\Users\lawrence\Desktop\School\GATech\Spring 2026\PUBP 6727 Cyber Sec Practicum\SourceCodeRepos\GitHub\SCAMR_Helper_SampleSourceCode\Modules\_pickle.c","2486","33","Calling function &#039;_Pickler_CommitFrame&#039; returns 0",
"2","2.19.0","knownConditionTrueFalse","style","Condition &#039;_Pickler_CommitFrame(self)&lt;0&#039; is always false","Condition &#039;_Pickler_CommitFrame(self)&lt;0&#039; is always false","570","","C:\Users\lawrence\Desktop\School\GATech\Spring 2026\PUBP 6727 Cyber Sec Practicum\SourceCodeRepos\GitHub\SCAMR_Helper_SampleSourceCode\Modules\_pickle.c","4778","36","Condition &#039;_Pickler_CommitFrame(self)&lt;0&#039; is always false",
"2","2.19.0","knownConditionTrueFalse","style","Condition &#039;_Pickler_CommitFrame(self)&lt;0&#039; is always false","Condition &#039;_Pickler_CommitFrame(self)&lt;0&#039; is always false","570","","C:\Users\lawrence\Desktop\School\GATech\Spring 2026\PUBP 6727 Cyber Sec Practicum\SourceCodeRepos\GitHub\SCAMR_Helper_SampleSourceCode\Modules\_pickle.c","4778","29","Calling function &#039;_Pickler_CommitFrame&#039; returns 0",
"2","2.19.0","invalidscanf","warning","scanf() without field width limits can crash with huge input data.","scanf() without field width limits can crash with huge input data. Add a field width specifier to fix this problem.

Sample program that can crash:

#include &lt;stdio.h&gt;
int main()
{
    char c[5];
    scanf(&quot;%s&quot;, c);
    return 0;
}

Typing in 5 or more characters may make the program crash. The correct usage here is &#039;scanf(&quot;%4s&quot;, c);&#039;, as the maximum field width does not include the terminating null byte.
Source: http://linux.die.net/man/3/scanf
Source: http://www.opensource.apple.com/source/xnu/xnu-1456.1.26/libkern/stdio/scanf.c","119","","C:\Users\lawrence\Desktop\School\GATech\Spring 2026\PUBP 6727 Cyber Sec Practicum\SourceCodeRepos\GitHub\SCAMR_Helper_SampleSourceCode\Modules\_pickle.c","65","5","",
"2","2.19.0","variableScope","style","The scope of the variable &#039;modules&#039; can be reduced.","The scope of the variable &#039;modules&#039; can be reduced. Warning: Be careful when fixing this message, especially when there are inner loops. Here is an example where cppcheck will write that the scope for &#039;i&#039; can be reduced:
void f(int x)
{
    int i = 0;
    if (x) {
        // it&#039;s safe to move &#039;int i = 0;&#039; here
        for (int n = 0; n &lt; 10; ++n) {
            // it is possible but not safe to move &#039;int i = 0;&#039; here
            do_something(&amp;i);
        }
    }
}
When you see this message it is always safe to reduce the variable scope 1 level.","398","","C:\Users\lawrence\Desktop\School\GATech\Spring 2026\PUBP 6727 Cyber Sec Practicum\SourceCodeRepos\GitHub\SCAMR_Helper_SampleSourceCode\Modules\_pickle.c","2046","15","",
"2","2.19.0","variableScope","style","The scope of the variable &#039;this_batch&#039; can be reduced.","The scope of the variable &#039;this_batch&#039; can be reduced. Warning: Be careful when fixing this message, especially when there are inner loops. Here is an example where cppcheck will write that the scope for &#039;i&#039; can be reduced:
void f(int x)
{
    int i = 0;
    if (x) {
        // it&#039;s safe to move &#039;int i = 0;&#039; here
        for (int n = 0; n &lt; 10; ++n) {
            // it is possible but not safe to move &#039;int i = 0;&#039; here
            do_something(&amp;i);
        }
    }
}
When you see this message it is always safe to reduce the variable scope 1 level.","398","","C:\Users\lawrence\Desktop\School\GATech\Spring 2026\PUBP 6727 Cyber Sec Practicum\SourceCodeRepos\GitHub\SCAMR_Helper_SampleSourceCode\Modules\_pickle.c","3193","16","",
"2","2.19.0","variableScope","style","The scope of the variable &#039;obj_class&#039; can be reduced.","The scope of the variable &#039;obj_class&#039; can be reduced. Warning: Be careful when fixing this message, especially when there are inner loops. Here is an example where cppcheck will write that the scope for &#039;i&#039; can be reduced:
void f(int x)
{
    int i = 0;
    if (x) {
        // it&#039;s safe to move &#039;int i = 0;&#039; here
        for (int n = 0; n &lt; 10; ++n) {
            // it is possible but not safe to move &#039;int i = 0;&#039; here
            do_something(&amp;i);
        }
    }
}
When you see this message it is always safe to reduce the variable scope 1 level.","398","","C:\Users\lawrence\Desktop\School\GATech\Spring 2026\PUBP 6727 Cyber Sec Practicum\SourceCodeRepos\GitHub\SCAMR_Helper_SampleSourceCode\Modules\_pickle.c","4345","19","",
"2","2.19.0","variableScope","style","The scope of the variable &#039;key&#039; can be reduced.","The scope of the variable &#039;key&#039; can be reduced. Warning: Be careful when fixing this message, especially when there are inner loops. Here is an example where cppcheck will write that the scope for &#039;i&#039; can be reduced:
void f(int x)
{
    int i = 0;
    if (x) {
        // it&#039;s safe to move &#039;int i = 0;&#039; here
        for (int n = 0; n &lt; 10; ++n) {
            // it is possible but not safe to move &#039;int i = 0;&#039; here
            do_something(&amp;i);
        }
    }
}
When you see this message it is always safe to reduce the variable scope 1 level.","398","","C:\Users\lawrence\Desktop\School\GATech\Spring 2026\PUBP 6727 Cyber Sec Practicum\SourceCodeRepos\GitHub\SCAMR_Helper_SampleSourceCode\Modules\_pickle.c","6011","22","",
"2","2.19.0","variableScope","style","The scope of the variable &#039;value&#039; can be reduced.","The scope of the variable &#039;value&#039; can be reduced. Warning: Be careful when fixing this message, especially when there are inner loops. Here is an example where cppcheck will write that the scope for &#039;i&#039; can be reduced:
void f(int x)
{
    int i = 0;
    if (x) {
        // it&#039;s safe to move &#039;int i = 0;&#039; here
        for (int n = 0; n &lt; 10; ++n) {
            // it is possible but not safe to move &#039;int i = 0;&#039; here
            do_something(&amp;i);
        }
    }
}
When you see this message it is always safe to reduce the variable scope 1 level.","398","","C:\Users\lawrence\Desktop\School\GATech\Spring 2026\PUBP 6727 Cyber Sec Practicum\SourceCodeRepos\GitHub\SCAMR_Helper_SampleSourceCode\Modules\_pickle.c","6011","28","",
"2","2.19.0","variableScope","style","The scope of the variable &#039;result&#039; can be reduced.","The scope of the variable &#039;result&#039; can be reduced. Warning: Be careful when fixing this message, especially when there are inner loops. Here is an example where cppcheck will write that the scope for &#039;i&#039; can be reduced:
void f(int x)
{
    int i = 0;
    if (x) {
        // it&#039;s safe to move &#039;int i = 0;&#039; here
        for (int n = 0; n &lt; 10; ++n) {
            // it is possible but not safe to move &#039;int i = 0;&#039; here
            do_something(&amp;i);
        }
    }
}
When you see this message it is always safe to reduce the variable scope 1 level.","398","","C:\Users\lawrence\Desktop\School\GATech\Spring 2026\PUBP 6727 Cyber Sec Practicum\SourceCodeRepos\GitHub\SCAMR_Helper_SampleSourceCode\Modules\_pickle.c","6668","15","",
"2","2.19.0","variableScope","style","The scope of the variable &#039;i&#039; can be reduced.","The scope of the variable &#039;i&#039; can be reduced. Warning: Be careful when fixing this message, especially when there are inner loops. Here is an example where cppcheck will write that the scope for &#039;i&#039; can be reduced:
void f(int x)
{
    int i = 0;
    if (x) {
        // it&#039;s safe to move &#039;int i = 0;&#039; here
        for (int n = 0; n &lt; 10; ++n) {
            // it is possible but not safe to move &#039;int i = 0;&#039; here
            do_something(&amp;i);
        }
    }
}
When you see this message it is always safe to reduce the variable scope 1 level.","398","","C:\Users\lawrence\Desktop\School\GATech\Spring 2026\PUBP 6727 Cyber Sec Practicum\SourceCodeRepos\GitHub\SCAMR_Helper_SampleSourceCode\Modules\_pickle.c","6669","21","",
"2","2.19.0","variableScope","style","The scope of the variable &#039;value&#039; can be reduced.","The scope of the variable &#039;value&#039; can be reduced. Warning: Be careful when fixing this message, especially when there are inner loops. Here is an example where cppcheck will write that the scope for &#039;i&#039; can be reduced:
void f(int x)
{
    int i = 0;
    if (x) {
        // it&#039;s safe to move &#039;int i = 0;&#039; here
        for (int n = 0; n &lt; 10; ++n) {
            // it is possible but not safe to move &#039;int i = 0;&#039; here
            do_something(&amp;i);
        }
    }
}
When you see this message it is always safe to reduce the variable scope 1 level.","398","","C:\Users\lawrence\Desktop\School\GATech\Spring 2026\PUBP 6727 Cyber Sec Practicum\SourceCodeRepos\GitHub\SCAMR_Helper_SampleSourceCode\Modules\_pickle.c","6757","15","",
"2","2.19.0","variableScope","style","The scope of the variable &#039;key&#039; can be reduced.","The scope of the variable &#039;key&#039; can be reduced. Warning: Be careful when fixing this message, especially when there are inner loops. Here is an example where cppcheck will write that the scope for &#039;i&#039; can be reduced:
void f(int x)
{
    int i = 0;
    if (x) {
        // it&#039;s safe to move &#039;int i = 0;&#039; here
        for (int n = 0; n &lt; 10; ++n) {
            // it is possible but not safe to move &#039;int i = 0;&#039; here
            do_something(&amp;i);
        }
    }
}
When you see this message it is always safe to reduce the variable scope 1 level.","398","","C:\Users\lawrence\Desktop\School\GATech\Spring 2026\PUBP 6727 Cyber Sec Practicum\SourceCodeRepos\GitHub\SCAMR_Helper_SampleSourceCode\Modules\_pickle.c","6757","23","",
"2","2.19.0","variableScope","style","The scope of the variable &#039;i&#039; can be reduced.","The scope of the variable &#039;i&#039; can be reduced. Warning: Be careful when fixing this message, especially when there are inner loops. Here is an example where cppcheck will write that the scope for &#039;i&#039; can be reduced:
void f(int x)
{
    int i = 0;
    if (x) {
        // it&#039;s safe to move &#039;int i = 0;&#039; here
        for (int n = 0; n &lt; 10; ++n) {
            // it is possible but not safe to move &#039;int i = 0;&#039; here
            do_something(&amp;i);
        }
    }
}
When you see this message it is always safe to reduce the variable scope 1 level.","398","","C:\Users\lawrence\Desktop\School\GATech\Spring 2026\PUBP 6727 Cyber Sec Practicum\SourceCodeRepos\GitHub\SCAMR_Helper_SampleSourceCode\Modules\_pickle.c","6810","27","",
"2","2.19.0","shadowArgument","style","Local variable &#039;args&#039; shadows outer argument","Local variable &#039;args&#039; shadows outer argument","398","","C:\Users\lawrence\Desktop\School\GATech\Spring 2026\PUBP 6727 Cyber Sec Practicum\SourceCodeRepos\GitHub\SCAMR_Helper_SampleSourceCode\Modules\_pickle.c","4248","19","Shadow variable",
"2","2.19.0","shadowArgument","style","Local variable &#039;args&#039; shadows outer argument","Local variable &#039;args&#039; shadows outer argument","398","","C:\Users\lawrence\Desktop\School\GATech\Spring 2026\PUBP 6727 Cyber Sec Practicum\SourceCodeRepos\GitHub\SCAMR_Helper_SampleSourceCode\Modules\_pickle.c","4158","61","Shadowed declaration",
"2","2.19.0","constParameterPointer","style","Parameter &#039;self&#039; can be declared as pointer to const","Parameter &#039;self&#039; can be declared as pointer to const","398","","C:\Users\lawrence\Desktop\School\GATech\Spring 2026\PUBP 6727 Cyber Sec Practicum\SourceCodeRepos\GitHub\SCAMR_Helper_SampleSourceCode\Modules\_pickle.c","810","31","",
"2","2.19.0","constParameterPointer","style","Parameter &#039;line&#039; can be declared as pointer to const","Parameter &#039;line&#039; can be declared as pointer to const","398","","C:\Users\lawrence\Desktop\School\GATech\Spring 2026\PUBP 6727 Cyber Sec Practicum\SourceCodeRepos\GitHub\SCAMR_Helper_SampleSourceCode\Modules\_pickle.c","1530","50","",
"2","2.19.0","constParameterPointer","style","Parameter &#039;global&#039; can be declared as pointer to const","Parameter &#039;global&#039; can be declared as pointer to const","398","","C:\Users\lawrence\Desktop\School\GATech\Spring 2026\PUBP 6727 Cyber Sec Practicum\SourceCodeRepos\GitHub\SCAMR_Helper_SampleSourceCode\Modules\_pickle.c","2014","24","",
"2","2.19.0","constParameterPointer","style","Parameter &#039;obj&#039; can be declared as pointer to const","Parameter &#039;obj&#039; can be declared as pointer to const","398","","C:\Users\lawrence\Desktop\School\GATech\Spring 2026\PUBP 6727 Cyber Sec Practicum\SourceCodeRepos\GitHub\SCAMR_Helper_SampleSourceCode\Modules\_pickle.c","2239","42","",
"2","2.19.0","constParameterCallback","style","Parameter &#039;self&#039; can be declared as pointer to const. However it seems that &#039;persistent_id&#039; is a callback function, if &#039;self&#039; is declared with const you might also need to cast function pointer(s).","Parameter &#039;self&#039; can be declared as pointer to const. However it seems that &#039;persistent_id&#039; is a callback function, if &#039;self&#039; is declared with const you might also need to cast function pointer(s).","398","","C:\Users\lawrence\Desktop\School\GATech\Spring 2026\PUBP 6727 Cyber Sec Practicum\SourceCodeRepos\GitHub\SCAMR_Helper_SampleSourceCode\Modules\_pickle.c","4732","25","Parameter &#039;self&#039; can be declared as pointer to const",
"2","2.19.0","constParameterCallback","style","Parameter &#039;self&#039; can be declared as pointer to const. However it seems that &#039;persistent_id&#039; is a callback function, if &#039;self&#039; is declared with const you might also need to cast function pointer(s).","Parameter &#039;self&#039; can be declared as pointer to const. However it seems that &#039;persistent_id&#039; is a callback function, if &#039;self&#039; is declared with const you might also need to cast function pointer(s).","398","","C:\Users\lawrence\Desktop\School\GATech\Spring 2026\PUBP 6727 Cyber Sec Practicum\SourceCodeRepos\GitHub\SCAMR_Helper_SampleSourceCode\Modules\_pickle.c","4892","23","You might need to cast the function pointer here",
"2","2.19.0","constParameterCallback","style","Parameter &#039;obj&#039; can be declared as pointer to const. However it seems that &#039;persistent_id&#039; is a callback function, if &#039;obj&#039; is declared with const you might also need to cast function pointer(s).","Parameter &#039;obj&#039; can be declared as pointer to const. However it seems that &#039;persistent_id&#039; is a callback function, if &#039;obj&#039; is declared with const you might also need to cast function pointer(s).","398","","C:\Users\lawrence\Desktop\School\GATech\Spring 2026\PUBP 6727 Cyber Sec Practicum\SourceCodeRepos\GitHub\SCAMR_Helper_SampleSourceCode\Modules\_pickle.c","4732","41","Parameter &#039;obj&#039; can be declared as pointer to const",
"2","2.19.0","constParameterCallback","style","Parameter &#039;obj&#039; can be declared as pointer to const. However it seems that &#039;persistent_id&#039; is a callback function, if &#039;obj&#039; is declared with const you might also need to cast function pointer(s).","Parameter &#039;obj&#039; can be declared as pointer to const. However it seems that &#039;persistent_id&#039; is a callback function, if &#039;obj&#039; is declared with const you might also need to cast function pointer(s).","398","","C:\Users\lawrence\Desktop\School\GATech\Spring 2026\PUBP 6727 Cyber Sec Practicum\SourceCodeRepos\GitHub\SCAMR_Helper_SampleSourceCode\Modules\_pickle.c","4892","23","You might need to cast the function pointer here",
"2","2.19.0","constVariablePointer","style","Variable &#039;s&#039; can be declared as pointer to const","Variable &#039;s&#039; can be declared as pointer to const","398","","C:\Users\lawrence\Desktop\School\GATech\Spring 2026\PUBP 6727 Cyber Sec Practicum\SourceCodeRepos\GitHub\SCAMR_Helper_SampleSourceCode\Modules\_pickle.c","5453","20","",
"2","2.19.0","constVariablePointer","style","Variable &#039;s&#039; can be declared as pointer to const","Variable &#039;s&#039; can be declared as pointer to const","398","","C:\Users\lawrence\Desktop\School\GATech\Spring 2026\PUBP 6727 Cyber Sec Practicum\SourceCodeRepos\GitHub\SCAMR_Helper_SampleSourceCode\Modules\_pickle.c","5485","20","",
"2","2.19.0","constParameterPointer","style","Parameter &#039;self&#039; can be declared as pointer to const","Parameter &#039;self&#039; can be declared as pointer to const","398","","C:\Users\lawrence\Desktop\School\GATech\Spring 2026\PUBP 6727 Cyber Sec Practicum\SourceCodeRepos\GitHub\SCAMR_Helper_SampleSourceCode\Modules\_pickle.c","7294","52","",
"2","2.19.0","legacyUninitvar","error","Uninitialized variable: *(&amp;s)","Uninitialized variable: *(&amp;s)","457","","C:\Users\lawrence\Desktop\School\GATech\Spring 2026\PUBP 6727 Cyber Sec Practicum\SourceCodeRepos\GitHub\SCAMR_Helper_SampleSourceCode\Modules\_pickle.c","5523","9","",
"2","2.19.0","legacyUninitvar","error","Uninitialized variable: *(&amp;s)","Uninitialized variable: *(&amp;s)","457","","C:\Users\lawrence\Desktop\School\GATech\Spring 2026\PUBP 6727 Cyber Sec Practicum\SourceCodeRepos\GitHub\SCAMR_Helper_SampleSourceCode\Modules\_pickle.c","5533","9","",
"2","2.19.0","legacyUninitvar","error","Uninitialized variable: *(&amp;s)","Uninitialized variable: *(&amp;s)","457","","C:\Users\lawrence\Desktop\School\GATech\Spring 2026\PUBP 6727 Cyber Sec Practicum\SourceCodeRepos\GitHub\SCAMR_Helper_SampleSourceCode\Modules\_pickle.c","5543","9","",
"2","2.19.0","legacyUninitvar","error","Uninitialized variable: *(&amp;nbytes)","Uninitialized variable: *(&amp;nbytes)","457","","C:\Users\lawrence\Desktop\School\GATech\Spring 2026\PUBP 6727 Cyber Sec Practicum\SourceCodeRepos\GitHub\SCAMR_Helper_SampleSourceCode\Modules\_pickle.c","5586","9","",
"2","2.19.0","legacyUninitvar","error","Uninitialized variable: *(&amp;pdata)","Uninitialized variable: *(&amp;pdata)","457","","C:\Users\lawrence\Desktop\School\GATech\Spring 2026\PUBP 6727 Cyber Sec Practicum\SourceCodeRepos\GitHub\SCAMR_Helper_SampleSourceCode\Modules\_pickle.c","5601","13","",
"2","2.19.0","legacyUninitvar","error","Uninitialized variable: *(&amp;s)","Uninitialized variable: *(&amp;s)","457","","C:\Users\lawrence\Desktop\School\GATech\Spring 2026\PUBP 6727 Cyber Sec Practicum\SourceCodeRepos\GitHub\SCAMR_Helper_SampleSourceCode\Modules\_pickle.c","5648","9","",
"2","2.19.0","legacyUninitvar","error","Uninitialized variable: *(&amp;s)","Uninitialized variable: *(&amp;s)","457","","C:\Users\lawrence\Desktop\School\GATech\Spring 2026\PUBP 6727 Cyber Sec Practicum\SourceCodeRepos\GitHub\SCAMR_Helper_SampleSourceCode\Modules\_pickle.c","5716","9","",
"2","2.19.0","legacyUninitvar","error","Uninitialized variable: *(&amp;s)","Uninitialized variable: *(&amp;s)","457","","C:\Users\lawrence\Desktop\School\GATech\Spring 2026\PUBP 6727 Cyber Sec Practicum\SourceCodeRepos\GitHub\SCAMR_Helper_SampleSourceCode\Modules\_pickle.c","5752","9","",
"2","2.19.0","legacyUninitvar","error","Uninitialized variable: *(&amp;s)","Uninitialized variable: *(&amp;s)","457","","C:\Users\lawrence\Desktop\School\GATech\Spring 2026\PUBP 6727 Cyber Sec Practicum\SourceCodeRepos\GitHub\SCAMR_Helper_SampleSourceCode\Modules\_pickle.c","5797","9","",
"2","2.19.0","legacyUninitvar","error","Uninitialized variable: *(&amp;s)","Uninitialized variable: *(&amp;s)","457","","C:\Users\lawrence\Desktop\School\GATech\Spring 2026\PUBP 6727 Cyber Sec Practicum\SourceCodeRepos\GitHub\SCAMR_Helper_SampleSourceCode\Modules\_pickle.c","5911","9","",
"2","2.19.0","legacyUninitvar","error","Uninitialized variable: *(&amp;s)","Uninitialized variable: *(&amp;s)","457","","C:\Users\lawrence\Desktop\School\GATech\Spring 2026\PUBP 6727 Cyber Sec Practicum\SourceCodeRepos\GitHub\SCAMR_Helper_SampleSourceCode\Modules\_pickle.c","6452","9","",
"2","2.19.0","legacyUninitvar","error","Uninitialized variable: *(&amp;s)","Uninitialized variable: *(&amp;s)","457","","C:\Users\lawrence\Desktop\School\GATech\Spring 2026\PUBP 6727 Cyber Sec Practicum\SourceCodeRepos\GitHub\SCAMR_Helper_SampleSourceCode\Modules\_pickle.c","6473","9","",
"2","2.19.0","legacyUninitvar","error","Uninitialized variable: *(&amp;codebytes)","Uninitialized variable: *(&amp;codebytes)","457","","C:\Users\lawrence\Desktop\School\GATech\Spring 2026\PUBP 6727 Cyber Sec Practicum\SourceCodeRepos\GitHub\SCAMR_Helper_SampleSourceCode\Modules\_pickle.c","6501","9","",
"2","2.19.0","legacyUninitvar","error","Uninitialized variable: *(&amp;s)","Uninitialized variable: *(&amp;s)","457","","C:\Users\lawrence\Desktop\School\GATech\Spring 2026\PUBP 6727 Cyber Sec Practicum\SourceCodeRepos\GitHub\SCAMR_Helper_SampleSourceCode\Modules\_pickle.c","6614","9","",
"2","2.19.0","legacyUninitvar","error","Uninitialized variable: *(&amp;s)","Uninitialized variable: *(&amp;s)","457","","C:\Users\lawrence\Desktop\School\GATech\Spring 2026\PUBP 6727 Cyber Sec Practicum\SourceCodeRepos\GitHub\SCAMR_Helper_SampleSourceCode\Modules\_pickle.c","6633","9","",
"2","2.19.0","legacyUninitvar","error","Uninitialized variable: *(&amp;s)","Uninitialized variable: *(&amp;s)","457","","C:\Users\lawrence\Desktop\School\GATech\Spring 2026\PUBP 6727 Cyber Sec Practicum\SourceCodeRepos\GitHub\SCAMR_Helper_SampleSourceCode\Modules\_pickle.c","7033","9","",
"2","2.19.0","legacyUninitvar","error","Uninitialized variable: *(&amp;s)","Uninitialized variable: *(&amp;s)","457","","C:\Users\lawrence\Desktop\School\GATech\Spring 2026\PUBP 6727 Cyber Sec Practicum\SourceCodeRepos\GitHub\SCAMR_Helper_SampleSourceCode\Modules\_pickle.c","7052","9","",
"2","2.19.0","missingInclude","information","Include file: &quot;pycore_modsupport.h&quot; not found.","Include file: &quot;pycore_modsupport.h&quot; not found.","","","C:\Users\lawrence\Desktop\School\GATech\Spring 2026\PUBP 6727 Cyber Sec Practicum\SourceCodeRepos\GitHub\SCAMR_Helper_SampleSourceCode\Modules\clinic\_pickle.c.h","9","2","",
"2","2.19.0","missingInclude","information","Include file: &quot;Python.h&quot; not found.","Include file: &quot;Python.h&quot; not found.","","","C:\Users\lawrence\Desktop\School\GATech\Spring 2026\PUBP 6727 Cyber Sec Practicum\SourceCodeRepos\GitHub\SCAMR_Helper_SampleSourceCode\Modules\_posixsubprocess.c","6","2","",
"2","2.19.0","missingInclude","information","Include file: &quot;pycore_fileutils.h&quot; not found.","Include file: &quot;pycore_fileutils.h&quot; not found.","","","C:\Users\lawrence\Desktop\School\GATech\Spring 2026\PUBP 6727 Cyber Sec Practicum\SourceCodeRepos\GitHub\SCAMR_Helper_SampleSourceCode\Modules\_posixsubprocess.c","7","2","",
"2","2.19.0","missingInclude","information","Include file: &quot;pycore_interp.h&quot; not found.","Include file: &quot;pycore_interp.h&quot; not found.","","","C:\Users\lawrence\Desktop\School\GATech\Spring 2026\PUBP 6727 Cyber Sec Practicum\SourceCodeRepos\GitHub\SCAMR_Helper_SampleSourceCode\Modules\_posixsubprocess.c","8","2","",
"2","2.19.0","missingInclude","information","Include file: &quot;pycore_pystate.h&quot; not found.","Include file: &quot;pycore_pystate.h&quot; not found.","","","C:\Users\lawrence\Desktop\School\GATech\Spring 2026\PUBP 6727 Cyber Sec Practicum\SourceCodeRepos\GitHub\SCAMR_Helper_SampleSourceCode\Modules\_posixsubprocess.c","9","2","",
"2","2.19.0","missingInclude","information","Include file: &quot;pycore_signal.h&quot; not found.","Include file: &quot;pycore_signal.h&quot; not found.","","","C:\Users\lawrence\Desktop\School\GATech\Spring 2026\PUBP 6727 Cyber Sec Practicum\SourceCodeRepos\GitHub\SCAMR_Helper_SampleSourceCode\Modules\_posixsubprocess.c","10","2","",
"2","2.19.0","missingIncludeSystem","information","Include file: &lt;unistd.h&gt; not found. Please note: Cppcheck does not need standard library headers to get proper results.","Include file: &lt;unistd.h&gt; not found. Please note: Cppcheck does not need standard library headers to get proper results.","","","C:\Users\lawrence\Desktop\School\GATech\Spring 2026\PUBP 6727 Cyber Sec Practicum\SourceCodeRepos\GitHub\SCAMR_Helper_SampleSourceCode\Modules\_posixsubprocess.c","15","2","",
"2","2.19.0","missingIncludeSystem","information","Include file: &lt;fcntl.h&gt; not found. Please note: Cppcheck does not need standard library headers to get proper results.","Include file: &lt;fcntl.h&gt; not found. Please note: Cppcheck does not need standard library headers to get proper results.","","","C:\Users\lawrence\Desktop\School\GATech\Spring 2026\PUBP 6727 Cyber Sec Practicum\SourceCodeRepos\GitHub\SCAMR_Helper_SampleSourceCode\Modules\_posixsubprocess.c","16","2","",
"2","2.19.0","missingIncludeSystem","information","Include file: &lt;dirent.h&gt; not found. Please note: Cppcheck does not need standard library headers to get proper results.","Include file: &lt;dirent.h&gt; not found. Please note: Cppcheck does not need standard library headers to get proper results.","","","C:\Users\lawrence\Desktop\School\GATech\Spring 2026\PUBP 6727 Cyber Sec Practicum\SourceCodeRepos\GitHub\SCAMR_Helper_SampleSourceCode\Modules\_posixsubprocess.c","30","4","",
"2","2.19.0","missingIncludeSystem","information","Include file: &lt;grp.h&gt; not found. Please note: Cppcheck does not need standard library headers to get proper results.","Include file: &lt;grp.h&gt; not found. Please note: Cppcheck does not need standard library headers to get proper results.","","","C:\Users\lawrence\Desktop\School\GATech\Spring 2026\PUBP 6727 Cyber Sec Practicum\SourceCodeRepos\GitHub\SCAMR_Helper_SampleSourceCode\Modules\_posixsubprocess.c","33","4","",
"2","2.19.0","toomanyconfigs","information","Too many #ifdef configurations - cppcheck only checks 12 of 28 configurations. Use --force to check all configurations.","Too many #ifdef configurations - cppcheck only checks 12 of 28 configurations. Use --force to check all configurations.","398","","C:\Users\lawrence\Desktop\School\GATech\Spring 2026\PUBP 6727 Cyber Sec Practicum\SourceCodeRepos\GitHub\SCAMR_Helper_SampleSourceCode\Modules\_posixsubprocess.c","0","","",
"2","2.19.0","missingInclude","information","Include file: &quot;pycore_modsupport.h&quot; not found.","Include file: &quot;pycore_modsupport.h&quot; not found.","","","C:\Users\lawrence\Desktop\School\GATech\Spring 2026\PUBP 6727 Cyber Sec Practicum\SourceCodeRepos\GitHub\SCAMR_Helper_SampleSourceCode\Modules\clinic\_posixsubprocess.c.h","5","2","",
"2","2.19.0","unknownMacro","error","There is an unknown macro here somewhere. Configuration is required. If PyAPI_FUNC is a macro then please configure it.","There is an unknown macro here somewhere. Configuration is required. If PyAPI_FUNC is a macro then please configure it.","","","C:\Users\lawrence\Desktop\School\GATech\Spring 2026\PUBP 6727 Cyber Sec Practicum\SourceCodeRepos\GitHub\SCAMR_Helper_SampleSourceCode\Modules\posixmodule.h","17","1","",
"2","2.19.0","unknownMacro","error","There is an unknown macro here somewhere. Configuration is required. If PyAPI_FUNC is a macro then please configure it.","There is an unknown macro here somewhere. Configuration is required. If PyAPI_FUNC is a macro then please configure it.","","","C:\Users\lawrence\Desktop\School\GATech\Spring 2026\PUBP 6727 Cyber Sec Practicum\SourceCodeRepos\GitHub\SCAMR_Helper_SampleSourceCode\Modules\posixmodule.h","17","1","",
"2","2.19.0","missingIncludeSystem","information","Include file: &lt;sys/types.h&gt; not found. Please note: Cppcheck does not need standard library headers to get proper results.","Include file: &lt;sys/types.h&gt; not found. Please note: Cppcheck does not need standard library headers to get proper results.","","","C:\Users\lawrence\Desktop\School\GATech\Spring 2026\PUBP 6727 Cyber Sec Practicum\SourceCodeRepos\GitHub\SCAMR_Helper_SampleSourceCode\Modules\posixmodule.h","10","4","",
"2","2.19.0","unknownMacro","error","There is an unknown macro here somewhere. Configuration is required. If PyAPI_FUNC is a macro then please configure it.","There is an unknown macro here somewhere. Configuration is required. If PyAPI_FUNC is a macro then please configure it.","","","C:\Users\lawrence\Desktop\School\GATech\Spring 2026\PUBP 6727 Cyber Sec Practicum\SourceCodeRepos\GitHub\SCAMR_Helper_SampleSourceCode\Modules\posixmodule.h","17","1","",
"2","2.19.0","missingIncludeSystem","information","Include file: &lt;sys/types.h&gt; not found. Please note: Cppcheck does not need standard library headers to get proper results.","Include file: &lt;sys/types.h&gt; not found. Please note: Cppcheck does not need standard library headers to get proper results.","","","C:\Users\lawrence\Desktop\School\GATech\Spring 2026\PUBP 6727 Cyber Sec Practicum\SourceCodeRepos\GitHub\SCAMR_Helper_SampleSourceCode\Modules\posixmodule.h","10","4","",
"2","2.19.0","unknownMacro","error","There is an unknown macro here somewhere. Configuration is required. If PyAPI_FUNC is a macro then please configure it.","There is an unknown macro here somewhere. Configuration is required. If PyAPI_FUNC is a macro then please configure it.","","","C:\Users\lawrence\Desktop\School\GATech\Spring 2026\PUBP 6727 Cyber Sec Practicum\SourceCodeRepos\GitHub\SCAMR_Helper_SampleSourceCode\Modules\posixmodule.h","17","1","",
"2","2.19.0","missingInclude","information","Include file: &quot;Python.h&quot; not found.","Include file: &quot;Python.h&quot; not found.","","","C:\Users\lawrence\Desktop\School\GATech\Spring 2026\PUBP 6727 Cyber Sec Practicum\SourceCodeRepos\GitHub\SCAMR_Helper_SampleSourceCode\Modules\_queuemodule.c","5","2","",
"2","2.19.0","missingInclude","information","Include file: &quot;pycore_ceval.h&quot; not found.","Include file: &quot;pycore_ceval.h&quot; not found.","","","C:\Users\lawrence\Desktop\School\GATech\Spring 2026\PUBP 6727 Cyber Sec Practicum\SourceCodeRepos\GitHub\SCAMR_Helper_SampleSourceCode\Modules\_queuemodule.c","6","2","",
"2","2.19.0","missingInclude","information","Include file: &quot;pycore_moduleobject.h&quot; not found.","Include file: &quot;pycore_moduleobject.h&quot; not found.","","","C:\Users\lawrence\Desktop\School\GATech\Spring 2026\PUBP 6727 Cyber Sec Practicum\SourceCodeRepos\GitHub\SCAMR_Helper_SampleSourceCode\Modules\_queuemodule.c","7","2","",
"2","2.19.0","missingInclude","information","Include file: &quot;pycore_parking_lot.h&quot; not found.","Include file: &quot;pycore_parking_lot.h&quot; not found.","","","C:\Users\lawrence\Desktop\School\GATech\Spring 2026\PUBP 6727 Cyber Sec Practicum\SourceCodeRepos\GitHub\SCAMR_Helper_SampleSourceCode\Modules\_queuemodule.c","8","2","",
"2","2.19.0","missingInclude","information","Include file: &quot;pycore_time.h&quot; not found.","Include file: &quot;pycore_time.h&quot; not found.","","","C:\Users\lawrence\Desktop\School\GATech\Spring 2026\PUBP 6727 Cyber Sec Practicum\SourceCodeRepos\GitHub\SCAMR_Helper_SampleSourceCode\Modules\_queuemodule.c","9","2","",
"2","2.19.0","missingInclude","information","Include file: &quot;pycore_weakref.h&quot; not found.","Include file: &quot;pycore_weakref.h&quot; not found.","","","C:\Users\lawrence\Desktop\School\GATech\Spring 2026\PUBP 6727 Cyber Sec Practicum\SourceCodeRepos\GitHub\SCAMR_Helper_SampleSourceCode\Modules\_queuemodule.c","10","2","",
"2","2.19.0","missingIncludeSystem","information","Include file: &lt;stdbool.h&gt; not found. Please note: Cppcheck does not need standard library headers to get proper results.","Include file: &lt;stdbool.h&gt; not found. Please note: Cppcheck does not need standard library headers to get proper results.","","","C:\Users\lawrence\Desktop\School\GATech\Spring 2026\PUBP 6727 Cyber Sec Practicum\SourceCodeRepos\GitHub\SCAMR_Helper_SampleSourceCode\Modules\_queuemodule.c","12","2","",
"2","2.19.0","missingIncludeSystem","information","Include file: &lt;stddef.h&gt; not found. Please note: Cppcheck does not need standard library headers to get proper results.","Include file: &lt;stddef.h&gt; not found. Please note: Cppcheck does not need standard library headers to get proper results.","","","C:\Users\lawrence\Desktop\School\GATech\Spring 2026\PUBP 6727 Cyber Sec Practicum\SourceCodeRepos\GitHub\SCAMR_Helper_SampleSourceCode\Modules\_queuemodule.c","13","2","",
"2","2.19.0","missingReturn","error","Found an exit path from function with non-void return type that has missing return statement","Found an exit path from function with non-void return type that has missing return statement","758","","C:\Users\lawrence\Desktop\School\GATech\Spring 2026\PUBP 6727 Cyber Sec Practicum\SourceCodeRepos\GitHub\SCAMR_Helper_SampleSourceCode\Modules\_queuemodule.c","323","5","",
"2","2.19.0","constParameterPointer","style","Parameter &#039;buf&#039; can be declared as pointer to const","Parameter &#039;buf&#039; can be declared as pointer to const","398","","C:\Users\lawrence\Desktop\School\GATech\Spring 2026\PUBP 6727 Cyber Sec Practicum\SourceCodeRepos\GitHub\SCAMR_Helper_SampleSourceCode\Modules\_queuemodule.c","178","22","",
"2","2.19.0","constParameterPointer","style","Parameter &#039;buf&#039; can be declared as pointer to const","Parameter &#039;buf&#039; can be declared as pointer to const","398","","C:\Users\lawrence\Desktop\School\GATech\Spring 2026\PUBP 6727 Cyber Sec Practicum\SourceCodeRepos\GitHub\SCAMR_Helper_SampleSourceCode\Modules\_queuemodule.c","184","26","",
"2","2.19.0","missingInclude","information","Include file: &quot;pycore_critical_section.h&quot; not found.","Include file: &quot;pycore_critical_section.h&quot; not found.","","","C:\Users\lawrence\Desktop\School\GATech\Spring 2026\PUBP 6727 Cyber Sec Practicum\SourceCodeRepos\GitHub\SCAMR_Helper_SampleSourceCode\Modules\clinic\_queuemodule.c.h","9","2","",
"2","2.19.0","missingInclude","information","Include file: &quot;pycore_modsupport.h&quot; not found.","Include file: &quot;pycore_modsupport.h&quot; not found.","","","C:\Users\lawrence\Desktop\School\GATech\Spring 2026\PUBP 6727 Cyber Sec Practicum\SourceCodeRepos\GitHub\SCAMR_Helper_SampleSourceCode\Modules\clinic\_queuemodule.c.h","10","2","",
"2","2.19.0","knownConditionTrueFalse","style","Condition &#039;_return_value==-1&#039; is always false","Condition &#039;_return_value==-1&#039; is always false","570","","C:\Users\lawrence\Desktop\School\GATech\Spring 2026\PUBP 6727 Cyber Sec Practicum\SourceCodeRepos\GitHub\SCAMR_Helper_SampleSourceCode\Modules\clinic\_queuemodule.c.h","323","24","Condition &#039;_return_value==-1&#039; is always false",
"2","2.19.0","knownConditionTrueFalse","style","Condition &#039;_return_value==-1&#039; is always false","Condition &#039;_return_value==-1&#039; is always false","570","","C:\Users\lawrence\Desktop\School\GATech\Spring 2026\PUBP 6727 Cyber Sec Practicum\SourceCodeRepos\GitHub\SCAMR_Helper_SampleSourceCode\Modules\clinic\_queuemodule.c.h","321","50","Calling function &#039;_queue_SimpleQueue_empty_impl&#039; returns !&lt;=-1",
"2","2.19.0","constVariablePointer","style","Variable &#039;base_tp&#039; can be declared as pointer to const","Variable &#039;base_tp&#039; can be declared as pointer to const","398","","C:\Users\lawrence\Desktop\School\GATech\Spring 2026\PUBP 6727 Cyber Sec Practicum\SourceCodeRepos\GitHub\SCAMR_Helper_SampleSourceCode\Modules\clinic\_queuemodule.c.h","25","19","",
"2","2.19.0","missingInclude","information","Include file: &quot;Python.h&quot; not found.","Include file: &quot;Python.h&quot; not found.","","","C:\Users\lawrence\Desktop\School\GATech\Spring 2026\PUBP 6727 Cyber Sec Practicum\SourceCodeRepos\GitHub\SCAMR_Helper_SampleSourceCode\Modules\_randommodule.c","73","2","",
"2","2.19.0","missingInclude","information","Include file: &quot;pycore_long.h&quot; not found.","Include file: &quot;pycore_long.h&quot; not found.","","","C:\Users\lawrence\Desktop\School\GATech\Spring 2026\PUBP 6727 Cyber Sec Practicum\SourceCodeRepos\GitHub\SCAMR_Helper_SampleSourceCode\Modules\_randommodule.c","74","2","",
"2","2.19.0","missingInclude","information","Include file: &quot;pycore_modsupport.h&quot; not found.","Include file: &quot;pycore_modsupport.h&quot; not found.","","","C:\Users\lawrence\Desktop\School\GATech\Spring 2026\PUBP 6727 Cyber Sec Practicum\SourceCodeRepos\GitHub\SCAMR_Helper_SampleSourceCode\Modules\_randommodule.c","75","2","",
"2","2.19.0","missingInclude","information","Include file: &quot;pycore_moduleobject.h&quot; not found.","Include file: &quot;pycore_moduleobject.h&quot; not found.","","","C:\Users\lawrence\Desktop\School\GATech\Spring 2026\PUBP 6727 Cyber Sec Practicum\SourceCodeRepos\GitHub\SCAMR_Helper_SampleSourceCode\Modules\_randommodule.c","76","2","",
"2","2.19.0","missingInclude","information","Include file: &quot;pycore_pylifecycle.h&quot; not found.","Include file: &quot;pycore_pylifecycle.h&quot; not found.","","","C:\Users\lawrence\Desktop\School\GATech\Spring 2026\PUBP 6727 Cyber Sec Practicum\SourceCodeRepos\GitHub\SCAMR_Helper_SampleSourceCode\Modules\_randommodule.c","77","2","",
"2","2.19.0","normalCheckLevelMaxBranches","information","Limiting analysis of branches. Use --check-level=exhaustive to analyze all branches.","Limiting analysis of branches. Use --check-level=exhaustive to analyze all branches.","","","C:\Users\lawrence\Desktop\School\GATech\Spring 2026\PUBP 6727 Cyber Sec Practicum\SourceCodeRepos\GitHub\SCAMR_Helper_SampleSourceCode\Modules\_randommodule.c","0","","",
"2","2.19.0","missingReturn","error","Found an exit path from function with non-void return type that has missing return statement","Found an exit path from function with non-void return type that has missing return statement","758","","C:\Users\lawrence\Desktop\School\GATech\Spring 2026\PUBP 6727 Cyber Sec Practicum\SourceCodeRepos\GitHub\SCAMR_Helper_SampleSourceCode\Modules\_randommodule.c","401","5","",
"2","2.19.0","variableScope","style","The scope of the variable &#039;element&#039; can be reduced.","The scope of the variable &#039;element&#039; can be reduced. Warning: Be careful when fixing this message, especially when there are inner loops. Here is an example where cppcheck will write that the scope for &#039;i&#039; can be reduced:
void f(int x)
{
    int i = 0;
    if (x) {
        // it&#039;s safe to move &#039;int i = 0;&#039; here
        for (int n = 0; n &lt; 10; ++n) {
            // it is possible but not safe to move &#039;int i = 0;&#039; here
            do_something(&amp;i);
        }
    }
}
When you see this message it is always safe to reduce the variable scope 1 level.","398","","C:\Users\lawrence\Desktop\School\GATech\Spring 2026\PUBP 6727 Cyber Sec Practicum\SourceCodeRepos\GitHub\SCAMR_Helper_SampleSourceCode\Modules\_randommodule.c","459","19","",
"2","2.19.0","constParameter","style","Parameter &#039;init_key&#039; can be declared as const array","Parameter &#039;init_key&#039; can be declared as const array","398","","C:\Users\lawrence\Desktop\School\GATech\Spring 2026\PUBP 6727 Cyber Sec Practicum\SourceCodeRepos\GitHub\SCAMR_Helper_SampleSourceCode\Modules\_randommodule.c","220","44","",
"2","2.19.0","missingIncludeSystem","information","Include file: &lt;process.h&gt; not found. Please note: Cppcheck does not need standard library headers to get proper results.","Include file: &lt;process.h&gt; not found. Please note: Cppcheck does not need standard library headers to get proper results.","","","C:\Users\lawrence\Desktop\School\GATech\Spring 2026\PUBP 6727 Cyber Sec Practicum\SourceCodeRepos\GitHub\SCAMR_Helper_SampleSourceCode\Modules\_randommodule.c","83","4","",
"2","2.19.0","missingIncludeSystem","information","Include file: &lt;unistd.h&gt; not found. Please note: Cppcheck does not need standard library headers to get proper results.","Include file: &lt;unistd.h&gt; not found. Please note: Cppcheck does not need standard library headers to get proper results.","","","C:\Users\lawrence\Desktop\School\GATech\Spring 2026\PUBP 6727 Cyber Sec Practicum\SourceCodeRepos\GitHub\SCAMR_Helper_SampleSourceCode\Modules\_randommodule.c","80","4","",
"2","2.19.0","missingIncludeSystem","information","Include file: &lt;windows.h&gt; not found. Please note: Cppcheck does not need standard library headers to get proper results.","Include file: &lt;windows.h&gt; not found. Please note: Cppcheck does not need standard library headers to get proper results.","","","C:\Users\lawrence\Desktop\School\GATech\Spring 2026\PUBP 6727 Cyber Sec Practicum\SourceCodeRepos\GitHub\SCAMR_Helper_SampleSourceCode\Modules\_randommodule.c","86","4","",
"2","2.19.0","missingInclude","information","Include file: &quot;pycore_critical_section.h&quot; not found.","Include file: &quot;pycore_critical_section.h&quot; not found.","","","C:\Users\lawrence\Desktop\School\GATech\Spring 2026\PUBP 6727 Cyber Sec Practicum\SourceCodeRepos\GitHub\SCAMR_Helper_SampleSourceCode\Modules\clinic\_randommodule.c.h","5","2","",
"2","2.19.0","missingInclude","information","Include file: &quot;pycore_long.h&quot; not found.","Include file: &quot;pycore_long.h&quot; not found.","","","C:\Users\lawrence\Desktop\School\GATech\Spring 2026\PUBP 6727 Cyber Sec Practicum\SourceCodeRepos\GitHub\SCAMR_Helper_SampleSourceCode\Modules\clinic\_randommodule.c.h","6","2","",
"2","2.19.0","missingInclude","information","Include file: &quot;pycore_modsupport.h&quot; not found.","Include file: &quot;pycore_modsupport.h&quot; not found.","","","C:\Users\lawrence\Desktop\School\GATech\Spring 2026\PUBP 6727 Cyber Sec Practicum\SourceCodeRepos\GitHub\SCAMR_Helper_SampleSourceCode\Modules\clinic\_randommodule.c.h","7","2","",
"2","2.19.0","missingInclude","information","Include file: &quot;pyconfig.h&quot; not found.","Include file: &quot;pyconfig.h&quot; not found.","","","C:\Users\lawrence\Desktop\School\GATech\Spring 2026\PUBP 6727 Cyber Sec Practicum\SourceCodeRepos\GitHub\SCAMR_Helper_SampleSourceCode\Modules\_scproxy.c","7","2","",
"2","2.19.0","missingIncludeSystem","information","Include file: &lt;Python.h&gt; not found. Please note: Cppcheck does not need standard library headers to get proper results.","Include file: &lt;Python.h&gt; not found. Please note: Cppcheck does not need standard library headers to get proper results.","","","C:\Users\lawrence\Desktop\School\GATech\Spring 2026\PUBP 6727 Cyber Sec Practicum\SourceCodeRepos\GitHub\SCAMR_Helper_SampleSourceCode\Modules\_scproxy.c","12","2","",
"2","2.19.0","missingIncludeSystem","information","Include file: &lt;SystemConfiguration/SystemConfiguration.h&gt; not found. Please note: Cppcheck does not need standard library headers to get proper results.","Include file: &lt;SystemConfiguration/SystemConfiguration.h&gt; not found. Please note: Cppcheck does not need standard library headers to get proper results.","","","C:\Users\lawrence\Desktop\School\GATech\Spring 2026\PUBP 6727 Cyber Sec Practicum\SourceCodeRepos\GitHub\SCAMR_Helper_SampleSourceCode\Modules\_scproxy.c","13","2","",
"2","2.19.0","variableScope","style","The scope of the variable &#039;r&#039; can be reduced.","The scope of the variable &#039;r&#039; can be reduced. Warning: Be careful when fixing this message, especially when there are inner loops. Here is an example where cppcheck will write that the scope for &#039;i&#039; can be reduced:
void f(int x)
{
    int i = 0;
    if (x) {
        // it&#039;s safe to move &#039;int i = 0;&#039; here
        for (int n = 0; n &lt; 10; ++n) {
            // it is possible but not safe to move &#039;int i = 0;&#039; here
            do_something(&amp;i);
        }
    }
}
When you see this message it is always safe to reduce the variable scope 1 level.","398","","C:\Users\lawrence\Desktop\School\GATech\Spring 2026\PUBP 6727 Cyber Sec Practicum\SourceCodeRepos\GitHub\SCAMR_Helper_SampleSourceCode\Modules\_scproxy.c","148","17","",
"2","2.19.0","variableScope","style","The scope of the variable &#039;v&#039; can be reduced.","The scope of the variable &#039;v&#039; can be reduced. Warning: Be careful when fixing this message, especially when there are inner loops. Here is an example where cppcheck will write that the scope for &#039;i&#039; can be reduced:
void f(int x)
{
    int i = 0;
    if (x) {
        // it&#039;s safe to move &#039;int i = 0;&#039; here
        for (int n = 0; n &lt; 10; ++n) {
            // it is possible but not safe to move &#039;int i = 0;&#039; here
            do_something(&amp;i);
        }
    }
}
When you see this message it is always safe to reduce the variable scope 1 level.","398","","C:\Users\lawrence\Desktop\School\GATech\Spring 2026\PUBP 6727 Cyber Sec Practicum\SourceCodeRepos\GitHub\SCAMR_Helper_SampleSourceCode\Modules\_scproxy.c","150","23","",
"2","2.19.0","unreadVariable","style","Variable &#039;proxyDict&#039; is assigned a value that is never used.","Variable &#039;proxyDict&#039; is assigned a value that is never used.","563","","C:\Users\lawrence\Desktop\School\GATech\Spring 2026\PUBP 6727 Cyber Sec Practicum\SourceCodeRepos\GitHub\SCAMR_Helper_SampleSourceCode\Modules\_scproxy.c","63","21","",
"2","2.19.0","unreadVariable","style","Variable &#039;proxyDict&#039; is assigned a value that is never used.","Variable &#039;proxyDict&#039; is assigned a value that is never used.","563","","C:\Users\lawrence\Desktop\School\GATech\Spring 2026\PUBP 6727 Cyber Sec Practicum\SourceCodeRepos\GitHub\SCAMR_Helper_SampleSourceCode\Modules\_scproxy.c","177","21","",
"2","2.19.0","missingInclude","information","Include file: &quot;Python.h&quot; not found.","Include file: &quot;Python.h&quot; not found.","","","C:\Users\lawrence\Desktop\School\GATech\Spring 2026\PUBP 6727 Cyber Sec Practicum\SourceCodeRepos\GitHub\SCAMR_Helper_SampleSourceCode\Modules\_ssl.c","28","2","",
"2","2.19.0","missingInclude","information","Include file: &quot;pycore_fileutils.h&quot; not found.","Include file: &quot;pycore_fileutils.h&quot; not found.","","","C:\Users\lawrence\Desktop\School\GATech\Spring 2026\PUBP 6727 Cyber Sec Practicum\SourceCodeRepos\GitHub\SCAMR_Helper_SampleSourceCode\Modules\_ssl.c","29","2","",
"2","2.19.0","missingInclude","information","Include file: &quot;pycore_long.h&quot; not found.","Include file: &quot;pycore_long.h&quot; not found.","","","C:\Users\lawrence\Desktop\School\GATech\Spring 2026\PUBP 6727 Cyber Sec Practicum\SourceCodeRepos\GitHub\SCAMR_Helper_SampleSourceCode\Modules\_ssl.c","30","2","",
"2","2.19.0","missingInclude","information","Include file: &quot;pycore_pyerrors.h&quot; not found.","Include file: &quot;pycore_pyerrors.h&quot; not found.","","","C:\Users\lawrence\Desktop\School\GATech\Spring 2026\PUBP 6727 Cyber Sec Practicum\SourceCodeRepos\GitHub\SCAMR_Helper_SampleSourceCode\Modules\_ssl.c","31","2","",
"2","2.19.0","missingInclude","information","Include file: &quot;pycore_time.h&quot; not found.","Include file: &quot;pycore_time.h&quot; not found.","","","C:\Users\lawrence\Desktop\School\GATech\Spring 2026\PUBP 6727 Cyber Sec Practicum\SourceCodeRepos\GitHub\SCAMR_Helper_SampleSourceCode\Modules\_ssl.c","32","2","",
"2","2.19.0","missingInclude","information","Include file: &quot;openssl/rsa.h&quot; not found.","Include file: &quot;openssl/rsa.h&quot; not found.","","","C:\Users\lawrence\Desktop\School\GATech\Spring 2026\PUBP 6727 Cyber Sec Practicum\SourceCodeRepos\GitHub\SCAMR_Helper_SampleSourceCode\Modules\_ssl.c","65","2","",
"2","2.19.0","missingInclude","information","Include file: &quot;openssl/crypto.h&quot; not found.","Include file: &quot;openssl/crypto.h&quot; not found.","","","C:\Users\lawrence\Desktop\School\GATech\Spring 2026\PUBP 6727 Cyber Sec Practicum\SourceCodeRepos\GitHub\SCAMR_Helper_SampleSourceCode\Modules\_ssl.c","66","2","",
"2","2.19.0","missingInclude","information","Include file: &quot;openssl/x509.h&quot; not found.","Include file: &quot;openssl/x509.h&quot; not found.","","","C:\Users\lawrence\Desktop\School\GATech\Spring 2026\PUBP 6727 Cyber Sec Practicum\SourceCodeRepos\GitHub\SCAMR_Helper_SampleSourceCode\Modules\_ssl.c","67","2","",
"2","2.19.0","missingInclude","information","Include file: &quot;openssl/x509v3.h&quot; not found.","Include file: &quot;openssl/x509v3.h&quot; not found.","","","C:\Users\lawrence\Desktop\School\GATech\Spring 2026\PUBP 6727 Cyber Sec Practicum\SourceCodeRepos\GitHub\SCAMR_Helper_SampleSourceCode\Modules\_ssl.c","68","2","",
"2","2.19.0","missingInclude","information","Include file: &quot;openssl/pem.h&quot; not found.","Include file: &quot;openssl/pem.h&quot; not found.","","","C:\Users\lawrence\Desktop\School\GATech\Spring 2026\PUBP 6727 Cyber Sec Practicum\SourceCodeRepos\GitHub\SCAMR_Helper_SampleSourceCode\Modules\_ssl.c","69","2","",
"2","2.19.0","missingInclude","information","Include file: &quot;openssl/ssl.h&quot; not found.","Include file: &quot;openssl/ssl.h&quot; not found.","","","C:\Users\lawrence\Desktop\School\GATech\Spring 2026\PUBP 6727 Cyber Sec Practicum\SourceCodeRepos\GitHub\SCAMR_Helper_SampleSourceCode\Modules\_ssl.c","70","2","",
"2","2.19.0","missingInclude","information","Include file: &quot;openssl/err.h&quot; not found.","Include file: &quot;openssl/err.h&quot; not found.","","","C:\Users\lawrence\Desktop\School\GATech\Spring 2026\PUBP 6727 Cyber Sec Practicum\SourceCodeRepos\GitHub\SCAMR_Helper_SampleSourceCode\Modules\_ssl.c","71","2","",
"2","2.19.0","missingInclude","information","Include file: &quot;openssl/rand.h&quot; not found.","Include file: &quot;openssl/rand.h&quot; not found.","","","C:\Users\lawrence\Desktop\School\GATech\Spring 2026\PUBP 6727 Cyber Sec Practicum\SourceCodeRepos\GitHub\SCAMR_Helper_SampleSourceCode\Modules\_ssl.c","72","2","",
"2","2.19.0","missingInclude","information","Include file: &quot;openssl/bio.h&quot; not found.","Include file: &quot;openssl/bio.h&quot; not found.","","","C:\Users\lawrence\Desktop\School\GATech\Spring 2026\PUBP 6727 Cyber Sec Practicum\SourceCodeRepos\GitHub\SCAMR_Helper_SampleSourceCode\Modules\_ssl.c","73","2","",
"2","2.19.0","missingInclude","information","Include file: &quot;openssl/dh.h&quot; not found.","Include file: &quot;openssl/dh.h&quot; not found.","","","C:\Users\lawrence\Desktop\School\GATech\Spring 2026\PUBP 6727 Cyber Sec Practicum\SourceCodeRepos\GitHub\SCAMR_Helper_SampleSourceCode\Modules\_ssl.c","74","2","",
"2","2.19.0","missingIncludeSystem","information","Include file: &lt;wincrypt.h&gt; not found. Please note: Cppcheck does not need standard library headers to get proper results.","Include file: &lt;wincrypt.h&gt; not found. Please note: Cppcheck does not need standard library headers to get proper results.","","","C:\Users\lawrence\Desktop\School\GATech\Spring 2026\PUBP 6727 Cyber Sec Practicum\SourceCodeRepos\GitHub\SCAMR_Helper_SampleSourceCode\Modules\_ssl.c","38","4","",
"2","2.19.0","missingIncludeSystem","information","Include file: &lt;poll.h&gt; not found. Please note: Cppcheck does not need standard library headers to get proper results.","Include file: &lt;poll.h&gt; not found. Please note: Cppcheck does not need standard library headers to get proper results.","","","C:\Users\lawrence\Desktop\School\GATech\Spring 2026\PUBP 6727 Cyber Sec Practicum\SourceCodeRepos\GitHub\SCAMR_Helper_SampleSourceCode\Modules\_ssl.c","59","2","",
"2","2.19.0","missingIncludeSystem","information","Include file: &lt;sys/poll.h&gt; not found. Please note: Cppcheck does not need standard library headers to get proper results.","Include file: &lt;sys/poll.h&gt; not found. Please note: Cppcheck does not need standard library headers to get proper results.","","","C:\Users\lawrence\Desktop\School\GATech\Spring 2026\PUBP 6727 Cyber Sec Practicum\SourceCodeRepos\GitHub\SCAMR_Helper_SampleSourceCode\Modules\_ssl.c","61","2","",
"2","2.19.0","preprocessorErrorDirective","error","#error &quot;OPENSSL_THREADS is not defined, Python requires thread-safe OpenSSL&quot;","#error &quot;OPENSSL_THREADS is not defined, Python requires thread-safe OpenSSL&quot;","","","C:\Users\lawrence\Desktop\School\GATech\Spring 2026\PUBP 6727 Cyber Sec Practicum\SourceCodeRepos\GitHub\SCAMR_Helper_SampleSourceCode\Modules\_ssl.c","77","4","",
"2","2.19.0","noValidConfiguration","information","This file is not analyzed. Cppcheck failed to extract a valid configuration. Use -v for more details.","This file is not analyzed. Cppcheck failed to extract a valid configuration. The tested configurations have these preprocessor errors:
&#039;&#039; : [C:/Users/lawrence/Desktop/School/GATech/Spring 2026/PUBP 6727 Cyber Sec Practicum/SourceCodeRepos/GitHub/SCAMR_Helper_SampleSourceCode/Modules/_ssl.c:77] #error &quot;OPENSSL_THREADS is not defined, Python requires thread-safe OpenSSL&quot;
AF_BTH : [C:/Users/lawrence/Desktop/School/GATech/Spring 2026/PUBP 6727 Cyber Sec Practicum/SourceCodeRepos/GitHub/SCAMR_Helper_SampleSourceCode/Modules/_ssl.c:77] #error &quot;OPENSSL_THREADS is not defined, Python requires thread-safe OpenSSL&quot;
AF_BTH;__clang__ : [C:/Users/lawrence/Desktop/School/GATech/Spring 2026/PUBP 6727 Cyber Sec Practicum/SourceCodeRepos/GitHub/SCAMR_Helper_SampleSourceCode/Modules/_ssl.c:77] #error &quot;OPENSSL_THREADS is not defined, Python requires thread-safe OpenSSL&quot;
AF_NETLINK : [C:/Users/lawrence/Desktop/School/GATech/Spring 2026/PUBP 6727 Cyber Sec Practicum/SourceCodeRepos/GitHub/SCAMR_Helper_SampleSourceCode/Modules/_ssl.c:77] #error &quot;OPENSSL_THREADS is not defined, Python requires thread-safe OpenSSL&quot;
AF_QIPCRTR : [C:/Users/lawrence/Desktop/School/GATech/Spring 2026/PUBP 6727 Cyber Sec Practicum/SourceCodeRepos/GitHub/SCAMR_Helper_SampleSourceCode/Modules/_ssl.c:77] #error &quot;OPENSSL_THREADS is not defined, Python requires thread-safe OpenSSL&quot;
AF_UNIX : [C:/Users/lawrence/Desktop/School/GATech/Spring 2026/PUBP 6727 Cyber Sec Practicum/SourceCodeRepos/GitHub/SCAMR_Helper_SampleSourceCode/Modules/_ssl.c:77] #error &quot;OPENSSL_THREADS is not defined, Python requires thread-safe OpenSSL&quot;
AF_VSOCK : [C:/Users/lawrence/Desktop/School/GATech/Spring 2026/PUBP 6727 Cyber Sec Practicum/SourceCodeRepos/GitHub/SCAMR_Helper_SampleSourceCode/Modules/_ssl.c:77] #error &quot;OPENSSL_THREADS is not defined, Python requires thread-safe OpenSSL&quot;
ASN1_R_ADDING_OBJECT : [C:/Users/lawrence/Desktop/School/GATech/Spring 2026/PUBP 6727 Cyber Sec Practicum/SourceCodeRepos/GitHub/SCAMR_Helper_SampleSourceCode/Modules/_ssl.c:77] #error &quot;OPENSSL_THREADS is not defined, Python requires thread-safe OpenSSL&quot;
ASN1_R_ASN1_PARSE_ERROR : [C:/Users/lawrence/Desktop/School/GATech/Spring 2026/PUBP 6727 Cyber Sec Practicum/SourceCodeRepos/GitHub/SCAMR_Helper_SampleSourceCode/Modules/_ssl.c:77] #error &quot;OPENSSL_THREADS is not defined, Python requires thread-safe OpenSSL&quot;
ASN1_R_ASN1_SIG_PARSE_ERROR : [C:/Users/lawrence/Desktop/School/GATech/Spring 2026/PUBP 6727 Cyber Sec Practicum/SourceCodeRepos/GitHub/SCAMR_Helper_SampleSourceCode/Modules/_ssl.c:77] #error &quot;OPENSSL_THREADS is not defined, Python requires thread-safe OpenSSL&quot;
ASN1_R_AUX_ERROR : [C:/Users/lawrence/Desktop/School/GATech/Spring 2026/PUBP 6727 Cyber Sec Practicum/SourceCodeRepos/GitHub/SCAMR_Helper_SampleSourceCode/Modules/_ssl.c:77] #error &quot;OPENSSL_THREADS is not defined, Python requires thread-safe OpenSSL&quot;
ASN1_R_BAD_OBJECT_HEADER : [C:/Users/lawrence/Desktop/School/GATech/Spring 2026/PUBP 6727 Cyber Sec Practicum/SourceCodeRepos/GitHub/SCAMR_Helper_SampleSourceCode/Modules/_ssl.c:77] #error &quot;OPENSSL_THREADS is not defined, Python requires thread-safe OpenSSL&quot;
ASN1_R_BAD_TEMPLATE : [C:/Users/lawrence/Desktop/School/GATech/Spring 2026/PUBP 6727 Cyber Sec Practicum/SourceCodeRepos/GitHub/SCAMR_Helper_SampleSourceCode/Modules/_ssl.c:77] #error &quot;OPENSSL_THREADS is not defined, Python requires thread-safe OpenSSL&quot;
ASN1_R_BMPSTRING_IS_WRONG_LENGTH : [C:/Users/lawrence/Desktop/School/GATech/Spring 2026/PUBP 6727 Cyber Sec Practicum/SourceCodeRepos/GitHub/SCAMR_Helper_SampleSourceCode/Modules/_ssl.c:77] #error &quot;OPENSSL_THREADS is not defined, Python requires thread-safe OpenSSL&quot;
ASN1_R_BN_LIB : [C:/Users/lawrence/Desktop/School/GATech/Spring 2026/PUBP 6727 Cyber Sec Practicum/SourceCodeRepos/GitHub/SCAMR_Helper_SampleSourceCode/Modules/_ssl.c:77] #error &quot;OPENSSL_THREADS is not defined, Python requires thread-safe OpenSSL&quot;
ASN1_R_BOOLEAN_IS_WRONG_LENGTH : [C:/Users/lawrence/Desktop/School/GATech/Spring 2026/PUBP 6727 Cyber Sec Practicum/SourceCodeRepos/GitHub/SCAMR_Helper_SampleSourceCode/Modules/_ssl.c:77] #error &quot;OPENSSL_THREADS is not defined, Python requires thread-safe OpenSSL&quot;
ASN1_R_BUFFER_TOO_SMALL : [C:/Users/lawrence/Desktop/School/GATech/Spring 2026/PUBP 6727 Cyber Sec Practicum/SourceCodeRepos/GitHub/SCAMR_Helper_SampleSourceCode/Modules/_ssl.c:77] #error &quot;OPENSSL_THREADS is not defined, Python requires thread-safe OpenSSL&quot;
ASN1_R_CIPHER_HAS_NO_OBJECT_IDENTIFIER : [C:/Users/lawrence/Desktop/School/GATech/Spring 2026/PUBP 6727 Cyber Sec Practicum/SourceCodeRepos/GitHub/SCAMR_Helper_SampleSourceCode/Modules/_ssl.c:77] #error &quot;OPENSSL_THREADS is not defined, Python requires thread-safe OpenSSL&quot;
ASN1_R_CONTEXT_NOT_INITIALISED : [C:/Users/lawrence/Desktop/School/GATech/Spring 2026/PUBP 6727 Cyber Sec Practicum/SourceCodeRepos/GitHub/SCAMR_Helper_SampleSourceCode/Modules/_ssl.c:77] #error &quot;OPENSSL_THREADS is not defined, Python requires thread-safe OpenSSL&quot;
ASN1_R_DATA_IS_WRONG : [C:/Users/lawrence/Desktop/School/GATech/Spring 2026/PUBP 6727 Cyber Sec Practicum/SourceCodeRepos/GitHub/SCAMR_Helper_SampleSourceCode/Modules/_ssl.c:77] #error &quot;OPENSSL_THREADS is not defined, Python requires thread-safe OpenSSL&quot;
ASN1_R_DECODE_ERROR : [C:/Users/lawrence/Desktop/School/GATech/Spring 2026/PUBP 6727 Cyber Sec Practicum/SourceCodeRepos/GitHub/SCAMR_Helper_SampleSourceCode/Modules/_ssl.c:77] #error &quot;OPENSSL_THREADS is not defined, Python requires thread-safe OpenSSL&quot;
ASN1_R_DEPTH_EXCEEDED : [C:/Users/lawrence/Desktop/School/GATech/Spring 2026/PUBP 6727 Cyber Sec Practicum/SourceCodeRepos/GitHub/SCAMR_Helper_SampleSourceCode/Modules/_ssl.c:77] #error &quot;OPENSSL_THREADS is not defined, Python requires thread-safe OpenSSL&quot;
ASN1_R_DIGEST_AND_KEY_TYPE_NOT_SUPPORTED : [C:/Users/lawrence/Desktop/School/GATech/Spring 2026/PUBP 6727 Cyber Sec Practicum/SourceCodeRepos/GitHub/SCAMR_Helper_SampleSourceCode/Modules/_ssl.c:77] #error &quot;OPENSSL_THREADS is not defined, Python requires thread-safe OpenSSL&quot;
ASN1_R_ENCODE_ERROR : [C:/Users/lawrence/Desktop/School/GATech/Spring 2026/PUBP 6727 Cyber Sec Practicum/SourceCodeRepos/GitHub/SCAMR_Helper_SampleSourceCode/Modules/_ssl.c:77] #error &quot;OPENSSL_THREADS is not defined, Python requires thread-safe OpenSSL&quot;
ASN1_R_ERROR_GETTING_TIME : [C:/Users/lawrence/Desktop/School/GATech/Spring 2026/PUBP 6727 Cyber Sec Practicum/SourceCodeRepos/GitHub/SCAMR_Helper_SampleSourceCode/Modules/_ssl.c:77] #error &quot;OPENSSL_THREADS is not defined, Python requires thread-safe OpenSSL&quot;
ASN1_R_ERROR_LOADING_SECTION : [C:/Users/lawrence/Desktop/School/GATech/Spring 2026/PUBP 6727 Cyber Sec Practicum/SourceCodeRepos/GitHub/SCAMR_Helper_SampleSourceCode/Modules/_ssl.c:77] #error &quot;OPENSSL_THREADS is not defined, Python requires thread-safe OpenSSL&quot;
ASN1_R_ERROR_SETTING_CIPHER_PARAMS : [C:/Users/lawrence/Desktop/School/GATech/Spring 2026/PUBP 6727 Cyber Sec Practicum/SourceCodeRepos/GitHub/SCAMR_Helper_SampleSourceCode/Modules/_ssl.c:77] #error &quot;OPENSSL_THREADS is not defined, Python requires thread-safe OpenSSL&quot;
ASN1_R_EXPECTING_AN_INTEGER : [C:/Users/lawrence/Desktop/School/GATech/Spring 2026/PUBP 6727 Cyber Sec Practicum/SourceCodeRepos/GitHub/SCAMR_Helper_SampleSourceCode/Modules/_ssl.c:77] #error &quot;OPENSSL_THREADS is not defined, Python requires thread-safe OpenSSL&quot;
ASN1_R_EXPECTING_AN_OBJECT : [C:/Users/lawrence/Desktop/School/GATech/Spring 2026/PUBP 6727 Cyber Sec Practicum/SourceCodeRepos/GitHub/SCAMR_Helper_SampleSourceCode/Modules/_ssl.c:77] #error &quot;OPENSSL_THREADS is not defined, Python requires thread-safe OpenSSL&quot;
ASN1_R_EXPLICIT_LENGTH_MISMATCH : [C:/Users/lawrence/Desktop/School/GATech/Spring 2026/PUBP 6727 Cyber Sec Practicum/SourceCodeRepos/GitHub/SCAMR_Helper_SampleSourceCode/Modules/_ssl.c:77] #error &quot;OPENSSL_THREADS is not defined, Python requires thread-safe OpenSSL&quot;
ASN1_R_EXPLICIT_TAG_NOT_CONSTRUCTED : [C:/Users/lawrence/Desktop/School/GATech/Spring 2026/PUBP 6727 Cyber Sec Practicum/SourceCodeRepos/GitHub/SCAMR_Helper_SampleSourceCode/Modules/_ssl.c:77] #error &quot;OPENSSL_THREADS is not defined, Python requires thread-safe OpenSSL&quot;
ASN1_R_FIELD_MISSING : [C:/Users/lawrence/Desktop/School/GATech/Spring 2026/PUBP 6727 Cyber Sec Practicum/SourceCodeRepos/GitHub/SCAMR_Helper_SampleSourceCode/Modules/_ssl.c:77] #error &quot;OPENSSL_THREADS is not defined, Python requires thread-safe OpenSSL&quot;
ASN1_R_FIRST_NUM_TOO_LARGE : [C:/Users/lawrence/Desktop/School/GATech/Spring 2026/PUBP 6727 Cyber Sec Practicum/SourceCodeRepos/GitHub/SCAMR_Helper_SampleSourceCode/Modules/_ssl.c:77] #error &quot;OPENSSL_THREADS is not defined, Python requires thread-safe OpenSSL&quot;
ASN1_R_GENERALIZEDTIME_IS_TOO_SHORT : [C:/Users/lawrence/Desktop/School/GATech/Spring 2026/PUBP 6727 Cyber Sec Practicum/SourceCodeRepos/GitHub/SCAMR_Helper_SampleSourceCode/Modules/_ssl.c:77] #error &quot;OPENSSL_THREADS is not defined, Python requires thread-safe OpenSSL&quot;
ASN1_R_HEADER_TOO_LONG : [C:/Users/lawrence/Desktop/School/GATech/Spring 2026/PUBP 6727 Cyber Sec Practicum/SourceCodeRepos/GitHub/SCAMR_Helper_SampleSourceCode/Modules/_ssl.c:77] #error &quot;OPENSSL_THREADS is not defined, Python requires thread-safe OpenSSL&quot;
ASN1_R_ILLEGAL_BITSTRING_FORMAT : [C:/Users/lawrence/Desktop/School/GATech/Spring 2026/PUBP 6727 Cyber Sec Practicum/SourceCodeRepos/GitHub/SCAMR_Helper_SampleSourceCode/Modules/_ssl.c:77] #error &quot;OPENSSL_THREADS is not defined, Python requires thread-safe OpenSSL&quot;
ASN1_R_ILLEGAL_BOOLEAN : [C:/Users/lawrence/Desktop/School/GATech/Spring 2026/PUBP 6727 Cyber Sec Practicum/SourceCodeRepos/GitHub/SCAMR_Helper_SampleSourceCode/Modules/_ssl.c:77] #error &quot;OPENSSL_THREADS is not defined, Python requires thread-safe OpenSSL&quot;
ASN1_R_ILLEGAL_CHARACTERS : [C:/Users/lawrence/Desktop/School/GATech/Spring 2026/PUBP 6727 Cyber Sec Practicum/SourceCodeRepos/GitHub/SCAMR_Helper_SampleSourceCode/Modules/_ssl.c:77] #error &quot;OPENSSL_THREADS is not defined, Python requires thread-safe OpenSSL&quot;
ASN1_R_ILLEGAL_FORMAT : [C:/Users/lawrence/Desktop/School/GATech/Spring 2026/PUBP 6727 Cyber Sec Practicum/SourceCodeRepos/GitHub/SCAMR_Helper_SampleSourceCode/Modules/_ssl.c:77] #error &quot;OPENSSL_THREADS is not defined, Python requires thread-safe OpenSSL&quot;
ASN1_R_ILLEGAL_HEX : [C:/Users/lawrence/Desktop/School/GATech/Spring 2026/PUBP 6727 Cyber Sec Practicum/SourceCodeRepos/GitHub/SCAMR_Helper_SampleSourceCode/Modules/_ssl.c:77] #error &quot;OPENSSL_THREADS is not defined, Python requires thread-safe OpenSSL&quot;
ASN1_R_ILLEGAL_IMPLICIT_TAG : [C:/Users/lawrence/Desktop/School/GATech/Spring 2026/PUBP 6727 Cyber Sec Practicum/SourceCodeRepos/GitHub/SCAMR_Helper_SampleSourceCode/Modules/_ssl.c:77] #error &quot;OPENSSL_THREADS is not defined, Python requires thread-safe OpenSSL&quot;
ASN1_R_ILLEGAL_INTEGER : [C:/Users/lawrence/Desktop/School/GATech/Spring 2026/PUBP 6727 Cyber Sec Practicum/SourceCodeRepos/GitHub/SCAMR_Helper_SampleSourceCode/Modules/_ssl.c:77] #error &quot;OPENSSL_THREADS is not defined, Python requires thread-safe OpenSSL&quot;
ASN1_R_ILLEGAL_NEGATIVE_VALUE : [C:/Users/lawrence/Desktop/School/GATech/Spring 2026/PUBP 6727 Cyber Sec Practicum/SourceCodeRepos/GitHub/SCAMR_Helper_SampleSourceCode/Modules/_ssl.c:77] #error &quot;OPENSSL_THREADS is not defined, Python requires thread-safe OpenSSL&quot;
ASN1_R_ILLEGAL_NESTED_TAGGING : [C:/Users/lawrence/Desktop/School/GATech/Spring 2026/PUBP 6727 Cyber Sec Practicum/SourceCodeRepos/GitHub/SCAMR_Helper_SampleSourceCode/Modules/_ssl.c:77] #error &quot;OPENSSL_THREADS is not defined, Python requires thread-safe OpenSSL&quot;
ASN1_R_ILLEGAL_NULL : [C:/Users/lawrence/Desktop/School/GATech/Spring 2026/PUBP 6727 Cyber Sec Practicum/SourceCodeRepos/GitHub/SCAMR_Helper_SampleSourceCode/Modules/_ssl.c:77] #error &quot;OPENSSL_THREADS is not defined, Python requires thread-safe OpenSSL&quot;
ASN1_R_ILLEGAL_NULL_VALUE : [C:/Users/lawrence/Desktop/School/GATech/Spring 2026/PUBP 6727 Cyber Sec Practicum/SourceCodeRepos/GitHub/SCAMR_Helper_SampleSourceCode/Modules/_ssl.c:77] #error &quot;OPENSSL_THREADS is not defined, Python requires thread-safe OpenSSL&quot;
ASN1_R_ILLEGAL_OBJECT : [C:/Users/lawrence/Desktop/School/GATech/Spring 2026/PUBP 6727 Cyber Sec Practicum/SourceCodeRepos/GitHub/SCAMR_Helper_SampleSourceCode/Modules/_ssl.c:77] #error &quot;OPENSSL_THREADS is not defined, Python requires thread-safe OpenSSL&quot;
ASN1_R_ILLEGAL_OPTIONAL_ANY : [C:/Users/lawrence/Desktop/School/GATech/Spring 2026/PUBP 6727 Cyber Sec Practicum/SourceCodeRepos/GitHub/SCAMR_Helper_SampleSourceCode/Modules/_ssl.c:77] #error &quot;OPENSSL_THREADS is not defined, Python requires thread-safe OpenSSL&quot;
ASN1_R_ILLEGAL_OPTIONS_ON_ITEM_TEMPLATE : [C:/Users/lawrence/Desktop/School/GATech/Spring 2026/PUBP 6727 Cyber Sec Practicum/SourceCodeRepos/GitHub/SCAMR_Helper_SampleSourceCode/Modules/_ssl.c:77] #error &quot;OPENSSL_THREADS is not defined, Python requires thread-safe OpenSSL&quot;
ASN1_R_ILLEGAL_PADDING : [C:/Users/lawrence/Desktop/School/GATech/Spring 2026/PUBP 6727 Cyber Sec Practicum/SourceCodeRepos/GitHub/SCAMR_Helper_SampleSourceCode/Modules/_ssl.c:77] #error &quot;OPENSSL_THREADS is not defined, Python requires thread-safe OpenSSL&quot;
ASN1_R_ILLEGAL_TAGGED_ANY : [C:/Users/lawrence/Desktop/School/GATech/Spring 2026/PUBP 6727 Cyber Sec Practicum/SourceCodeRepos/GitHub/SCAMR_Helper_SampleSourceCode/Modules/_ssl.c:77] #error &quot;OPENSSL_THREADS is not defined, Python requires thread-safe OpenSSL&quot;
ASN1_R_ILLEGAL_TIME_VALUE : [C:/Users/lawrence/Desktop/School/GATech/Spring 2026/PUBP 6727 Cyber Sec Practicum/SourceCodeRepos/GitHub/SCAMR_Helper_SampleSourceCode/Modules/_ssl.c:77] #error &quot;OPENSSL_THREADS is not defined, Python requires thread-safe OpenSSL&quot;
ASN1_R_ILLEGAL_ZERO_CONTENT : [C:/Users/lawrence/Desktop/School/GATech/Spring 2026/PUBP 6727 Cyber Sec Practicum/SourceCodeRepos/GitHub/SCAMR_Helper_SampleSourceCode/Modules/_ssl.c:77] #error &quot;OPENSSL_THREADS is not defined, Python requires thread-safe OpenSSL&quot;
ASN1_R_INTEGER_NOT_ASCII_FORMAT : [C:/Users/lawrence/Desktop/School/GATech/Spring 2026/PUBP 6727 Cyber Sec Practicum/SourceCodeRepos/GitHub/SCAMR_Helper_SampleSourceCode/Modules/_ssl.c:77] #error &quot;OPENSSL_THREADS is not defined, Python requires thread-safe OpenSSL&quot;
ASN1_R_INTEGER_TOO_LARGE_FOR_LONG : [C:/Users/lawrence/Desktop/School/GATech/Spring 2026/PUBP 6727 Cyber Sec Practicum/SourceCodeRepos/GitHub/SCAMR_Helper_SampleSourceCode/Modules/_ssl.c:77] #error &quot;OPENSSL_THREADS is not defined, Python requires thread-safe OpenSSL&quot;
ASN1_R_INVALID_BIT_STRING_BITS_LEFT : [C:/Users/lawrence/Desktop/School/GATech/Spring 2026/PUBP 6727 Cyber Sec Practicum/SourceCodeRepos/GitHub/SCAMR_Helper_SampleSourceCode/Modules/_ssl.c:77] #error &quot;OPENSSL_THREADS is not defined, Python requires thread-safe OpenSSL&quot;
ASN1_R_INVALID_BMPSTRING_LENGTH : [C:/Users/lawrence/Desktop/School/GATech/Spring 2026/PUBP 6727 Cyber Sec Practicum/SourceCodeRepos/GitHub/SCAMR_Helper_SampleSourceCode/Modules/_ssl.c:77] #error &quot;OPENSSL_THREADS is not defined, Python requires thread-safe OpenSSL&quot;
ASN1_R_INVALID_DIGIT : [C:/Users/lawrence/Desktop/School/GATech/Spring 2026/PUBP 6727 Cyber Sec Practicum/SourceCodeRepos/GitHub/SCAMR_Helper_SampleSourceCode/Modules/_ssl.c:77] #error &quot;OPENSSL_THREADS is not defined, Python requires thread-safe OpenSSL&quot;
ASN1_R_INVALID_MIME_TYPE : [C:/Users/lawrence/Desktop/School/GATech/Spring 2026/PUBP 6727 Cyber Sec Practicum/SourceCodeRepos/GitHub/SCAMR_Helper_SampleSourceCode/Modules/_ssl.c:77] #error &quot;OPENSSL_THREADS is not defined, Python requires thread-safe OpenSSL&quot;
ASN1_R_INVALID_MODIFIER : [C:/Users/lawrence/Desktop/School/GATech/Spring 2026/PUBP 6727 Cyber Sec Practicum/SourceCodeRepos/GitHub/SCAMR_Helper_SampleSourceCode/Modules/_ssl.c:77] #error &quot;OPENSSL_THREADS is not defined, Python requires thread-safe OpenSSL&quot;
ASN1_R_INVALID_NUMBER : [C:/Users/lawrence/Desktop/School/GATech/Spring 2026/PUBP 6727 Cyber Sec Practicum/SourceCodeRepos/GitHub/SCAMR_Helper_SampleSourceCode/Modules/_ssl.c:77] #error &quot;OPENSSL_THREADS is not defined, Python requires thread-safe OpenSSL&quot;
ASN1_R_INVALID_OBJECT_ENCODING : [C:/Users/lawrence/Desktop/School/GATech/Spring 2026/PUBP 6727 Cyber Sec Practicum/SourceCodeRepos/GitHub/SCAMR_Helper_SampleSourceCode/Modules/_ssl.c:77] #error &quot;OPENSSL_THREADS is not defined, Python requires thread-safe OpenSSL&quot;
ASN1_R_INVALID_SCRYPT_PARAMETERS : [C:/Users/lawrence/Desktop/School/GATech/Spring 2026/PUBP 6727 Cyber Sec Practicum/SourceCodeRepos/GitHub/SCAMR_Helper_SampleSourceCode/Modules/_ssl.c:77] #error &quot;OPENSSL_THREADS is not defined, Python requires thread-safe OpenSSL&quot;
ASN1_R_INVALID_SEPARATOR : [C:/Users/lawrence/Desktop/School/GATech/Spring 2026/PUBP 6727 Cyber Sec Practicum/SourceCodeRepos/GitHub/SCAMR_Helper_SampleSourceCode/Modules/_ssl.c:77] #error &quot;OPENSSL_THREADS is not defined, Python requires thread-safe OpenSSL&quot;
ASN1_R_INVALID_STRING_TABLE_VALUE : [C:/Users/lawrence/Desktop/School/GATech/Spring 2026/PUBP 6727 Cyber Sec Practicum/SourceCodeRepos/GitHub/SCAMR_Helper_SampleSourceCode/Modules/_ssl.c:77] #error &quot;OPENSSL_THREADS is not defined, Python requires thread-safe OpenSSL&quot;
ASN1_R_INVALID_UNIVERSALSTRING_LENGTH : [C:/Users/lawrence/Desktop/School/GATech/Spring 2026/PUBP 6727 Cyber Sec Practicum/SourceCodeRepos/GitHub/SCAMR_Helper_SampleSourceCode/Modules/_ssl.c:77] #error &quot;OPENSSL_THREADS is not defined, Python requires thread-safe OpenSSL&quot;
ASN1_R_INVALID_UTF8STRING : [C:/Users/lawrence/Desktop/School/GATech/Spring 2026/PUBP 6727 Cyber Sec Practicum/SourceCodeRepos/GitHub/SCAMR_Helper_SampleSourceCode/Modules/_ssl.c:77] #error &quot;OPENSSL_THREADS is not defined, Python requires thread-safe OpenSSL&quot;
ASN1_R_INVALID_VALUE : [C:/Users/lawrence/Desktop/School/GATech/Spring 2026/PUBP 6727 Cyber Sec Practicum/SourceCodeRepos/GitHub/SCAMR_Helper_SampleSourceCode/Modules/_ssl.c:77] #error &quot;OPENSSL_THREADS is not defined, Python requires thread-safe OpenSSL&quot;
ASN1_R_LENGTH_TOO_LONG : [C:/Users/lawrence/Desktop/School/GATech/Spring 2026/PUBP 6727 Cyber Sec Practicum/SourceCodeRepos/GitHub/SCAMR_Helper_SampleSourceCode/Modules/_ssl.c:77] #error &quot;OPENSSL_THREADS is not defined, Python requires thread-safe OpenSSL&quot;
ASN1_R_LIST_ERROR : [C:/Users/lawrence/Desktop/School/GATech/Spring 2026/PUBP 6727 Cyber Sec Practicum/SourceCodeRepos/GitHub/SCAMR_Helper_SampleSourceCode/Modules/_ssl.c:77] #error &quot;OPENSSL_THREADS is not defined, Python requires thread-safe OpenSSL&quot;
ASN1_R_MIME_NO_CONTENT_TYPE : [C:/Users/lawrence/Desktop/School/GATech/Spring 2026/PUBP 6727 Cyber Sec Practicum/SourceCodeRepos/GitHub/SCAMR_Helper_SampleSourceCode/Modules/_ssl.c:77] #error &quot;OPENSSL_THREADS is not defined, Python requires thread-safe OpenSSL&quot;
ASN1_R_MIME_PARSE_ERROR : [C:/Users/lawrence/Desktop/School/GATech/Spring 2026/PUBP 6727 Cyber Sec Practicum/SourceCodeRepos/GitHub/SCAMR_Helper_SampleSourceCode/Modules/_ssl.c:77] #error &quot;OPENSSL_THREADS is not defined, Python requires thread-safe OpenSSL&quot;
ASN1_R_MIME_SIG_PARSE_ERROR : [C:/Users/lawrence/Desktop/School/GATech/Spring 2026/PUBP 6727 Cyber Sec Practicum/SourceCodeRepos/GitHub/SCAMR_Helper_SampleSourceCode/Modules/_ssl.c:77] #error &quot;OPENSSL_THREADS is not defined, Python requires thread-safe OpenSSL&quot;
ASN1_R_MISSING_EOC : [C:/Users/lawrence/Desktop/School/GATech/Spring 2026/PUBP 6727 Cyber Sec Practicum/SourceCodeRepos/GitHub/SCAMR_Helper_SampleSourceCode/Modules/_ssl.c:77] #error &quot;OPENSSL_THREADS is not defined, Python requires thread-safe OpenSSL&quot;
ASN1_R_MISSING_SECOND_NUMBER : [C:/Users/lawrence/Desktop/School/GATech/Spring 2026/PUBP 6727 Cyber Sec Practicum/SourceCodeRepos/GitHub/SCAMR_Helper_SampleSourceCode/Modules/_ssl.c:77] #error &quot;OPENSSL_THREADS is not defined, Python requires thread-safe OpenSSL&quot;
ASN1_R_MISSING_VALUE : [C:/Users/lawrence/Desktop/School/GATech/Spring 2026/PUBP 6727 Cyber Sec Practicum/SourceCodeRepos/GitHub/SCAMR_Helper_SampleSourceCode/Modules/_ssl.c:77] #error &quot;OPENSSL_THREADS is not defined, Python requires thread-safe OpenSSL&quot;
ASN1_R_MSTRING_NOT_UNIVERSAL : [C:/Users/lawrence/Desktop/School/GATech/Spring 2026/PUBP 6727 Cyber Sec Practicum/SourceCodeRepos/GitHub/SCAMR_Helper_SampleSourceCode/Modules/_ssl.c:77] #error &quot;OPENSSL_THREADS is not defined, Python requires thread-safe OpenSSL&quot;
ASN1_R_MSTRING_WRONG_TAG : [C:/Users/lawrence/Desktop/School/GATech/Spring 2026/PUBP 6727 Cyber Sec Practicum/SourceCodeRepos/GitHub/SCAMR_Helper_SampleSourceCode/Modules/_ssl.c:77] #error &quot;OPENSSL_THREADS is not defined, Python requires thread-safe OpenSSL&quot;
ASN1_R_NESTED_ASN1_STRING : [C:/Users/lawrence/Desktop/School/GATech/Spring 2026/PUBP 6727 Cyber Sec Practicum/SourceCodeRepos/GitHub/SCAMR_Helper_SampleSourceCode/Modules/_ssl.c:77] #error &quot;OPENSSL_THREADS is not defined, Python requires thread-safe OpenSSL&quot;
ASN1_R_NESTED_TOO_DEEP : [C:/Users/lawrence/Desktop/School/GATech/Spring 2026/PUBP 6727 Cyber Sec Practicum/SourceCodeRepos/GitHub/SCAMR_Helper_SampleSourceCode/Modules/_ssl.c:77] #error &quot;OPENSSL_THREADS is not defined, Python requires thread-safe OpenSSL&quot;
ASN1_R_NON_HEX_CHARACTERS : [C:/Users/lawrence/Desktop/School/GATech/Spring 2026/PUBP 6727 Cyber Sec Practicum/SourceCodeRepos/GitHub/SCAMR_Helper_SampleSourceCode/Modules/_ssl.c:77] #error &quot;OPENSSL_THREADS is not defined, Python requires thread-safe OpenSSL&quot;
ASN1_R_NOT_ASCII_FORMAT : [C:/Users/lawrence/Desktop/School/GATech/Spring 2026/PUBP 6727 Cyber Sec Practicum/SourceCodeRepos/GitHub/SCAMR_Helper_SampleSourceCode/Modules/_ssl.c:77] #error &quot;OPENSSL_THREADS is not defined, Python requires thread-safe OpenSSL&quot;
ASN1_R_NOT_ENOUGH_DATA : [C:/Users/lawrence/Desktop/School/GATech/Spring 2026/PUBP 6727 Cyber Sec Practicum/SourceCodeRepos/GitHub/SCAMR_Helper_SampleSourceCode/Modules/_ssl.c:77] #error &quot;OPENSSL_THREADS is not defined, Python requires thread-safe OpenSSL&quot;
ASN1_R_NO_CONTENT_TYPE : [C:/Users/lawrence/Desktop/School/GATech/Spring 2026/PUBP 6727 Cyber Sec Practicum/SourceCodeRepos/GitHub/SCAMR_Helper_SampleSourceCode/Modules/_ssl.c:77] #error &quot;OPENSSL_THREADS is not defined, Python requires thread-safe OpenSSL&quot;
ASN1_R_NO_MATCHING_CHOICE_TYPE : [C:/Users/lawrence/Desktop/School/GATech/Spring 2026/PUBP 6727 Cyber Sec Practicum/SourceCodeRepos/GitHub/SCAMR_Helper_SampleSourceCode/Modules/_ssl.c:77] #error &quot;OPENSSL_THREADS is not defined, Python requires thread-safe OpenSSL&quot;
ASN1_R_NO_MULTIPART_BODY_FAILURE : [C:/Users/lawrence/Desktop/School/GATech/Spring 2026/PUBP 6727 Cyber Sec Practicum/SourceCodeRepos/GitHub/SCAMR_Helper_SampleSourceCode/Modules/_ssl.c:77] #error &quot;OPENSSL_THREADS is not defined, Python requires thread-safe OpenSSL&quot;
ASN1_R_NO_MULTIPART_BOUNDARY : [C:/Users/lawrence/Desktop/School/GATech/Spring 2026/PUBP 6727 Cyber Sec Practicum/SourceCodeRepos/GitHub/SCAMR_Helper_SampleSourceCode/Modules/_ssl.c:77] #error &quot;OPENSSL_THREADS is not defined, Python requires thread-safe OpenSSL&quot;
ASN1_R_NO_SIG_CONTENT_TYPE : [C:/Users/lawrence/Desktop/School/GATech/Spring 2026/PUBP 6727 Cyber Sec Practicum/SourceCodeRepos/GitHub/SCAMR_Helper_SampleSourceCode/Modules/_ssl.c:77] #error &quot;OPENSSL_THREADS is not defined, Python requires thread-safe OpenSSL&quot;
ASN1_R_NULL_IS_WRONG_LENGTH : [C:/Users/lawrence/Desktop/School/GATech/Spring 2026/PUBP 6727 Cyber Sec Practicum/SourceCodeRepos/GitHub/SCAMR_Helper_SampleSourceCode/Modules/_ssl.c:77] #error &quot;OPENSSL_THREADS is not defined, Python requires thread-safe OpenSSL&quot;
ASN1_R_OBJECT_NOT_ASCII_FORMAT : [C:/Users/lawrence/Desktop/School/GATech/Spring 2026/PUBP 6727 Cyber Sec Practicum/SourceCodeRepos/GitHub/SCAMR_Helper_SampleSourceCode/Modules/_ssl.c:77] #error &quot;OPENSSL_THREADS is not defined, Python requires thread-safe OpenSSL&quot;
ASN1_R_ODD_NUMBER_OF_CHARS : [C:/Users/lawrence/Desktop/School/GATech/Spring 2026/PUBP 6727 Cyber Sec Practicum/SourceCodeRepos/GitHub/SCAMR_Helper_SampleSourceCode/Modules/_ssl.c:77] #error &quot;OPENSSL_THREADS is not defined, Python requires thread-safe OpenSSL&quot;
ASN1_R_SECOND_NUMBER_TOO_LARGE : [C:/Users/lawrence/Desktop/School/GATech/Spring 2026/PUBP 6727 Cyber Sec Practicum/SourceCodeRepos/GitHub/SCAMR_Helper_SampleSourceCode/Modules/_ssl.c:77] #error &quot;OPENSSL_THREADS is not defined, Python requires thread-safe OpenSSL&quot;
ASN1_R_SEQUENCE_LENGTH_MISMATCH : [C:/Users/lawrence/Desktop/School/GATech/Spring 2026/PUBP 6727 Cyber Sec Practicum/SourceCodeRepos/GitHub/SCAMR_Helper_SampleSourceCode/Modules/_ssl.c:77] #error &quot;OPENSSL_THREADS is not defined, Python requires thread-safe OpenSSL&quot;
ASN1_R_SEQUENCE_NOT_CONSTRUCTED : [C:/Users/lawrence/Desktop/School/GATech/Spring 2026/PUBP 6727 Cyber Sec Practicum/SourceCodeRepos/GitHub/SCAMR_Helper_SampleSourceCode/Modules/_ssl.c:77] #error &quot;OPENSSL_THREADS is not defined, Python requires thread-safe OpenSSL&quot;
ASN1_R_SEQUENCE_OR_SET_NEEDS_CONFIG : [C:/Users/lawrence/Desktop/School/GATech/Spring 2026/PUBP 6727 Cyber Sec Practicum/SourceCodeRepos/GitHub/SCAMR_Helper_SampleSourceCode/Modules/_ssl.c:77] #error &quot;OPENSSL_THREADS is not defined, Python requires thread-safe OpenSSL&quot;
ASN1_R_SHORT_LINE : [C:/Users/lawrence/Desktop/School/GATech/Spring 2026/PUBP 6727 Cyber Sec Practicum/SourceCodeRepos/GitHub/SCAMR_Helper_SampleSourceCode/Modules/_ssl.c:77] #error &quot;OPENSSL_THREADS is not defined, Python requires thread-safe OpenSSL&quot;
ASN1_R_SIG_INVALID_MIME_TYPE : [C:/Users/lawrence/Desktop/School/GATech/Spring 2026/PUBP 6727 Cyber Sec Practicum/SourceCodeRepos/GitHub/SCAMR_Helper_SampleSourceCode/Modules/_ssl.c:77] #error &quot;OPENSSL_THREADS is not defined, Python requires thread-safe OpenSSL&quot;
ASN1_R_STREAMING_NOT_SUPPORTED : [C:/Users/lawrence/Desktop/School/GATech/Spring 2026/PUBP 6727 Cyber Sec Practicum/SourceCodeRepos/GitHub/SCAMR_Helper_SampleSourceCode/Modules/_ssl.c:77] #error &quot;OPENSSL_THREADS is not defined, Python requires thread-safe OpenSSL&quot;
ASN1_R_STRING_TOO_LONG : [C:/Users/lawrence/Desktop/School/GATech/Spring 2026/PUBP 6727 Cyber Sec Practicum/SourceCodeRepos/GitHub/SCAMR_Helper_SampleSourceCode/Modules/_ssl.c:77] #error &quot;OPENSSL_THREADS is not defined, Python requires thread-safe OpenSSL&quot;
ASN1_R_STRING_TOO_SHORT : [C:/Users/lawrence/Desktop/School/GATech/Spring 2026/PUBP 6727 Cyber Sec Practicum/SourceCodeRepos/GitHub/SCAMR_Helper_SampleSourceCode/Modules/_ssl.c:77] #error &quot;OPENSSL_THREADS is not defined, Python requires thread-safe OpenSSL&quot;
ASN1_R_THE_ASN1_OBJECT_IDENTIFIER_IS_NOT_KNOWN_FOR_THIS_MD : [C:/Users/lawrence/Desktop/School/GATech/Spring 2026/PUBP 6727 Cyber Sec Practicum/SourceCodeRepos/GitHub/SCAMR_Helper_SampleSourceCode/Modules/_ssl.c:77] #error &quot;OPENSSL_THREADS is not defined, Python requires thread-safe OpenSSL&quot;
ASN1_R_TIME_NOT_ASCII_FORMAT : [C:/Users/lawrence/Desktop/School/GATech/Spring 2026/PUBP 6727 Cyber Sec Practicum/SourceCodeRepos/GitHub/SCAMR_Helper_SampleSourceCode/Modules/_ssl.c:77] #error &quot;OPENSSL_THREADS is not defined, Python requires thread-safe OpenSSL&quot;
ASN1_R_TOO_LARGE : [C:/Users/lawrence/Desktop/School/GATech/Spring 2026/PUBP 6727 Cyber Sec Practicum/SourceCodeRepos/GitHub/SCAMR_Helper_SampleSourceCode/Modules/_ssl.c:77] #error &quot;OPENSSL_THREADS is not defined, Python requires thread-safe OpenSSL&quot;
ASN1_R_TOO_LONG : [C:/Users/lawrence/Desktop/School/GATech/Spring 2026/PUBP 6727 Cyber Sec Practicum/SourceCodeRepos/GitHub/SCAMR_Helper_SampleSourceCode/Modules/_ssl.c:77] #error &quot;OPENSSL_THREADS is not defined, Python requires thread-safe OpenSSL&quot;
ASN1_R_TOO_SMALL : [C:/Users/lawrence/Desktop/School/GATech/Spring 2026/PUBP 6727 Cyber Sec Practicum/SourceCodeRepos/GitHub/SCAMR_Helper_SampleSourceCode/Modules/_ssl.c:77] #error &quot;OPENSSL_THREADS is not defined, Python requires thread-safe OpenSSL&quot;
ASN1_R_TYPE_NOT_CONSTRUCTED : [C:/Users/lawrence/Desktop/School/GATech/Spring 2026/PUBP 6727 Cyber Sec Practicum/SourceCodeRepos/GitHub/SCAMR_Helper_SampleSourceCode/Modules/_ssl.c:77] #error &quot;OPENSSL_THREADS is not defined, Python requires thread-safe OpenSSL&quot;
ASN1_R_TYPE_NOT_PRIMITIVE : [C:/Users/lawrence/Desktop/School/GATech/Spring 2026/PUBP 6727 Cyber Sec Practicum/SourceCodeRepos/GitHub/SCAMR_Helper_SampleSourceCode/Modules/_ssl.c:77] #error &quot;OPENSSL_THREADS is not defined, Python requires thread-safe OpenSSL&quot;
ASN1_R_UNEXPECTED_EOC : [C:/Users/lawrence/Desktop/School/GATech/Spring 2026/PUBP 6727 Cyber Sec Practicum/SourceCodeRepos/GitHub/SCAMR_Helper_SampleSourceCode/Modules/_ssl.c:77] #error &quot;OPENSSL_THREADS is not defined, Python requires thread-safe OpenSSL&quot;
ASN1_R_UNIVERSALSTRING_IS_WRONG_LENGTH : [C:/Users/lawrence/Desktop/School/GATech/Spring 2026/PUBP 6727 Cyber Sec Practicum/SourceCodeRepos/GitHub/SCAMR_Helper_SampleSourceCode/Modules/_ssl.c:77] #error &quot;OPENSSL_THREADS is not defined, Python requires thread-safe OpenSSL&quot;
ASN1_R_UNKNOWN_DIGEST : [C:/Users/lawrence/Desktop/School/GATech/Spring 2026/PUBP 6727 Cyber Sec Practicum/SourceCodeRepos/GitHub/SCAMR_Helper_SampleSourceCode/Modules/_ssl.c:77] #error &quot;OPENSSL_THREADS is not defined, Python requires thread-safe OpenSSL&quot;
ASN1_R_UNKNOWN_FORMAT : [C:/Users/lawrence/Desktop/School/GATech/Spring 2026/PUBP 6727 Cyber Sec Practicum/SourceCodeRepos/GitHub/SCAMR_Helper_SampleSourceCode/Modules/_ssl.c:77] #error &quot;OPENSSL_THREADS is not defined, Python requires thread-safe OpenSSL&quot;
ASN1_R_UNKNOWN_MESSAGE_DIGEST_ALGORITHM : [C:/Users/lawrence/Desktop/School/GATech/Spring 2026/PUBP 6727 Cyber Sec Practicum/SourceCodeRepos/GitHub/SCAMR_Helper_SampleSourceCode/Modules/_ssl.c:77] #error &quot;OPENSSL_THREADS is not defined, Python requires thread-safe OpenSSL&quot;
ASN1_R_UNKNOWN_OBJECT_TYPE : [C:/Users/lawrence/Desktop/School/GATech/Spring 2026/PUBP 6727 Cyber Sec Practicum/SourceCodeRepos/GitHub/SCAMR_Helper_SampleSourceCode/Modules/_ssl.c:77] #error &quot;OPENSSL_THREADS is not defined, Python requires thread-safe OpenSSL&quot;
ASN1_R_UNKNOWN_PUBLIC_KEY_TYPE : [C:/Users/lawrence/Desktop/School/GATech/Spring 2026/PUBP 6727 Cyber Sec Practicum/SourceCodeRepos/GitHub/SCAMR_Helper_SampleSourceCode/Modules/_ssl.c:77] #error &quot;OPENSSL_THREADS is not defined, Python requires thread-safe OpenSSL&quot;
ASN1_R_UNKNOWN_SIGNATURE_ALGORITHM : [C:/Users/lawrence/Desktop/School/GATech/Spring 2026/PUBP 6727 Cyber Sec Practicum/SourceCodeRepos/GitHub/SCAMR_Helper_SampleSourceCode/Modules/_ssl.c:77] #error &quot;OPENSSL_THREADS is not defined, Python requires thread-safe OpenSSL&quot;
ASN1_R_UNKNOWN_TAG : [C:/Users/lawrence/Desktop/School/GATech/Spring 2026/PUBP 6727 Cyber Sec Practicum/SourceCodeRepos/GitHub/SCAMR_Helper_SampleSourceCode/Modules/_ssl.c:77] #error &quot;OPENSSL_THREADS is not defined, Python requires thread-safe OpenSSL&quot;
ASN1_R_UNSUPPORTED_ANY_DEFINED_BY_TYPE : [C:/Users/lawrence/Desktop/School/GATech/Spring 2026/PUBP 6727 Cyber Sec Practicum/SourceCodeRepos/GitHub/SCAMR_Helper_SampleSourceCode/Modules/_ssl.c:77] #error &quot;OPENSSL_THREADS is not defined, Python requires thread-safe OpenSSL&quot;
ASN1_R_UNSUPPORTED_CIPHER : [C:/Users/lawrence/Desktop/School/GATech/Spring 2026/PUBP 6727 Cyber Sec Practicum/SourceCodeRepos/GitHub/SCAMR_Helper_SampleSourceCode/Modules/_ssl.c:77] #error &quot;OPENSSL_THREADS is not defined, Python requires thread-safe OpenSSL&quot;
ASN1_R_UNSUPPORTED_PUBLIC_KEY_TYPE : [C:/Users/lawrence/Desktop/School/GATech/Spring 2026/PUBP 6727 Cyber Sec Practicum/SourceCodeRepos/GitHub/SCAMR_Helper_SampleSourceCode/Modules/_ssl.c:77] #error &quot;OPENSSL_THREADS is not defined, Python requires thread-safe OpenSSL&quot;
ASN1_R_UNSUPPORTED_TYPE : [C:/Users/lawrence/Desktop/School/GATech/Spring 2026/PUBP 6727 Cyber Sec Practicum/SourceCodeRepos/GitHub/SCAMR_Helper_SampleSourceCode/Modules/_ssl.c:77] #error &quot;OPENSSL_THREADS is not defined, Python requires thread-safe OpenSSL&quot;
ASN1_R_UTCTIME_IS_TOO_SHORT : [C:/Users/lawrence/Desktop/School/GATech/Spring 2026/PUBP 6727 Cyber Sec Practicum/SourceCodeRepos/GitHub/SCAMR_Helper_SampleSourceCode/Modules/_ssl.c:77] #e","","","","","","",
"ror &qu""","","","C:\Users\lawrence\Desktop\School\GATech\Spring 2026\PUBP 6727 Cyber Sec Practicum\SourceCodeRepos\GitHub\SCAMR_Helper_SampleSourceCode\Modules\_ssl.c","0","","","","","","","",
"2","2.19.0","missingIncludeSystem","information","Include file: &lt;sys/socket.h&gt; not found. Please note: Cppcheck does not need standard library headers to get proper results.","Include file: &lt;sys/socket.h&gt; not found. Please note: Cppcheck does not need standard library headers to get proper results.","","","C:\Users\lawrence\Desktop\School\GATech\Spring 2026\PUBP 6727 Cyber Sec Practicum\SourceCodeRepos\GitHub\SCAMR_Helper_SampleSourceCode\Modules\socketmodule.h","8","5","",
"2","2.19.0","missingIncludeSystem","information","Include file: &lt;netinet/in.h&gt; not found. Please note: Cppcheck does not need standard library headers to get proper results.","Include file: &lt;netinet/in.h&gt; not found. Please note: Cppcheck does not need standard library headers to get proper results.","","","C:\Users\lawrence\Desktop\School\GATech\Spring 2026\PUBP 6727 Cyber Sec Practicum\SourceCodeRepos\GitHub\SCAMR_Helper_SampleSourceCode\Modules\socketmodule.h","10","3","",
"2","2.19.0","missingIncludeSystem","information","Include file: &lt;netinet/tcp.h&gt; not found. Please note: Cppcheck does not need standard library headers to get proper results.","Include file: &lt;netinet/tcp.h&gt; not found. Please note: Cppcheck does not need standard library headers to get proper results.","","","C:\Users\lawrence\Desktop\School\GATech\Spring 2026\PUBP 6727 Cyber Sec Practicum\SourceCodeRepos\GitHub\SCAMR_Helper_SampleSourceCode\Modules\socketmodule.h","11","3","",
"2","2.19.0","missingIncludeSystem","information","Include file: &lt;winsock2.h&gt; not found. Please note: Cppcheck does not need standard library headers to get proper results.","Include file: &lt;winsock2.h&gt; not found. Please note: Cppcheck does not need standard library headers to get proper results.","","","C:\Users\lawrence\Desktop\School\GATech\Spring 2026\PUBP 6727 Cyber Sec Practicum\SourceCodeRepos\GitHub\SCAMR_Helper_SampleSourceCode\Modules\socketmodule.h","14","3","",
"2","2.19.0","missingIncludeSystem","information","Include file: &lt;ws2tcpip.h&gt; not found. Please note: Cppcheck does not need standard library headers to get proper results.","Include file: &lt;ws2tcpip.h&gt; not found. Please note: Cppcheck does not need standard library headers to get proper results.","","","C:\Users\lawrence\Desktop\School\GATech\Spring 2026\PUBP 6727 Cyber Sec Practicum\SourceCodeRepos\GitHub\SCAMR_Helper_SampleSourceCode\Modules\socketmodule.h","70","3","",
"2","2.19.0","missingIncludeSystem","information","Include file: &lt;hvsocket.h&gt; not found. Please note: Cppcheck does not need standard library headers to get proper results.","Include file: &lt;hvsocket.h&gt; not found. Please note: Cppcheck does not need standard library headers to get proper results.","","","C:\Users\lawrence\Desktop\School\GATech\Spring 2026\PUBP 6727 Cyber Sec Practicum\SourceCodeRepos\GitHub\SCAMR_Helper_SampleSourceCode\Modules\socketmodule.h","94","3","",
"2","2.19.0","missingIncludeSystem","information","Include file: &lt;asm/types.h&gt; not found. Please note: Cppcheck does not need standard library headers to get proper results.","Include file: &lt;asm/types.h&gt; not found. Please note: Cppcheck does not need standard library headers to get proper results.","","","C:\Users\lawrence\Desktop\School\GATech\Spring 2026\PUBP 6727 Cyber Sec Practicum\SourceCodeRepos\GitHub\SCAMR_Helper_SampleSourceCode\Modules\socketmodule.h","105","4","",
"2","2.19.0","missingIncludeSystem","information","Include file: &lt;linux/netlink.h&gt; not found. Please note: Cppcheck does not need standard library headers to get proper results.","Include file: &lt;linux/netlink.h&gt; not found. Please note: Cppcheck does not need standard library headers to get proper results.","","","C:\Users\lawrence\Desktop\School\GATech\Spring 2026\PUBP 6727 Cyber Sec Practicum\SourceCodeRepos\GitHub\SCAMR_Helper_SampleSourceCode\Modules\socketmodule.h","107","3","",
"2","2.19.0","missingIncludeSystem","information","Include file: &lt;asm/types.h&gt; not found. Please note: Cppcheck does not need standard library headers to get proper results.","Include file: &lt;asm/types.h&gt; not found. Please note: Cppcheck does not need standard library headers to get proper results.","","","C:\Users\lawrence\Desktop\School\GATech\Spring 2026\PUBP 6727 Cyber Sec Practicum\SourceCodeRepos\GitHub\SCAMR_Helper_SampleSourceCode\Modules\socketmodule.h","116","4","",
"2","2.19.0","missingIncludeSystem","information","Include file: &lt;linux/qrtr.h&gt; not found. Please note: Cppcheck does not need standard library headers to get proper results.","Include file: &lt;linux/qrtr.h&gt; not found. Please note: Cppcheck does not need standard library headers to get proper results.","","","C:\Users\lawrence\Desktop\School\GATech\Spring 2026\PUBP 6727 Cyber Sec Practicum\SourceCodeRepos\GitHub\SCAMR_Helper_SampleSourceCode\Modules\socketmodule.h","118","3","",
"2","2.19.0","missingIncludeSystem","information","Include file: &lt;bluetooth/bluetooth.h&gt; not found. Please note: Cppcheck does not need standard library headers to get proper results.","Include file: &lt;bluetooth/bluetooth.h&gt; not found. Please note: Cppcheck does not need standard library headers to get proper results.","","","C:\Users\lawrence\Desktop\School\GATech\Spring 2026\PUBP 6727 Cyber Sec Practicum\SourceCodeRepos\GitHub\SCAMR_Helper_SampleSourceCode\Modules\socketmodule.h","124","2","",
"2","2.19.0","missingIncludeSystem","information","Include file: &lt;bluetooth/rfcomm.h&gt; not found. Please note: Cppcheck does not need standard library headers to get proper results.","Include file: &lt;bluetooth/rfcomm.h&gt; not found. Please note: Cppcheck does not need standard library headers to get proper results.","","","C:\Users\lawrence\Desktop\School\GATech\Spring 2026\PUBP 6727 Cyber Sec Practicum\SourceCodeRepos\GitHub\SCAMR_Helper_SampleSourceCode\Modules\socketmodule.h","125","2","",
"2","2.19.0","missingIncludeSystem","information","Include file: &lt;bluetooth/l2cap.h&gt; not found. Please note: Cppcheck does not need standard library headers to get proper results.","Include file: &lt;bluetooth/l2cap.h&gt; not found. Please note: Cppcheck does not need standard library headers to get proper results.","","","C:\Users\lawrence\Desktop\School\GATech\Spring 2026\PUBP 6727 Cyber Sec Practicum\SourceCodeRepos\GitHub\SCAMR_Helper_SampleSourceCode\Modules\socketmodule.h","126","2","",
"2","2.19.0","missingIncludeSystem","information","Include file: &lt;bluetooth/sco.h&gt; not found. Please note: Cppcheck does not need standard library headers to get proper results.","Include file: &lt;bluetooth/sco.h&gt; not found. Please note: Cppcheck does not need standard library headers to get proper results.","","","C:\Users\lawrence\Desktop\School\GATech\Spring 2026\PUBP 6727 Cyber Sec Practicum\SourceCodeRepos\GitHub\SCAMR_Helper_SampleSourceCode\Modules\socketmodule.h","127","2","",
"2","2.19.0","missingIncludeSystem","information","Include file: &lt;bluetooth/hci.h&gt; not found. Please note: Cppcheck does not need standard library headers to get proper results.","Include file: &lt;bluetooth/hci.h&gt; not found. Please note: Cppcheck does not need standard library headers to get proper results.","","","C:\Users\lawrence\Desktop\School\GATech\Spring 2026\PUBP 6727 Cyber Sec Practicum\SourceCodeRepos\GitHub\SCAMR_Helper_SampleSourceCode\Modules\socketmodule.h","128","2","",
"2","2.19.0","missingIncludeSystem","information","Include file: &lt;bluetooth.h&gt; not found. Please note: Cppcheck does not need standard library headers to get proper results.","Include file: &lt;bluetooth.h&gt; not found. Please note: Cppcheck does not need standard library headers to get proper results.","","","C:\Users\lawrence\Desktop\School\GATech\Spring 2026\PUBP 6727 Cyber Sec Practicum\SourceCodeRepos\GitHub\SCAMR_Helper_SampleSourceCode\Modules\socketmodule.h","135","2","",
"2","2.19.0","missingIncludeSystem","information","Include file: &lt;linux/can/bcm.h&gt; not found. Please note: Cppcheck does not need standard library headers to get proper results.","Include file: &lt;linux/can/bcm.h&gt; not found. Please note: Cppcheck does not need standard library headers to get proper results.","","","C:\Users\lawrence\Desktop\School\GATech\Spring 2026\PUBP 6727 Cyber Sec Practicum\SourceCodeRepos\GitHub\SCAMR_Helper_SampleSourceCode\Modules\socketmodule.h","165","2","",
"2","2.19.0","missingIncludeSystem","information","Include file: &lt;linux/can.h&gt; not found. Please note: Cppcheck does not need standard library headers to get proper results.","Include file: &lt;linux/can.h&gt; not found. Please note: Cppcheck does not need standard library headers to get proper results.","","","C:\Users\lawrence\Desktop\School\GATech\Spring 2026\PUBP 6727 Cyber Sec Practicum\SourceCodeRepos\GitHub\SCAMR_Helper_SampleSourceCode\Modules\socketmodule.h","152","3","",
"2","2.19.0","missingIncludeSystem","information","Include file: &lt;linux/can/isotp.h&gt; not found. Please note: Cppcheck does not need standard library headers to get proper results.","Include file: &lt;linux/can/isotp.h&gt; not found. Please note: Cppcheck does not need standard library headers to get proper results.","","","C:\Users\lawrence\Desktop\School\GATech\Spring 2026\PUBP 6727 Cyber Sec Practicum\SourceCodeRepos\GitHub\SCAMR_Helper_SampleSourceCode\Modules\socketmodule.h","169","2","",
"2","2.19.0","missingIncludeSystem","information","Include file: &lt;linux/can/j1939.h&gt; not found. Please note: Cppcheck does not need standard library headers to get proper results.","Include file: &lt;linux/can/j1939.h&gt; not found. Please note: Cppcheck does not need standard library headers to get proper results.","","","C:\Users\lawrence\Desktop\School\GATech\Spring 2026\PUBP 6727 Cyber Sec Practicum\SourceCodeRepos\GitHub\SCAMR_Helper_SampleSourceCode\Modules\socketmodule.h","173","2","",
"2","2.19.0","missingIncludeSystem","information","Include file: &lt;linux/can/raw.h&gt; not found. Please note: Cppcheck does not need standard library headers to get proper results.","Include file: &lt;linux/can/raw.h&gt; not found. Please note: Cppcheck does not need standard library headers to get proper results.","","","C:\Users\lawrence\Desktop\School\GATech\Spring 2026\PUBP 6727 Cyber Sec Practicum\SourceCodeRepos\GitHub\SCAMR_Helper_SampleSourceCode\Modules\socketmodule.h","161","2","",
"2","2.19.0","missingIncludeSystem","information","Include file: &lt;linux/netfilter_ipv4.h&gt; not found. Please note: Cppcheck does not need standard library headers to get proper results.","Include file: &lt;linux/netfilter_ipv4.h&gt; not found. Please note: Cppcheck does not need standard library headers to get proper results.","","","C:\Users\lawrence\Desktop\School\GATech\Spring 2026\PUBP 6727 Cyber Sec Practicum\SourceCodeRepos\GitHub\SCAMR_Helper_SampleSourceCode\Modules\socketmodule.h","190","3","",
"2","2.19.0","missingIncludeSystem","information","Include file: &lt;linux/tipc.h&gt; not found. Please note: Cppcheck does not need standard library headers to get proper results.","Include file: &lt;linux/tipc.h&gt; not found. Please note: Cppcheck does not need standard library headers to get proper results.","","","C:\Users\lawrence\Desktop\School\GATech\Spring 2026\PUBP 6727 Cyber Sec Practicum\SourceCodeRepos\GitHub\SCAMR_Helper_SampleSourceCode\Modules\socketmodule.h","148","3","",
"2","2.19.0","missingIncludeSystem","information","Include file: &lt;linux/vm_sockets.h&gt; not found. Please note: Cppcheck does not need standard library headers to get proper results.","Include file: &lt;linux/vm_sockets.h&gt; not found. Please note: Cppcheck does not need standard library headers to get proper results.","","","C:\Users\lawrence\Desktop\School\GATech\Spring 2026\PUBP 6727 Cyber Sec Practicum\SourceCodeRepos\GitHub\SCAMR_Helper_SampleSourceCode\Modules\socketmodule.h","184","3","",
"2","2.19.0","missingIncludeSystem","information","Include file: &lt;netcan/can.h&gt; not found. Please note: Cppcheck does not need standard library headers to get proper results.","Include file: &lt;netcan/can.h&gt; not found. Please note: Cppcheck does not need standard library headers to get proper results.","","","C:\Users\lawrence\Desktop\School\GATech\Spring 2026\PUBP 6727 Cyber Sec Practicum\SourceCodeRepos\GitHub\SCAMR_Helper_SampleSourceCode\Modules\socketmodule.h","154","3","",
"2","2.19.0","missingIncludeSystem","information","Include file: &lt;netlink/netlink.h&gt; not found. Please note: Cppcheck does not need standard library headers to get proper results.","Include file: &lt;netlink/netlink.h&gt; not found. Please note: Cppcheck does not need standard library headers to get proper results.","","","C:\Users\lawrence\Desktop\School\GATech\Spring 2026\PUBP 6727 Cyber Sec Practicum\SourceCodeRepos\GitHub\SCAMR_Helper_SampleSourceCode\Modules\socketmodule.h","109","3","",
"2","2.19.0","missingIncludeSystem","information","Include file: &lt;sys/ioctl.h&gt; not found. Please note: Cppcheck does not need standard library headers to get proper results.","Include file: &lt;sys/ioctl.h&gt; not found. Please note: Cppcheck does not need standard library headers to get proper results.","","","C:\Users\lawrence\Desktop\School\GATech\Spring 2026\PUBP 6727 Cyber Sec Practicum\SourceCodeRepos\GitHub\SCAMR_Helper_SampleSourceCode\Modules\socketmodule.h","143","3","",
"2","2.19.0","missingIncludeSystem","information","Include file: &lt;netpacket/packet.h&gt; not found. Please note: Cppcheck does not need standard library headers to get proper results.","Include file: &lt;netpacket/packet.h&gt; not found. Please note: Cppcheck does not need standard library headers to get proper results.","","","C:\Users\lawrence\Desktop\School\GATech\Spring 2026\PUBP 6727 Cyber Sec Practicum\SourceCodeRepos\GitHub\SCAMR_Helper_SampleSourceCode\Modules\socketmodule.h","144","3","",
"2","2.19.0","missingIncludeSystem","information","Include file: &lt;net/if.h&gt; not found. Please note: Cppcheck does not need standard library headers to get proper results.","Include file: &lt;net/if.h&gt; not found. Please note: Cppcheck does not need standard library headers to get proper results.","","","C:\Users\lawrence\Desktop\School\GATech\Spring 2026\PUBP 6727 Cyber Sec Practicum\SourceCodeRepos\GitHub\SCAMR_Helper_SampleSourceCode\Modules\socketmodule.h","139","3","",
"2","2.19.0","missingIncludeSystem","information","Include file: &lt;linux/if_alg.h&gt; not found. Please note: Cppcheck does not need standard library headers to get proper results.","Include file: &lt;linux/if_alg.h&gt; not found. Please note: Cppcheck does not need standard library headers to get proper results.","","","C:\Users\lawrence\Desktop\School\GATech\Spring 2026\PUBP 6727 Cyber Sec Practicum\SourceCodeRepos\GitHub\SCAMR_Helper_SampleSourceCode\Modules\socketmodule.h","195","3","",
"2","2.19.0","missingIncludeSystem","information","Include file: &lt;sys/kern_control.h&gt; not found. Please note: Cppcheck does not need standard library headers to get proper results.","Include file: &lt;sys/kern_control.h&gt; not found. Please note: Cppcheck does not need standard library headers to get proper results.","","","C:\Users\lawrence\Desktop\School\GATech\Spring 2026\PUBP 6727 Cyber Sec Practicum\SourceCodeRepos\GitHub\SCAMR_Helper_SampleSourceCode\Modules\socketmodule.h","180","2","",
"2","2.19.0","missingIncludeSystem","information","Include file: &lt;sys/sys_domain.h&gt; not found. Please note: Cppcheck does not need standard library headers to get proper results.","Include file: &lt;sys/sys_domain.h&gt; not found. Please note: Cppcheck does not need standard library headers to get proper results.","","","C:\Users\lawrence\Desktop\School\GATech\Spring 2026\PUBP 6727 Cyber Sec Practicum\SourceCodeRepos\GitHub\SCAMR_Helper_SampleSourceCode\Modules\socketmodule.h","177","2","",
"2","2.19.0","missingIncludeSystem","information","Include file: &lt;sys/un.h&gt; not found. Please note: Cppcheck does not need standard library headers to get proper results.","Include file: &lt;sys/un.h&gt; not found. Please note: Cppcheck does not need standard library headers to get proper results.","","","C:\Users\lawrence\Desktop\School\GATech\Spring 2026\PUBP 6727 Cyber Sec Practicum\SourceCodeRepos\GitHub\SCAMR_Helper_SampleSourceCode\Modules\socketmodule.h","98","3","",
"2","2.19.0","missingIncludeSystem","information","Include file: &lt;socket.h&gt; not found. Please note: Cppcheck does not need standard library headers to get proper results.","Include file: &lt;socket.h&gt; not found. Please note: Cppcheck does not need standard library headers to get proper results.","","","C:\Users\lawrence\Desktop\School\GATech\Spring 2026\PUBP 6727 Cyber Sec Practicum\SourceCodeRepos\GitHub\SCAMR_Helper_SampleSourceCode\Modules\socketmodule.h","6","5","",
"2","2.19.0","missingIncludeSystem","information","Include file: &lt;sys/socket.h&gt; not found. Please note: Cppcheck does not need standard library headers to get proper results.","Include file: &lt;sys/socket.h&gt; not found. Please note: Cppcheck does not need standard library headers to get proper results.","","","C:\Users\lawrence\Desktop\School\GATech\Spring 2026\PUBP 6727 Cyber Sec Practicum\SourceCodeRepos\GitHub\SCAMR_Helper_SampleSourceCode\Modules\socketmodule.h","8","5","",
"2","2.19.0","missingIncludeSystem","information","Include file: &lt;netinet/in.h&gt; not found. Please note: Cppcheck does not need standard library headers to get proper results.","Include file: &lt;netinet/in.h&gt; not found. Please note: Cppcheck does not need standard library headers to get proper results.","","","C:\Users\lawrence\Desktop\School\GATech\Spring 2026\PUBP 6727 Cyber Sec Practicum\SourceCodeRepos\GitHub\SCAMR_Helper_SampleSourceCode\Modules\socketmodule.h","10","3","",
"2","2.19.0","missingIncludeSystem","information","Include file: &lt;netinet/tcp.h&gt; not found. Please note: Cppcheck does not need standard library headers to get proper results.","Include file: &lt;netinet/tcp.h&gt; not found. Please note: Cppcheck does not need standard library headers to get proper results.","","","C:\Users\lawrence\Desktop\School\GATech\Spring 2026\PUBP 6727 Cyber Sec Practicum\SourceCodeRepos\GitHub\SCAMR_Helper_SampleSourceCode\Modules\socketmodule.h","11","3","",
"2","2.19.0","missingIncludeSystem","information","Include file: &lt;bluetooth/bluetooth.h&gt; not found. Please note: Cppcheck does not need standard library headers to get proper results.","Include file: &lt;bluetooth/bluetooth.h&gt; not found. Please note: Cppcheck does not need standard library headers to get proper results.","","","C:\Users\lawrence\Desktop\School\GATech\Spring 2026\PUBP 6727 Cyber Sec Practicum\SourceCodeRepos\GitHub\SCAMR_Helper_SampleSourceCode\Modules\socketmodule.h","124","2","",
"2","2.19.0","missingIncludeSystem","information","Include file: &lt;bluetooth/rfcomm.h&gt; not found. Please note: Cppcheck does not need standard library headers to get proper results.","Include file: &lt;bluetooth/rfcomm.h&gt; not found. Please note: Cppcheck does not need standard library headers to get proper results.","","","C:\Users\lawrence\Desktop\School\GATech\Spring 2026\PUBP 6727 Cyber Sec Practicum\SourceCodeRepos\GitHub\SCAMR_Helper_SampleSourceCode\Modules\socketmodule.h","125","2","",
"2","2.19.0","missingIncludeSystem","information","Include file: &lt;bluetooth/l2cap.h&gt; not found. Please note: Cppcheck does not need standard library headers to get proper results.","Include file: &lt;bluetooth/l2cap.h&gt; not found. Please note: Cppcheck does not need standard library headers to get proper results.","","","C:\Users\lawrence\Desktop\School\GATech\Spring 2026\PUBP 6727 Cyber Sec Practicum\SourceCodeRepos\GitHub\SCAMR_Helper_SampleSourceCode\Modules\socketmodule.h","126","2","",
"2","2.19.0","missingIncludeSystem","information","Include file: &lt;bluetooth/sco.h&gt; not found. Please note: Cppcheck does not need standard library headers to get proper results.","Include file: &lt;bluetooth/sco.h&gt; not found. Please note: Cppcheck does not need standard library headers to get proper results.","","","C:\Users\lawrence\Desktop\School\GATech\Spring 2026\PUBP 6727 Cyber Sec Practicum\SourceCodeRepos\GitHub\SCAMR_Helper_SampleSourceCode\Modules\socketmodule.h","127","2","",
"2","2.19.0","missingIncludeSystem","information","Include file: &lt;bluetooth/hci.h&gt; not found. Please note: Cppcheck does not need standard library headers to get proper results.","Include file: &lt;bluetooth/hci.h&gt; not found. Please note: Cppcheck does not need standard library headers to get proper results.","","","C:\Users\lawrence\Desktop\School\GATech\Spring 2026\PUBP 6727 Cyber Sec Practicum\SourceCodeRepos\GitHub\SCAMR_Helper_SampleSourceCode\Modules\socketmodule.h","128","2","",
"2","2.19.0","missingIncludeSystem","information","Include file: &lt;linux/can/bcm.h&gt; not found. Please note: Cppcheck does not need standard library headers to get proper results.","Include file: &lt;linux/can/bcm.h&gt; not found. Please note: Cppcheck does not need standard library headers to get proper results.","","","C:\Users\lawrence\Desktop\School\GATech\Spring 2026\PUBP 6727 Cyber Sec Practicum\SourceCodeRepos\GitHub\SCAMR_Helper_SampleSourceCode\Modules\socketmodule.h","165","2","",
"2","2.19.0","missingIncludeSystem","information","Include file: &lt;linux/can.h&gt; not found. Please note: Cppcheck does not need standard library headers to get proper results.","Include file: &lt;linux/can.h&gt; not found. Please note: Cppcheck does not need standard library headers to get proper results.","","","C:\Users\lawrence\Desktop\School\GATech\Spring 2026\PUBP 6727 Cyber Sec Practicum\SourceCodeRepos\GitHub\SCAMR_Helper_SampleSourceCode\Modules\socketmodule.h","152","3","",
"2","2.19.0","missingIncludeSystem","information","Include file: &lt;linux/can/isotp.h&gt; not found. Please note: Cppcheck does not need standard library headers to get proper results.","Include file: &lt;linux/can/isotp.h&gt; not found. Please note: Cppcheck does not need standard library headers to get proper results.","","","C:\Users\lawrence\Desktop\School\GATech\Spring 2026\PUBP 6727 Cyber Sec Practicum\SourceCodeRepos\GitHub\SCAMR_Helper_SampleSourceCode\Modules\socketmodule.h","169","2","",
"2","2.19.0","missingIncludeSystem","information","Include file: &lt;linux/tipc.h&gt; not found. Please note: Cppcheck does not need standard library headers to get proper results.","Include file: &lt;linux/tipc.h&gt; not found. Please note: Cppcheck does not need standard library headers to get proper results.","","","C:\Users\lawrence\Desktop\School\GATech\Spring 2026\PUBP 6727 Cyber Sec Practicum\SourceCodeRepos\GitHub\SCAMR_Helper_SampleSourceCode\Modules\socketmodule.h","148","3","",
"2","2.19.0","missingIncludeSystem","information","Include file: &lt;sys/ioctl.h&gt; not found. Please note: Cppcheck does not need standard library headers to get proper results.","Include file: &lt;sys/ioctl.h&gt; not found. Please note: Cppcheck does not need standard library headers to get proper results.","","","C:\Users\lawrence\Desktop\School\GATech\Spring 2026\PUBP 6727 Cyber Sec Practicum\SourceCodeRepos\GitHub\SCAMR_Helper_SampleSourceCode\Modules\socketmodule.h","143","3","",
"2","2.19.0","missingIncludeSystem","information","Include file: &lt;netpacket/packet.h&gt; not found. Please note: Cppcheck does not need standard library headers to get proper results.","Include file: &lt;netpacket/packet.h&gt; not found. Please note: Cppcheck does not need standard library headers to get proper results.","","","C:\Users\lawrence\Desktop\School\GATech\Spring 2026\PUBP 6727 Cyber Sec Practicum\SourceCodeRepos\GitHub\SCAMR_Helper_SampleSourceCode\Modules\socketmodule.h","144","3","",
"2","2.19.0","missingIncludeSystem","information","Include file: &lt;linux/if_alg.h&gt; not found. Please note: Cppcheck does not need standard library headers to get proper results.","Include file: &lt;linux/if_alg.h&gt; not found. Please note: Cppcheck does not need standard library headers to get proper results.","","","C:\Users\lawrence\Desktop\School\GATech\Spring 2026\PUBP 6727 Cyber Sec Practicum\SourceCodeRepos\GitHub\SCAMR_Helper_SampleSourceCode\Modules\socketmodule.h","195","3","",
"2","2.19.0","missingIncludeSystem","information","Include file: &lt;winsock2.h&gt; not found. Please note: Cppcheck does not need standard library headers to get proper results.","Include file: &lt;winsock2.h&gt; not found. Please note: Cppcheck does not need standard library headers to get proper results.","","","C:\Users\lawrence\Desktop\School\GATech\Spring 2026\PUBP 6727 Cyber Sec Practicum\SourceCodeRepos\GitHub\SCAMR_Helper_SampleSourceCode\Modules\socketmodule.h","14","3","",
"2","2.19.0","missingIncludeSystem","information","Include file: &lt;ws2tcpip.h&gt; not found. Please note: Cppcheck does not need standard library headers to get proper results.","Include file: &lt;ws2tcpip.h&gt; not found. Please note: Cppcheck does not need standard library headers to get proper results.","","","C:\Users\lawrence\Desktop\School\GATech\Spring 2026\PUBP 6727 Cyber Sec Practicum\SourceCodeRepos\GitHub\SCAMR_Helper_SampleSourceCode\Modules\socketmodule.h","70","3","",
"2","2.19.0","missingIncludeSystem","information","Include file: &lt;hvsocket.h&gt; not found. Please note: Cppcheck does not need standard library headers to get proper results.","Include file: &lt;hvsocket.h&gt; not found. Please note: Cppcheck does not need standard library headers to get proper results.","","","C:\Users\lawrence\Desktop\School\GATech\Spring 2026\PUBP 6727 Cyber Sec Practicum\SourceCodeRepos\GitHub\SCAMR_Helper_SampleSourceCode\Modules\socketmodule.h","94","3","",
"2","2.19.0","missingIncludeSystem","information","Include file: &lt;asm/types.h&gt; not found. Please note: Cppcheck does not need standard library headers to get proper results.","Include file: &lt;asm/types.h&gt; not found. Please note: Cppcheck does not need standard library headers to get proper results.","","","C:\Users\lawrence\Desktop\School\GATech\Spring 2026\PUBP 6727 Cyber Sec Practicum\SourceCodeRepos\GitHub\SCAMR_Helper_SampleSourceCode\Modules\socketmodule.h","105","4","",
"2","2.19.0","missingIncludeSystem","information","Include file: &lt;linux/netlink.h&gt; not found. Please note: Cppcheck does not need standard library headers to get proper results.","Include file: &lt;linux/netlink.h&gt; not found. Please note: Cppcheck does not need standard library headers to get proper results.","","","C:\Users\lawrence\Desktop\School\GATech\Spring 2026\PUBP 6727 Cyber Sec Practicum\SourceCodeRepos\GitHub\SCAMR_Helper_SampleSourceCode\Modules\socketmodule.h","107","3","",
"2","2.19.0","missingIncludeSystem","information","Include file: &lt;asm/types.h&gt; not found. Please note: Cppcheck does not need standard library headers to get proper results.","Include file: &lt;asm/types.h&gt; not found. Please note: Cppcheck does not need standard library headers to get proper results.","","","C:\Users\lawrence\Desktop\School\GATech\Spring 2026\PUBP 6727 Cyber Sec Practicum\SourceCodeRepos\GitHub\SCAMR_Helper_SampleSourceCode\Modules\socketmodule.h","116","4","",
"2","2.19.0","missingIncludeSystem","information","Include file: &lt;linux/qrtr.h&gt; not found. Please note: Cppcheck does not need standard library headers to get proper results.","Include file: &lt;linux/qrtr.h&gt; not found. Please note: Cppcheck does not need standard library headers to get proper results.","","","C:\Users\lawrence\Desktop\School\GATech\Spring 2026\PUBP 6727 Cyber Sec Practicum\SourceCodeRepos\GitHub\SCAMR_Helper_SampleSourceCode\Modules\socketmodule.h","118","3","",
"2","2.19.0","missingIncludeSystem","information","Include file: &lt;bluetooth.h&gt; not found. Please note: Cppcheck does not need standard library headers to get proper results.","Include file: &lt;bluetooth.h&gt; not found. Please note: Cppcheck does not need standard library headers to get proper results.","","","C:\Users\lawrence\Desktop\School\GATech\Spring 2026\PUBP 6727 Cyber Sec Practicum\SourceCodeRepos\GitHub\SCAMR_Helper_SampleSourceCode\Modules\socketmodule.h","135","2","",
"2","2.19.0","missingIncludeSystem","information","Include file: &lt;linux/can/j1939.h&gt; not found. Please note: Cppcheck does not need standard library headers to get proper results.","Include file: &lt;linux/can/j1939.h&gt; not found. Please note: Cppcheck does not need standard library headers to get proper results.","","","C:\Users\lawrence\Desktop\School\GATech\Spring 2026\PUBP 6727 Cyber Sec Practicum\SourceCodeRepos\GitHub\SCAMR_Helper_SampleSourceCode\Modules\socketmodule.h","173","2","",
"2","2.19.0","missingIncludeSystem","information","Include file: &lt;linux/can/raw.h&gt; not found. Please note: Cppcheck does not need standard library headers to get proper results.","Include file: &lt;linux/can/raw.h&gt; not found. Please note: Cppcheck does not need standard library headers to get proper results.","","","C:\Users\lawrence\Desktop\School\GATech\Spring 2026\PUBP 6727 Cyber Sec Practicum\SourceCodeRepos\GitHub\SCAMR_Helper_SampleSourceCode\Modules\socketmodule.h","161","2","",
"2","2.19.0","missingIncludeSystem","information","Include file: &lt;netcan/can.h&gt; not found. Please note: Cppcheck does not need standard library headers to get proper results.","Include file: &lt;netcan/can.h&gt; not found. Please note: Cppcheck does not need standard library headers to get proper results.","","","C:\Users\lawrence\Desktop\School\GATech\Spring 2026\PUBP 6727 Cyber Sec Practicum\SourceCodeRepos\GitHub\SCAMR_Helper_SampleSourceCode\Modules\socketmodule.h","154","3","",
"2","2.19.0","missingIncludeSystem","information","Include file: &lt;linux/netfilter_ipv4.h&gt; not found. Please note: Cppcheck does not need standard library headers to get proper results.","Include file: &lt;linux/netfilter_ipv4.h&gt; not found. Please note: Cppcheck does not need standard library headers to get proper results.","","","C:\Users\lawrence\Desktop\School\GATech\Spring 2026\PUBP 6727 Cyber Sec Practicum\SourceCodeRepos\GitHub\SCAMR_Helper_SampleSourceCode\Modules\socketmodule.h","190","3","",
"2","2.19.0","missingIncludeSystem","information","Include file: &lt;linux/vm_sockets.h&gt; not found. Please note: Cppcheck does not need standard library headers to get proper results.","Include file: &lt;linux/vm_sockets.h&gt; not found. Please note: Cppcheck does not need standard library headers to get proper results.","","","C:\Users\lawrence\Desktop\School\GATech\Spring 2026\PUBP 6727 Cyber Sec Practicum\SourceCodeRepos\GitHub\SCAMR_Helper_SampleSourceCode\Modules\socketmodule.h","184","3","",
"2","2.19.0","missingIncludeSystem","information","Include file: &lt;netlink/netlink.h&gt; not found. Please note: Cppcheck does not need standard library headers to get proper results.","Include file: &lt;netlink/netlink.h&gt; not found. Please note: Cppcheck does not need standard library headers to get proper results.","","","C:\Users\lawrence\Desktop\School\GATech\Spring 2026\PUBP 6727 Cyber Sec Practicum\SourceCodeRepos\GitHub\SCAMR_Helper_SampleSourceCode\Modules\socketmodule.h","109","3","",
"2","2.19.0","missingIncludeSystem","information","Include file: &lt;net/if.h&gt; not found. Please note: Cppcheck does not need standard library headers to get proper results.","Include file: &lt;net/if.h&gt; not found. Please note: Cppcheck does not need standard library headers to get proper results.","","","C:\Users\lawrence\Desktop\School\GATech\Spring 2026\PUBP 6727 Cyber Sec Practicum\SourceCodeRepos\GitHub\SCAMR_Helper_SampleSourceCode\Modules\socketmodule.h","139","3","",
"2","2.19.0","missingIncludeSystem","information","Include file: &lt;sys/kern_control.h&gt; not found. Please note: Cppcheck does not need standard library headers to get proper results.","Include file: &lt;sys/kern_control.h&gt; not found. Please note: Cppcheck does not need standard library headers to get proper results.","","","C:\Users\lawrence\Desktop\School\GATech\Spring 2026\PUBP 6727 Cyber Sec Practicum\SourceCodeRepos\GitHub\SCAMR_Helper_SampleSourceCode\Modules\socketmodule.h","180","2","",
"2","2.19.0","missingIncludeSystem","information","Include file: &lt;sys/sys_domain.h&gt; not found. Please note: Cppcheck does not need standard library headers to get proper results.","Include file: &lt;sys/sys_domain.h&gt; not found. Please note: Cppcheck does not need standard library headers to get proper results.","","","C:\Users\lawrence\Desktop\School\GATech\Spring 2026\PUBP 6727 Cyber Sec Practicum\SourceCodeRepos\GitHub\SCAMR_Helper_SampleSourceCode\Modules\socketmodule.h","177","2","",
"2","2.19.0","missingIncludeSystem","information","Include file: &lt;sys/un.h&gt; not found. Please note: Cppcheck does not need standard library headers to get proper results.","Include file: &lt;sys/un.h&gt; not found. Please note: Cppcheck does not need standard library headers to get proper results.","","","C:\Users\lawrence\Desktop\School\GATech\Spring 2026\PUBP 6727 Cyber Sec Practicum\SourceCodeRepos\GitHub\SCAMR_Helper_SampleSourceCode\Modules\socketmodule.h","98","3","",
"2","2.19.0","missingIncludeSystem","information","Include file: &lt;socket.h&gt; not found. Please note: Cppcheck does not need standard library headers to get proper results.","Include file: &lt;socket.h&gt; not found. Please note: Cppcheck does not need standard library headers to get proper results.","","","C:\Users\lawrence\Desktop\School\GATech\Spring 2026\PUBP 6727 Cyber Sec Practicum\SourceCodeRepos\GitHub\SCAMR_Helper_SampleSourceCode\Modules\socketmodule.h","6","5","",
"2","2.19.0","missingInclude","information","Include file: &quot;openssl/evp.h&quot; not found.","Include file: &quot;openssl/evp.h&quot; not found.","","","C:\Users\lawrence\Desktop\School\GATech\Spring 2026\PUBP 6727 Cyber Sec Practicum\SourceCodeRepos\GitHub\SCAMR_Helper_SampleSourceCode\Modules\_ssl.h","5","2","",
"2","2.19.0","missingInclude","information","Include file: &quot;openssl/x509.h&quot; not found.","Include file: &quot;openssl/x509.h&quot; not found.","","","C:\Users\lawrence\Desktop\School\GATech\Spring 2026\PUBP 6727 Cyber Sec Practicum\SourceCodeRepos\GitHub\SCAMR_Helper_SampleSourceCode\Modules\_ssl.h","6","2","",
"2","2.19.0","missingInclude","information","Include file: &quot;openssl/evp.h&quot; not found.","Include file: &quot;openssl/evp.h&quot; not found.","","","C:\Users\lawrence\Desktop\School\GATech\Spring 2026\PUBP 6727 Cyber Sec Practicum\SourceCodeRepos\GitHub\SCAMR_Helper_SampleSourceCode\Modules\_ssl.h","5","2","",
"2","2.19.0","missingInclude","information","Include file: &quot;openssl/x509.h&quot; not found.","Include file: &quot;openssl/x509.h&quot; not found.","","","C:\Users\lawrence\Desktop\School\GATech\Spring 2026\PUBP 6727 Cyber Sec Practicum\SourceCodeRepos\GitHub\SCAMR_Helper_SampleSourceCode\Modules\_ssl.h","6","2","",
"2","2.19.0","unknownMacro","error","There is an unknown macro here somewhere. Configuration is required. If Py_LOCAL_INLINE is a macro then please configure it.","There is an unknown macro here somewhere. Configuration is required. If Py_LOCAL_INLINE is a macro then please configure it.","","","C:\Users\lawrence\Desktop\School\GATech\Spring 2026\PUBP 6727 Cyber Sec Practicum\SourceCodeRepos\GitHub\SCAMR_Helper_SampleSourceCode\Modules\_ssl.h","42","1","",
"2","2.19.0","missingInclude","information","Include file: &quot;openssl/evp.h&quot; not found.","Include file: &quot;openssl/evp.h&quot; not found.","","","C:\Users\lawrence\Desktop\School\GATech\Spring 2026\PUBP 6727 Cyber Sec Practicum\SourceCodeRepos\GitHub\SCAMR_Helper_SampleSourceCode\Modules\_ssl.h","5","2","",
"2","2.19.0","missingInclude","information","Include file: &quot;openssl/x509.h&quot; not found.","Include file: &quot;openssl/x509.h&quot; not found.","","","C:\Users\lawrence\Desktop\School\GATech\Spring 2026\PUBP 6727 Cyber Sec Practicum\SourceCodeRepos\GitHub\SCAMR_Helper_SampleSourceCode\Modules\_ssl.h","6","2","",
"2","2.19.0","unknownMacro","error","There is an unknown macro here somewhere. Configuration is required. If Py_LOCAL_INLINE is a macro then please configure it.","There is an unknown macro here somewhere. Configuration is required. If Py_LOCAL_INLINE is a macro then please configure it.","","","C:\Users\lawrence\Desktop\School\GATech\Spring 2026\PUBP 6727 Cyber Sec Practicum\SourceCodeRepos\GitHub\SCAMR_Helper_SampleSourceCode\Modules\_ssl.h","42","1","",
"2","2.19.0","missingInclude","information","Include file: &quot;pyconfig.h&quot; not found.","Include file: &quot;pyconfig.h&quot; not found.","","","C:\Users\lawrence\Desktop\School\GATech\Spring 2026\PUBP 6727 Cyber Sec Practicum\SourceCodeRepos\GitHub\SCAMR_Helper_SampleSourceCode\Modules\_stat.c","15","2","",
"2","2.19.0","missingInclude","information","Include file: &quot;Python.h&quot; not found.","Include file: &quot;Python.h&quot; not found.","","","C:\Users\lawrence\Desktop\School\GATech\Spring 2026\PUBP 6727 Cyber Sec Practicum\SourceCodeRepos\GitHub\SCAMR_Helper_SampleSourceCode\Modules\_stat.c","20","2","",
"2","2.19.0","missingIncludeSystem","information","Include file: &lt;sys/stat.h&gt; not found. Please note: Cppcheck does not need standard library headers to get proper results.","Include file: &lt;sys/stat.h&gt; not found. Please note: Cppcheck does not need standard library headers to get proper results.","","","C:\Users\lawrence\Desktop\School\GATech\Spring 2026\PUBP 6727 Cyber Sec Practicum\SourceCodeRepos\GitHub\SCAMR_Helper_SampleSourceCode\Modules\_stat.c","27","2","",
"2","2.19.0","missingIncludeSystem","information","Include file: &lt;sys/types.h&gt; not found. Please note: Cppcheck does not need standard library headers to get proper results.","Include file: &lt;sys/types.h&gt; not found. Please note: Cppcheck does not need standard library headers to get proper results.","","","C:\Users\lawrence\Desktop\School\GATech\Spring 2026\PUBP 6727 Cyber Sec Practicum\SourceCodeRepos\GitHub\SCAMR_Helper_SampleSourceCode\Modules\_stat.c","23","2","",
"2","2.19.0","missingIncludeSystem","information","Include file: &lt;windows.h&gt; not found. Please note: Cppcheck does not need standard library headers to get proper results.","Include file: &lt;windows.h&gt; not found. Please note: Cppcheck does not need standard library headers to get proper results.","","","C:\Users\lawrence\Desktop\School\GATech\Spring 2026\PUBP 6727 Cyber Sec Practicum\SourceCodeRepos\GitHub\SCAMR_Helper_SampleSourceCode\Modules\_stat.c","31","2","",
"2","2.19.0","missingInclude","information","Include file: &quot;pyconfig.h&quot; not found.","Include file: &quot;pyconfig.h&quot; not found.","","","C:\Users\lawrence\Desktop\School\GATech\Spring 2026\PUBP 6727 Cyber Sec Practicum\SourceCodeRepos\GitHub\SCAMR_Helper_SampleSourceCode\Modules\_statisticsmodule.c","4","2","",
"2","2.19.0","missingInclude","information","Include file: &quot;Python.h&quot; not found.","Include file: &quot;Python.h&quot; not found.","","","C:\Users\lawrence\Desktop\School\GATech\Spring 2026\PUBP 6727 Cyber Sec Practicum\SourceCodeRepos\GitHub\SCAMR_Helper_SampleSourceCode\Modules\_statisticsmodule.c","9","2","",
"2","2.19.0","missingInclude","information","Include file: &quot;Python.h&quot; not found.","Include file: &quot;Python.h&quot; not found.","","","C:\Users\lawrence\Desktop\School\GATech\Spring 2026\PUBP 6727 Cyber Sec Practicum\SourceCodeRepos\GitHub\SCAMR_Helper_SampleSourceCode\Modules\_struct.c","10","2","",
"2","2.19.0","missingInclude","information","Include file: &quot;pycore_bytesobject.h&quot; not found.","Include file: &quot;pycore_bytesobject.h&quot; not found.","","","C:\Users\lawrence\Desktop\School\GATech\Spring 2026\PUBP 6727 Cyber Sec Practicum\SourceCodeRepos\GitHub\SCAMR_Helper_SampleSourceCode\Modules\_struct.c","11","2","",
"2","2.19.0","missingInclude","information","Include file: &quot;pycore_lock.h&quot; not found.","Include file: &quot;pycore_lock.h&quot; not found.","","","C:\Users\lawrence\Desktop\School\GATech\Spring 2026\PUBP 6727 Cyber Sec Practicum\SourceCodeRepos\GitHub\SCAMR_Helper_SampleSourceCode\Modules\_struct.c","12","2","",
"2","2.19.0","missingInclude","information","Include file: &quot;pycore_long.h&quot; not found.","Include file: &quot;pycore_long.h&quot; not found.","","","C:\Users\lawrence\Desktop\School\GATech\Spring 2026\PUBP 6727 Cyber Sec Practicum\SourceCodeRepos\GitHub\SCAMR_Helper_SampleSourceCode\Modules\_struct.c","13","2","",
"2","2.19.0","missingInclude","information","Include file: &quot;pycore_moduleobject.h&quot; not found.","Include file: &quot;pycore_moduleobject.h&quot; not found.","","","C:\Users\lawrence\Desktop\School\GATech\Spring 2026\PUBP 6727 Cyber Sec Practicum\SourceCodeRepos\GitHub\SCAMR_Helper_SampleSourceCode\Modules\_struct.c","14","2","",
"2","2.19.0","missingInclude","information","Include file: &quot;pycore_weakref.h&quot; not found.","Include file: &quot;pycore_weakref.h&quot; not found.","","","C:\Users\lawrence\Desktop\School\GATech\Spring 2026\PUBP 6727 Cyber Sec Practicum\SourceCodeRepos\GitHub\SCAMR_Helper_SampleSourceCode\Modules\_struct.c","15","2","",
"2","2.19.0","missingIncludeSystem","information","Include file: &lt;stddef.h&gt; not found. Please note: Cppcheck does not need standard library headers to get proper results.","Include file: &lt;stddef.h&gt; not found. Please note: Cppcheck does not need standard library headers to get proper results.","","","C:\Users\lawrence\Desktop\School\GATech\Spring 2026\PUBP 6727 Cyber Sec Practicum\SourceCodeRepos\GitHub\SCAMR_Helper_SampleSourceCode\Modules\_struct.c","17","2","",
"2","2.19.0","normalCheckLevelMaxBranches","information","Limiting analysis of branches. Use --check-level=exhaustive to analyze all branches.","Limiting analysis of branches. Use --check-level=exhaustive to analyze all branches.","","","C:\Users\lawrence\Desktop\School\GATech\Spring 2026\PUBP 6727 Cyber Sec Practicum\SourceCodeRepos\GitHub\SCAMR_Helper_SampleSourceCode\Modules\_struct.c","0","","",
"2","2.19.0","missingReturn","error","Found an exit path from function with non-void return type that has missing return statement","Found an exit path from function with non-void return type that has missing return statement","758","","C:\Users\lawrence\Desktop\School\GATech\Spring 2026\PUBP 6727 Cyber Sec Practicum\SourceCodeRepos\GitHub\SCAMR_Helper_SampleSourceCode\Modules\_struct.c","2348","5","",
"2","2.19.0","variableScope","style","The scope of the variable &#039;extra&#039; can be reduced.","The scope of the variable &#039;extra&#039; can be reduced. Warning: Be careful when fixing this message, especially when there are inner loops. Here is an example where cppcheck will write that the scope for &#039;i&#039; can be reduced:
void f(int x)
{
    int i = 0;
    if (x) {
        // it&#039;s safe to move &#039;int i = 0;&#039; here
        for (int n = 0; n &lt; 10; ++n) {
            // it is possible but not safe to move &#039;int i = 0;&#039; here
            do_something(&amp;i);
        }
    }
}
When you see this message it is always safe to reduce the variable scope 1 level.","398","","C:\Users\lawrence\Desktop\School\GATech\Spring 2026\PUBP 6727 Cyber Sec Practicum\SourceCodeRepos\GitHub\SCAMR_Helper_SampleSourceCode\Modules\_struct.c","1603","16","",
"2","2.19.0","constParameterCallback","style","Parameter &#039;state&#039; can be declared as pointer to const. However it seems that &#039;nu_char&#039; is a callback function, if &#039;state&#039; is declared with const you might also need to cast function pointer(s).","Parameter &#039;state&#039; can be declared as pointer to const. However it seems that &#039;nu_char&#039; is a callback function, if &#039;state&#039; is declared with const you might also need to cast function pointer(s).","398","","C:\Users\lawrence\Desktop\School\GATech\Spring 2026\PUBP 6727 Cyber Sec Practicum\SourceCodeRepos\GitHub\SCAMR_Helper_SampleSourceCode\Modules\_struct.c","366","29","Parameter &#039;state&#039; can be declared as pointer to const",
"2","2.19.0","constParameterCallback","style","Parameter &#039;state&#039; can be declared as pointer to const. However it seems that &#039;nu_char&#039; is a callback function, if &#039;state&#039; is declared with const you might also need to cast function pointer(s).","Parameter &#039;state&#039; can be declared as pointer to const. However it seems that &#039;nu_char&#039; is a callback function, if &#039;state&#039; is declared with const you might also need to cast function pointer(s).","398","","C:\Users\lawrence\Desktop\School\GATech\Spring 2026\PUBP 6727 Cyber Sec Practicum\SourceCodeRepos\GitHub\SCAMR_Helper_SampleSourceCode\Modules\_struct.c","1488","49","You might need to cast the function pointer here",
"2","2.19.0","constParameterCallback","style","Parameter &#039;state&#039; can be declared as pointer to const. However it seems that &#039;nu_bool&#039; is a callback function, if &#039;state&#039; is declared with const you might also need to cast function pointer(s).","Parameter &#039;state&#039; can be declared as pointer to const. However it seems that &#039;nu_bool&#039; is a callback function, if &#039;state&#039; is declared with const you might also need to cast function pointer(s).","398","","C:\Users\lawrence\Desktop\School\GATech\Spring 2026\PUBP 6727 Cyber Sec Practicum\SourceCodeRepos\GitHub\SCAMR_Helper_SampleSourceCode\Modules\_struct.c","464","29","Parameter &#039;state&#039; can be declared as pointer to const",
"2","2.19.0","constParameterCallback","style","Parameter &#039;state&#039; can be declared as pointer to const. However it seems that &#039;nu_bool&#039; is a callback function, if &#039;state&#039; is declared with const you might also need to cast function pointer(s).","Parameter &#039;state&#039; can be declared as pointer to const. However it seems that &#039;nu_bool&#039; is a callback function, if &#039;state&#039; is declared with const you might also need to cast function pointer(s).","398","","C:\Users\lawrence\Desktop\School\GATech\Spring 2026\PUBP 6727 Cyber Sec Practicum\SourceCodeRepos\GitHub\SCAMR_Helper_SampleSourceCode\Modules\_struct.c","854","58","You might need to cast the function pointer here",
"2","2.19.0","constParameterCallback","style","Parameter &#039;state&#039; can be declared as pointer to const. However it seems that &#039;nu_halffloat&#039; is a callback function, if &#039;state&#039; is declared with const you might also need to cast function pointer(s).","Parameter &#039;state&#039; can be declared as pointer to const. However it seems that &#039;nu_halffloat&#039; is a callback function, if &#039;state&#039; is declared with const you might also need to cast function pointer(s).","398","","C:\Users\lawrence\Desktop\School\GATech\Spring 2026\PUBP 6727 Cyber Sec Practicum\SourceCodeRepos\GitHub\SCAMR_Helper_SampleSourceCode\Modules\_struct.c","472","34","Parameter &#039;state&#039; can be declared as pointer to const",
"2","2.19.0","constParameterCallback","style","Parameter &#039;state&#039; can be declared as pointer to const. However it seems that &#039;nu_halffloat&#039; is a callback function, if &#039;state&#039; is declared with const you might also need to cast function pointer(s).","Parameter &#039;state&#039; can be declared as pointer to const. However it seems that &#039;nu_halffloat&#039; is a callback function, if &#039;state&#039; is declared with const you might also need to cast function pointer(s).","398","","C:\Users\lawrence\Desktop\School\GATech\Spring 2026\PUBP 6727 Cyber Sec Practicum\SourceCodeRepos\GitHub\SCAMR_Helper_SampleSourceCode\Modules\_struct.c","855","53","You might need to cast the function pointer here",
"2","2.19.0","constParameterCallback","style","Parameter &#039;state&#039; can be declared as pointer to const. However it seems that &#039;bu_short&#039; is a callback function, if &#039;state&#039; is declared with const you might also need to cast function pointer(s).","Parameter &#039;state&#039; can be declared as pointer to const. However it seems that &#039;bu_short&#039; is a callback function, if &#039;state&#039; is declared with const you might also need to cast function pointer(s).","398","","C:\Users\lawrence\Desktop\School\GATech\Spring 2026\PUBP 6727 Cyber Sec Practicum\SourceCodeRepos\GitHub\SCAMR_Helper_SampleSourceCode\Modules\_struct.c","867","30","Parameter &#039;state&#039; can be declared as pointer to const",
"2","2.19.0","constParameterCallback","style","Parameter &#039;state&#039; can be declared as pointer to const. However it seems that &#039;bu_short&#039; is a callback function, if &#039;state&#039; is declared with const you might also need to cast function pointer(s).","Parameter &#039;state&#039; can be declared as pointer to const. However it seems that &#039;bu_short&#039; is a callback function, if &#039;state&#039; is declared with const you might also need to cast function pointer(s).","398","","C:\Users\lawrence\Desktop\School\GATech\Spring 2026\PUBP 6727 Cyber Sec Practicum\SourceCodeRepos\GitHub\SCAMR_Helper_SampleSourceCode\Modules\_struct.c","1177","49","You might need to cast the function pointer here",
"2","2.19.0","constParameterCallback","style","Parameter &#039;state&#039; can be declared as pointer to const. However it seems that &#039;bu_int&#039; is a callback function, if &#039;state&#039; is declared with const you might also need to cast function pointer(s).","Parameter &#039;state&#039; can be declared as pointer to const. However it seems that &#039;bu_int&#039; is a callback function, if &#039;state&#039; is declared with const you might also need to cast function pointer(s).","398","","C:\Users\lawrence\Desktop\School\GATech\Spring 2026\PUBP 6727 Cyber Sec Practicum\SourceCodeRepos\GitHub\SCAMR_Helper_SampleSourceCode\Modules\_struct.c","884","28","Parameter &#039;state&#039; can be declared as pointer to const",
"2","2.19.0","constParameterCallback","style","Parameter &#039;state&#039; can be declared as pointer to const. However it seems that &#039;bu_int&#039; is a callback function, if &#039;state&#039; is declared with const you might also need to cast function pointer(s).","Parameter &#039;state&#039; can be declared as pointer to const. However it seems that &#039;bu_int&#039; is a callback function, if &#039;state&#039; is declared with const you might also need to cast function pointer(s).","398","","C:\Users\lawrence\Desktop\School\GATech\Spring 2026\PUBP 6727 Cyber Sec Practicum\SourceCodeRepos\GitHub\SCAMR_Helper_SampleSourceCode\Modules\_struct.c","1181","49","You might need to cast the function pointer here",
"2","2.19.0","constParameterCallback","style","Parameter &#039;state&#039; can be declared as pointer to const. However it seems that &#039;bu_uint&#039; is a callback function, if &#039;state&#039; is declared with const you might also need to cast function pointer(s).","Parameter &#039;state&#039; can be declared as pointer to const. However it seems that &#039;bu_uint&#039; is a callback function, if &#039;state&#039; is declared with const you might also need to cast function pointer(s).","398","","C:\Users\lawrence\Desktop\School\GATech\Spring 2026\PUBP 6727 Cyber Sec Practicum\SourceCodeRepos\GitHub\SCAMR_Helper_SampleSourceCode\Modules\_struct.c","901","29","Parameter &#039;state&#039; can be declared as pointer to const",
"2","2.19.0","constParameterCallback","style","Parameter &#039;state&#039; can be declared as pointer to const. However it seems that &#039;bu_uint&#039; is a callback function, if &#039;state&#039; is declared with const you might also need to cast function pointer(s).","Parameter &#039;state&#039; can be declared as pointer to const. However it seems that &#039;bu_uint&#039; is a callback function, if &#039;state&#039; is declared with const you might also need to cast function pointer(s).","398","","C:\Users\lawrence\Desktop\School\GATech\Spring 2026\PUBP 6727 Cyber Sec Practicum\SourceCodeRepos\GitHub\SCAMR_Helper_SampleSourceCode\Modules\_struct.c","1182","49","You might need to cast the function pointer here",
"2","2.19.0","constParameterCallback","style","Parameter &#039;state&#039; can be declared as pointer to const. However it seems that &#039;bu_longlong&#039; is a callback function, if &#039;state&#039; is declared with const you might also need to cast function pointer(s).","Parameter &#039;state&#039; can be declared as pointer to const. However it seems that &#039;bu_longlong&#039; is a callback function, if &#039;state&#039; is declared with const you might also need to cast function pointer(s).","398","","C:\Users\lawrence\Desktop\School\GATech\Spring 2026\PUBP 6727 Cyber Sec Practicum\SourceCodeRepos\GitHub\SCAMR_Helper_SampleSourceCode\Modules\_struct.c","913","33","Parameter &#039;state&#039; can be declared as pointer to const",
"2","2.19.0","constParameterCallback","style","Parameter &#039;state&#039; can be declared as pointer to const. However it seems that &#039;bu_longlong&#039; is a callback function, if &#039;state&#039; is declared with const you might also need to cast function pointer(s).","Parameter &#039;state&#039; can be declared as pointer to const. However it seems that &#039;bu_longlong&#039; is a callback function, if &#039;state&#039; is declared with const you might also need to cast function pointer(s).","398","","C:\Users\lawrence\Desktop\School\GATech\Spring 2026\PUBP 6727 Cyber Sec Practicum\SourceCodeRepos\GitHub\SCAMR_Helper_SampleSourceCode\Modules\_struct.c","1183","49","You might need to cast the function pointer here",
"2","2.19.0","constParameterCallback","style","Parameter &#039;state&#039; can be declared as pointer to const. However it seems that &#039;bu_ulonglong&#039; is a callback function, if &#039;state&#039; is declared with const you might also need to cast function pointer(s).","Parameter &#039;state&#039; can be declared as pointer to const. However it seems that &#039;bu_ulonglong&#039; is a callback function, if &#039;state&#039; is declared with const you might also need to cast function pointer(s).","398","","C:\Users\lawrence\Desktop\School\GATech\Spring 2026\PUBP 6727 Cyber Sec Practicum\SourceCodeRepos\GitHub\SCAMR_Helper_SampleSourceCode\Modules\_struct.c","931","34","Parameter &#039;state&#039; can be declared as pointer to const",
"2","2.19.0","constParameterCallback","style","Parameter &#039;state&#039; can be declared as pointer to const. However it seems that &#039;bu_ulonglong&#039; is a callback function, if &#039;state&#039; is declared with const you might also need to cast function pointer(s).","Parameter &#039;state&#039; can be declared as pointer to const. However it seems that &#039;bu_ulonglong&#039; is a callback function, if &#039;state&#039; is declared with const you might also need to cast function pointer(s).","398","","C:\Users\lawrence\Desktop\School\GATech\Spring 2026\PUBP 6727 Cyber Sec Practicum\SourceCodeRepos\GitHub\SCAMR_Helper_SampleSourceCode\Modules\_struct.c","1184","49","You might need to cast the function pointer here",
"2","2.19.0","constParameterCallback","style","Parameter &#039;state&#039; can be declared as pointer to const. However it seems that &#039;bu_halffloat&#039; is a callback function, if &#039;state&#039; is declared with const you might also need to cast function pointer(s).","Parameter &#039;state&#039; can be declared as pointer to const. However it seems that &#039;bu_halffloat&#039; is a callback function, if &#039;state&#039; is declared with const you might also need to cast function pointer(s).","398","","C:\Users\lawrence\Desktop\School\GATech\Spring 2026\PUBP 6727 Cyber Sec Practicum\SourceCodeRepos\GitHub\SCAMR_Helper_SampleSourceCode\Modules\_struct.c","943","34","Parameter &#039;state&#039; can be declared as pointer to const",
"2","2.19.0","constParameterCallback","style","Parameter &#039;state&#039; can be declared as pointer to const. However it seems that &#039;bu_halffloat&#039; is a callback function, if &#039;state&#039; is declared with const you might also need to cast function pointer(s).","Parameter &#039;state&#039; can be declared as pointer to const. However it seems that &#039;bu_halffloat&#039; is a callback function, if &#039;state&#039; is declared with const you might also need to cast function pointer(s).","398","","C:\Users\lawrence\Desktop\School\GATech\Spring 2026\PUBP 6727 Cyber Sec Practicum\SourceCodeRepos\GitHub\SCAMR_Helper_SampleSourceCode\Modules\_struct.c","1186","49","You might need to cast the function pointer here",
"2","2.19.0","constParameterCallback","style","Parameter &#039;state&#039; can be declared as pointer to const. However it seems that &#039;bu_float&#039; is a callback function, if &#039;state&#039; is declared with const you might also need to cast function pointer(s).","Parameter &#039;state&#039; can be declared as pointer to const. However it seems that &#039;bu_float&#039; is a callback function, if &#039;state&#039; is declared with const you might also need to cast function pointer(s).","398","","C:\Users\lawrence\Desktop\School\GATech\Spring 2026\PUBP 6727 Cyber Sec Practicum\SourceCodeRepos\GitHub\SCAMR_Helper_SampleSourceCode\Modules\_struct.c","949","30","Parameter &#039;state&#039; can be declared as pointer to const",
"2","2.19.0","constParameterCallback","style","Parameter &#039;state&#039; can be declared as pointer to const. However it seems that &#039;bu_float&#039; is a callback function, if &#039;state&#039; is declared with const you might also need to cast function pointer(s).","Parameter &#039;state&#039; can be declared as pointer to const. However it seems that &#039;bu_float&#039; is a callback function, if &#039;state&#039; is declared with const you might also need to cast function pointer(s).","398","","C:\Users\lawrence\Desktop\School\GATech\Spring 2026\PUBP 6727 Cyber Sec Practicum\SourceCodeRepos\GitHub\SCAMR_Helper_SampleSourceCode\Modules\_struct.c","1187","49","You might need to cast the function pointer here",
"2","2.19.0","constParameterCallback","style","Parameter &#039;state&#039; can be declared as pointer to const. However it seems that &#039;bu_double&#039; is a callback function, if &#039;state&#039; is declared with const you might also need to cast function pointer(s).","Parameter &#039;state&#039; can be declared as pointer to const. However it seems that &#039;bu_double&#039; is a callback function, if &#039;state&#039; is declared with const you might also need to cast function pointer(s).","398","","C:\Users\lawrence\Desktop\School\GATech\Spring 2026\PUBP 6727 Cyber Sec Practicum\SourceCodeRepos\GitHub\SCAMR_Helper_SampleSourceCode\Modules\_struct.c","955","31","Parameter &#039;state&#039; can be declared as pointer to const",
"2","2.19.0","constParameterCallback","style","Parameter &#039;state&#039; can be declared as pointer to const. However it seems that &#039;bu_double&#039; is a callback function, if &#039;state&#039; is declared with const you might also need to cast function pointer(s).","Parameter &#039;state&#039; can be declared as pointer to const. However it seems that &#039;bu_double&#039; is a callback function, if &#039;state&#039; is declared with const you might also need to cast function pointer(s).","398","","C:\Users\lawrence\Desktop\School\GATech\Spring 2026\PUBP 6727 Cyber Sec Practicum\SourceCodeRepos\GitHub\SCAMR_Helper_SampleSourceCode\Modules\_struct.c","1188","49","You might need to cast the function pointer here",
"2","2.19.0","constParameterCallback","style","Parameter &#039;state&#039; can be declared as pointer to const. However it seems that &#039;bu_float_complex&#039; is a callback function, if &#039;state&#039; is declared with const you might also need to cast function pointer(s).","Parameter &#039;state&#039; can be declared as pointer to const. However it seems that &#039;bu_float_complex&#039; is a callback function, if &#039;state&#039; is declared with const you might also need to cast function pointer(s).","398","","C:\Users\lawrence\Desktop\School\GATech\Spring 2026\PUBP 6727 Cyber Sec Practicum\SourceCodeRepos\GitHub\SCAMR_Helper_SampleSourceCode\Modules\_struct.c","961","38","Parameter &#039;state&#039; can be declared as pointer to const",
"2","2.19.0","constParameterCallback","style","Parameter &#039;state&#039; can be declared as pointer to const. However it seems that &#039;bu_float_complex&#039; is a callback function, if &#039;state&#039; is declared with const you might also need to cast function pointer(s).","Parameter &#039;state&#039; can be declared as pointer to const. However it seems that &#039;bu_float_complex&#039; is a callback function, if &#039;state&#039; is declared with const you might also need to cast function pointer(s).","398","","C:\Users\lawrence\Desktop\School\GATech\Spring 2026\PUBP 6727 Cyber Sec Practicum\SourceCodeRepos\GitHub\SCAMR_Helper_SampleSourceCode\Modules\_struct.c","1189","49","You might need to cast the function pointer here",
"2","2.19.0","constParameterCallback","style","Parameter &#039;state&#039; can be declared as pointer to const. However it seems that &#039;bu_double_complex&#039; is a callback function, if &#039;state&#039; is declared with const you might also need to cast function pointer(s).","Parameter &#039;state&#039; can be declared as pointer to const. However it seems that &#039;bu_double_complex&#039; is a callback function, if &#039;state&#039; is declared with const you might also need to cast function pointer(s).","398","","C:\Users\lawrence\Desktop\School\GATech\Spring 2026\PUBP 6727 Cyber Sec Practicum\SourceCodeRepos\GitHub\SCAMR_Helper_SampleSourceCode\Modules\_struct.c","975","39","Parameter &#039;state&#039; can be declared as pointer to const",
"2","2.19.0","constParameterCallback","style","Parameter &#039;state&#039; can be declared as pointer to const. However it seems that &#039;bu_double_complex&#039; is a callback function, if &#039;state&#039; is declared with const you might also need to cast function pointer(s).","Parameter &#039;state&#039; can be declared as pointer to const. However it seems that &#039;bu_double_complex&#039; is a callback function, if &#039;state&#039; is declared with const you might also need to cast function pointer(s).","398","","C:\Users\lawrence\Desktop\School\GATech\Spring 2026\PUBP 6727 Cyber Sec Practicum\SourceCodeRepos\GitHub\SCAMR_Helper_SampleSourceCode\Modules\_struct.c","1190","49","You might need to cast the function pointer here",
"2","2.19.0","constParameterCallback","style","Parameter &#039;state&#039; can be declared as pointer to const. However it seems that &#039;bu_bool&#039; is a callback function, if &#039;state&#039; is declared with const you might also need to cast function pointer(s).","Parameter &#039;state&#039; can be declared as pointer to const. However it seems that &#039;bu_bool&#039; is a callback function, if &#039;state&#039; is declared with const you might also need to cast function pointer(s).","398","","C:\Users\lawrence\Desktop\School\GATech\Spring 2026\PUBP 6727 Cyber Sec Practicum\SourceCodeRepos\GitHub\SCAMR_Helper_SampleSourceCode\Modules\_struct.c","991","29","Parameter &#039;state&#039; can be declared as pointer to const",
"2","2.19.0","constParameterCallback","style","Parameter &#039;state&#039; can be declared as pointer to const. However it seems that &#039;bu_bool&#039; is a callback function, if &#039;state&#039; is declared with const you might also need to cast function pointer(s).","Parameter &#039;state&#039; can be declared as pointer to const. However it seems that &#039;bu_bool&#039; is a callback function, if &#039;state&#039; is declared with const you might also need to cast function pointer(s).","398","","C:\Users\lawrence\Desktop\School\GATech\Spring 2026\PUBP 6727 Cyber Sec Practicum\SourceCodeRepos\GitHub\SCAMR_Helper_SampleSourceCode\Modules\_struct.c","1499","49","You might need to cast the function pointer here",
"2","2.19.0","constParameterCallback","style","Parameter &#039;state&#039; can be declared as pointer to const. However it seems that &#039;lu_short&#039; is a callback function, if &#039;state&#039; is declared with const you might also need to cast function pointer(s).","Parameter &#039;state&#039; can be declared as pointer to const. However it seems that &#039;lu_short&#039; is a callback function, if &#039;state&#039; is declared with const you might also need to cast function pointer(s).","398","","C:\Users\lawrence\Desktop\School\GATech\Spring 2026\PUBP 6727 Cyber Sec Practicum\SourceCodeRepos\GitHub\SCAMR_Helper_SampleSourceCode\Modules\_struct.c","1197","30","Parameter &#039;state&#039; can be declared as pointer to const",
"2","2.19.0","constParameterCallback","style","Parameter &#039;state&#039; can be declared as pointer to const. However it seems that &#039;lu_short&#039; is a callback function, if &#039;state&#039; is declared with const you might also need to cast function pointer(s).","Parameter &#039;state&#039; can be declared as pointer to const. However it seems that &#039;lu_short&#039; is a callback function, if &#039;state&#039; is declared with const you might also need to cast function pointer(s).","398","","C:\Users\lawrence\Desktop\School\GATech\Spring 2026\PUBP 6727 Cyber Sec Practicum\SourceCodeRepos\GitHub\SCAMR_Helper_SampleSourceCode\Modules\_struct.c","1491","49","You might need to cast the function pointer here",
"2","2.19.0","constParameterCallback","style","Parameter &#039;state&#039; can be declared as pointer to const. However it seems that &#039;lu_int&#039; is a callback function, if &#039;state&#039; is declared with const you might also need to cast function pointer(s).","Parameter &#039;state&#039; can be declared as pointer to const. However it seems that &#039;lu_int&#039; is a callback function, if &#039;state&#039; is declared with const you might also need to cast function pointer(s).","398","","C:\Users\lawrence\Desktop\School\GATech\Spring 2026\PUBP 6727 Cyber Sec Practicum\SourceCodeRepos\GitHub\SCAMR_Helper_SampleSourceCode\Modules\_struct.c","1214","28","Parameter &#039;state&#039; can be declared as pointer to const",
"2","2.19.0","constParameterCallback","style","Parameter &#039;state&#039; can be declared as pointer to const. However it seems that &#039;lu_int&#039; is a callback function, if &#039;state&#039; is declared with const you might also need to cast function pointer(s).","Parameter &#039;state&#039; can be declared as pointer to const. However it seems that &#039;lu_int&#039; is a callback function, if &#039;state&#039; is declared with const you might also need to cast function pointer(s).","398","","C:\Users\lawrence\Desktop\School\GATech\Spring 2026\PUBP 6727 Cyber Sec Practicum\SourceCodeRepos\GitHub\SCAMR_Helper_SampleSourceCode\Modules\_struct.c","1495","49","You might need to cast the function pointer here",
"2","2.19.0","constParameterCallback","style","Parameter &#039;state&#039; can be declared as pointer to const. However it seems that &#039;lu_uint&#039; is a callback function, if &#039;state&#039; is declared with const you might also need to cast function pointer(s).","Parameter &#039;state&#039; can be declared as pointer to const. However it seems that &#039;lu_uint&#039; is a callback function, if &#039;state&#039; is declared with const you might also need to cast function pointer(s).","398","","C:\Users\lawrence\Desktop\School\GATech\Spring 2026\PUBP 6727 Cyber Sec Practicum\SourceCodeRepos\GitHub\SCAMR_Helper_SampleSourceCode\Modules\_struct.c","1231","29","Parameter &#039;state&#039; can be declared as pointer to const",
"2","2.19.0","constParameterCallback","style","Parameter &#039;state&#039; can be declared as pointer to const. However it seems that &#039;lu_uint&#039; is a callback function, if &#039;state&#039; is declared with const you might also need to cast function pointer(s).","Parameter &#039;state&#039; can be declared as pointer to const. However it seems that &#039;lu_uint&#039; is a callback function, if &#039;state&#039; is declared with const you might also need to cast function pointer(s).","398","","C:\Users\lawrence\Desktop\School\GATech\Spring 2026\PUBP 6727 Cyber Sec Practicum\SourceCodeRepos\GitHub\SCAMR_Helper_SampleSourceCode\Modules\_struct.c","1496","49","You might need to cast the function pointer here",
"2","2.19.0","constParameterCallback","style","Parameter &#039;state&#039; can be declared as pointer to const. However it seems that &#039;lu_longlong&#039; is a callback function, if &#039;state&#039; is declared with const you might also need to cast function pointer(s).","Parameter &#039;state&#039; can be declared as pointer to const. However it seems that &#039;lu_longlong&#039; is a callback function, if &#039;state&#039; is declared with const you might also need to cast function pointer(s).","398","","C:\Users\lawrence\Desktop\School\GATech\Spring 2026\PUBP 6727 Cyber Sec Practicum\SourceCodeRepos\GitHub\SCAMR_Helper_SampleSourceCode\Modules\_struct.c","1243","33","Parameter &#039;state&#039; can be declared as pointer to const",
"2","2.19.0","constParameterCallback","style","Parameter &#039;state&#039; can be declared as pointer to const. However it seems that &#039;lu_longlong&#039; is a callback function, if &#039;state&#039; is declared with const you might also need to cast function pointer(s).","Parameter &#039;state&#039; can be declared as pointer to const. However it seems that &#039;lu_longlong&#039; is a callback function, if &#039;state&#039; is declared with const you might also need to cast function pointer(s).","398","","C:\Users\lawrence\Desktop\School\GATech\Spring 2026\PUBP 6727 Cyber Sec Practicum\SourceCodeRepos\GitHub\SCAMR_Helper_SampleSourceCode\Modules\_struct.c","1497","49","You might need to cast the function pointer here",
"2","2.19.0","constParameterCallback","style","Parameter &#039;state&#039; can be declared as pointer to const. However it seems that &#039;lu_ulonglong&#039; is a callback function, if &#039;state&#039; is declared with const you might also need to cast function pointer(s).","Parameter &#039;state&#039; can be declared as pointer to const. However it seems that &#039;lu_ulonglong&#039; is a callback function, if &#039;state&#039; is declared with const you might also need to cast function pointer(s).","398","","C:\Users\lawrence\Desktop\School\GATech\Spring 2026\PUBP 6727 Cyber Sec Practicum\SourceCodeRepos\GitHub\SCAMR_Helper_SampleSourceCode\Modules\_struct.c","1261","34","Parameter &#039;state&#039; can be declared as pointer to const",
"2","2.19.0","constParameterCallback","style","Parameter &#039;state&#039; can be declared as pointer to const. However it seems that &#039;lu_ulonglong&#039; is a callback function, if &#039;state&#039; is declared with const you might also need to cast function pointer(s).","Parameter &#039;state&#039; can be declared as pointer to const. However it seems that &#039;lu_ulonglong&#039; is a callback function, if &#039;state&#039; is declared with const you might also need to cast function pointer(s).","398","","C:\Users\lawrence\Desktop\School\GATech\Spring 2026\PUBP 6727 Cyber Sec Practicum\SourceCodeRepos\GitHub\SCAMR_Helper_SampleSourceCode\Modules\_struct.c","1498","49","You might need to cast the function pointer here",
"2","2.19.0","constParameterCallback","style","Parameter &#039;state&#039; can be declared as pointer to const. However it seems that &#039;lu_halffloat&#039; is a callback function, if &#039;state&#039; is declared with const you might also need to cast function pointer(s).","Parameter &#039;state&#039; can be declared as pointer to const. However it seems that &#039;lu_halffloat&#039; is a callback function, if &#039;state&#039; is declared with const you might also need to cast function pointer(s).","398","","C:\Users\lawrence\Desktop\School\GATech\Spring 2026\PUBP 6727 Cyber Sec Practicum\SourceCodeRepos\GitHub\SCAMR_Helper_SampleSourceCode\Modules\_struct.c","1273","34","Parameter &#039;state&#039; can be declared as pointer to const",
"2","2.19.0","constParameterCallback","style","Parameter &#039;state&#039; can be declared as pointer to const. However it seems that &#039;lu_halffloat&#039; is a callback function, if &#039;state&#039; is declared with const you might also need to cast function pointer(s).","Parameter &#039;state&#039; can be declared as pointer to const. However it seems that &#039;lu_halffloat&#039; is a callback function, if &#039;state&#039; is declared with const you might also need to cast function pointer(s).","398","","C:\Users\lawrence\Desktop\School\GATech\Spring 2026\PUBP 6727 Cyber Sec Practicum\SourceCodeRepos\GitHub\SCAMR_Helper_SampleSourceCode\Modules\_struct.c","1501","49","You might need to cast the function pointer here",
"2","2.19.0","constParameterCallback","style","Parameter &#039;state&#039; can be declared as pointer to const. However it seems that &#039;lu_float&#039; is a callback function, if &#039;state&#039; is declared with const you might also need to cast function pointer(s).","Parameter &#039;state&#039; can be declared as pointer to const. However it seems that &#039;lu_float&#039; is a callback function, if &#039;state&#039; is declared with const you might also need to cast function pointer(s).","398","","C:\Users\lawrence\Desktop\School\GATech\Spring 2026\PUBP 6727 Cyber Sec Practicum\SourceCodeRepos\GitHub\SCAMR_Helper_SampleSourceCode\Modules\_struct.c","1279","30","Parameter &#039;state&#039; can be declared as pointer to const",
"2","2.19.0","constParameterCallback","style","Parameter &#039;state&#039; can be declared as pointer to const. However it seems that &#039;lu_float&#039; is a callback function, if &#039;state&#039; is declared with const you might also need to cast function pointer(s).","Parameter &#039;state&#039; can be declared as pointer to const. However it seems that &#039;lu_float&#039; is a callback function, if &#039;state&#039; is declared with const you might also need to cast function pointer(s).","398","","C:\Users\lawrence\Desktop\School\GATech\Spring 2026\PUBP 6727 Cyber Sec Practicum\SourceCodeRepos\GitHub\SCAMR_Helper_SampleSourceCode\Modules\_struct.c","1502","49","You might need to cast the function pointer here",
"2","2.19.0","constParameterCallback","style","Parameter &#039;state&#039; can be declared as pointer to const. However it seems that &#039;lu_double&#039; is a callback function, if &#039;state&#039; is declared with const you might also need to cast function pointer(s).","Parameter &#039;state&#039; can be declared as pointer to const. However it seems that &#039;lu_double&#039; is a callback function, if &#039;state&#039; is declared with const you might also need to cast function pointer(s).","398","","C:\Users\lawrence\Desktop\School\GATech\Spring 2026\PUBP 6727 Cyber Sec Practicum\SourceCodeRepos\GitHub\SCAMR_Helper_SampleSourceCode\Modules\_struct.c","1285","31","Parameter &#039;state&#039; can be declared as pointer to const",
"2","2.19.0","constParameterCallback","style","Parameter &#039;state&#039; can be declared as pointer to const. However it seems that &#039;lu_double&#039; is a callback function, if &#039;state&#039; is declared with const you might also need to cast function pointer(s).","Parameter &#039;state&#039; can be declared as pointer to const. However it seems that &#039;lu_double&#039; is a callback function, if &#039;state&#039; is declared with const you might also need to cast function pointer(s).","398","","C:\Users\lawrence\Desktop\School\GATech\Spring 2026\PUBP 6727 Cyber Sec Practicum\SourceCodeRepos\GitHub\SCAMR_Helper_SampleSourceCode\Modules\_struct.c","1503","49","You might need to cast the function pointer here",
"2","2.19.0","constParameterCallback","style","Parameter &#039;state&#039; can be declared as pointer to const. However it seems that &#039;lu_float_complex&#039; is a callback function, if &#039;state&#039; is declared with const you might also need to cast function pointer(s).","Parameter &#039;state&#039; can be declared as pointer to const. However it seems that &#039;lu_float_complex&#039; is a callback function, if &#039;state&#039; is declared with const you might also need to cast function pointer(s).","398","","C:\Users\lawrence\Desktop\School\GATech\Spring 2026\PUBP 6727 Cyber Sec Practicum\SourceCodeRepos\GitHub\SCAMR_Helper_SampleSourceCode\Modules\_struct.c","1291","38","Parameter &#039;state&#039; can be declared as pointer to const",
"2","2.19.0","constParameterCallback","style","Parameter &#039;state&#039; can be declared as pointer to const. However it seems that &#039;lu_float_complex&#039; is a callback function, if &#039;state&#039; is declared with const you might also need to cast function pointer(s).","Parameter &#039;state&#039; can be declared as pointer to const. However it seems that &#039;lu_float_complex&#039; is a callback function, if &#039;state&#039; is declared with const you might also need to cast function pointer(s).","398","","C:\Users\lawrence\Desktop\School\GATech\Spring 2026\PUBP 6727 Cyber Sec Practicum\SourceCodeRepos\GitHub\SCAMR_Helper_SampleSourceCode\Modules\_struct.c","1504","49","You might need to cast the function pointer here",
"2","2.19.0","constParameterCallback","style","Parameter &#039;state&#039; can be declared as pointer to const. However it seems that &#039;lu_double_complex&#039; is a callback function, if &#039;state&#039; is declared with const you might also need to cast function pointer(s).","Parameter &#039;state&#039; can be declared as pointer to const. However it seems that &#039;lu_double_complex&#039; is a callback function, if &#039;state&#039; is declared with const you might also need to cast function pointer(s).","398","","C:\Users\lawrence\Desktop\School\GATech\Spring 2026\PUBP 6727 Cyber Sec Practicum\SourceCodeRepos\GitHub\SCAMR_Helper_SampleSourceCode\Modules\_struct.c","1305","39","Parameter &#039;state&#039; can be declared as pointer to const",
"2","2.19.0","constParameterCallback","style","Parameter &#039;state&#039; can be declared as pointer to const. However it seems that &#039;lu_double_complex&#039; is a callback function, if &#039;state&#039; is declared with const you might also need to cast function pointer(s).","Parameter &#039;state&#039; can be declared as pointer to const. However it seems that &#039;lu_double_complex&#039; is a callback function, if &#039;state&#039; is declared with const you might also need to cast function pointer(s).","398","","C:\Users\lawrence\Desktop\School\GATech\Spring 2026\PUBP 6727 Cyber Sec Practicum\SourceCodeRepos\GitHub\SCAMR_Helper_SampleSourceCode\Modules\_struct.c","1505","49","You might need to cast the function pointer here",
"2","2.19.0","constParameterPointer","style","Parameter &#039;buffer&#039; can be declared as pointer to const","Parameter &#039;buffer&#039; can be declared as pointer to const","398","","C:\Users\lawrence\Desktop\School\GATech\Spring 2026\PUBP 6727 Cyber Sec Practicum\SourceCodeRepos\GitHub\SCAMR_Helper_SampleSourceCode\Modules\_struct.c","1921","53","",
"2","2.19.0","constVariablePointer","style","Variable &#039;code&#039; can be declared as pointer to const","Variable &#039;code&#039; can be declared as pointer to const","398","","C:\Users\lawrence\Desktop\School\GATech\Spring 2026\PUBP 6727 Cyber Sec Practicum\SourceCodeRepos\GitHub\SCAMR_Helper_SampleSourceCode\Modules\_struct.c","2150","17","",
"2","2.19.0","constVariablePointer","style","Variable &#039;code&#039; can be declared as pointer to const","Variable &#039;code&#039; can be declared as pointer to const","398","","C:\Users\lawrence\Desktop\School\GATech\Spring 2026\PUBP 6727 Cyber Sec Practicum\SourceCodeRepos\GitHub\SCAMR_Helper_SampleSourceCode\Modules\_struct.c","2378","22","",
"2","2.19.0","constParameterPointer","style","Parameter &#039;module&#039; can be declared as pointer to const","Parameter &#039;module&#039; can be declared as pointer to const","398","","C:\Users\lawrence\Desktop\School\GATech\Spring 2026\PUBP 6727 Cyber Sec Practicum\SourceCodeRepos\GitHub\SCAMR_Helper_SampleSourceCode\Modules\_struct.c","2510","25","",
"2","2.19.0","constParameterPointer","style","Parameter &#039;s_object&#039; can be declared as pointer to const","Parameter &#039;s_object&#039; can be declared as pointer to const","398","","C:\Users\lawrence\Desktop\School\GATech\Spring 2026\PUBP 6727 Cyber Sec Practicum\SourceCodeRepos\GitHub\SCAMR_Helper_SampleSourceCode\Modules\_struct.c","2510","49","",
"2","2.19.0","missingInclude","information","Include file: &quot;pycore_abstract.h&quot; not found.","Include file: &quot;pycore_abstract.h&quot; not found.","","","C:\Users\lawrence\Desktop\School\GATech\Spring 2026\PUBP 6727 Cyber Sec Practicum\SourceCodeRepos\GitHub\SCAMR_Helper_SampleSourceCode\Modules\clinic\_struct.c.h","9","2","",
"2","2.19.0","missingInclude","information","Include file: &quot;pycore_modsupport.h&quot; not found.","Include file: &quot;pycore_modsupport.h&quot; not found.","","","C:\Users\lawrence\Desktop\School\GATech\Spring 2026\PUBP 6727 Cyber Sec Practicum\SourceCodeRepos\GitHub\SCAMR_Helper_SampleSourceCode\Modules\clinic\_struct.c.h","10","2","",
"2","2.19.0","missingInclude","information","Include file: &quot;Python.h&quot; not found.","Include file: &quot;Python.h&quot; not found.","","","C:\Users\lawrence\Desktop\School\GATech\Spring 2026\PUBP 6727 Cyber Sec Practicum\SourceCodeRepos\GitHub\SCAMR_Helper_SampleSourceCode\Modules\_suggestions.c","1","2","",
"2","2.19.0","missingInclude","information","Include file: &quot;pycore_pyerrors.h&quot; not found.","Include file: &quot;pycore_pyerrors.h&quot; not found.","","","C:\Users\lawrence\Desktop\School\GATech\Spring 2026\PUBP 6727 Cyber Sec Practicum\SourceCodeRepos\GitHub\SCAMR_Helper_SampleSourceCode\Modules\_suggestions.c","2","2","",
"2","2.19.0","missingInclude","information","Include file: &quot;pycore_critical_section.h&quot; not found.","Include file: &quot;pycore_critical_section.h&quot; not found.","","","C:\Users\lawrence\Desktop\School\GATech\Spring 2026\PUBP 6727 Cyber Sec Practicum\SourceCodeRepos\GitHub\SCAMR_Helper_SampleSourceCode\Modules\clinic\_suggestions.c.h","5","2","",
"2","2.19.0","missingInclude","information","Include file: &quot;pycore_modsupport.h&quot; not found.","Include file: &quot;pycore_modsupport.h&quot; not found.","","","C:\Users\lawrence\Desktop\School\GATech\Spring 2026\PUBP 6727 Cyber Sec Practicum\SourceCodeRepos\GitHub\SCAMR_Helper_SampleSourceCode\Modules\clinic\_suggestions.c.h","6","2","",
"2","2.19.0","missingInclude","information","Include file: &quot;Python.h&quot; not found.","Include file: &quot;Python.h&quot; not found.","","","C:\Users\lawrence\Desktop\School\GATech\Spring 2026\PUBP 6727 Cyber Sec Practicum\SourceCodeRepos\GitHub\SCAMR_Helper_SampleSourceCode\Modules\_sysconfig.c","7","2","",
"2","2.19.0","missingInclude","information","Include file: &quot;pycore_importdl.h&quot; not found.","Include file: &quot;pycore_importdl.h&quot; not found.","","","C:\Users\lawrence\Desktop\School\GATech\Spring 2026\PUBP 6727 Cyber Sec Practicum\SourceCodeRepos\GitHub\SCAMR_Helper_SampleSourceCode\Modules\_sysconfig.c","9","2","",
"2","2.19.0","missingInclude","information","Include file: &quot;pycore_long.h&quot; not found.","Include file: &quot;pycore_long.h&quot; not found.","","","C:\Users\lawrence\Desktop\School\GATech\Spring 2026\PUBP 6727 Cyber Sec Practicum\SourceCodeRepos\GitHub\SCAMR_Helper_SampleSourceCode\Modules\_sysconfig.c","10","2","",
"2","2.19.0","missingInclude","information","Include file: &quot;Python.h&quot; not found.","Include file: &quot;Python.h&quot; not found.","","","C:\Users\lawrence\Desktop\School\GATech\Spring 2026\PUBP 6727 Cyber Sec Practicum\SourceCodeRepos\GitHub\SCAMR_Helper_SampleSourceCode\Modules\_testbuffer.c","4","2","",
"2","2.19.0","normalCheckLevelMaxBranches","information","Limiting analysis of branches. Use --check-level=exhaustive to analyze all branches.","Limiting analysis of branches. Use --check-level=exhaustive to analyze all branches.","","","C:\Users\lawrence\Desktop\School\GATech\Spring 2026\PUBP 6727 Cyber Sec Practicum\SourceCodeRepos\GitHub\SCAMR_Helper_SampleSourceCode\Modules\_testbuffer.c","0","","",
"2","2.19.0","missingReturn","error","Found an exit path from function with non-void return type that has missing return statement","Found an exit path from function with non-void return type that has missing return statement","758","","C:\Users\lawrence\Desktop\School\GATech\Spring 2026\PUBP 6727 Cyber Sec Practicum\SourceCodeRepos\GitHub\SCAMR_Helper_SampleSourceCode\Modules\_testbuffer.c","1382","20","",
"2","2.19.0","knownConditionTrueFalse","style","Return value &#039;fmt1==NULL&#039; is always false","Return value &#039;fmt1==NULL&#039; is always false","570","","C:\Users\lawrence\Desktop\School\GATech\Spring 2026\PUBP 6727 Cyber Sec Practicum\SourceCodeRepos\GitHub\SCAMR_Helper_SampleSourceCode\Modules\_testbuffer.c","2488","21","",
"2","2.19.0","redundantAssignment","style","Variable &#039;base&#039; is assigned an expression that holds the same value.","Variable &#039;base&#039; is assigned an expression that holds the same value.","563","","C:\Users\lawrence\Desktop\School\GATech\Spring 2026\PUBP 6727 Cyber Sec Practicum\SourceCodeRepos\GitHub\SCAMR_Helper_SampleSourceCode\Modules\_testbuffer.c","671","5","",
"2","2.19.0","redundantAssignment","style","Variable &#039;base&#039; is assigned an expression that holds the same value.","Variable &#039;base&#039; is assigned an expression that holds the same value.","563","","C:\Users\lawrence\Desktop\School\GATech\Spring 2026\PUBP 6727 Cyber Sec Practicum\SourceCodeRepos\GitHub\SCAMR_Helper_SampleSourceCode\Modules\_testbuffer.c","662","21","base is assigned &#039;&amp;nd-&gt;head-&gt;base&#039; here.",
"2","2.19.0","variableScope","style","The scope of the variable &#039;item&#039; can be reduced.","The scope of the variable &#039;item&#039; can be reduced. Warning: Be careful when fixing this message, especially when there are inner loops. Here is an example where cppcheck will write that the scope for &#039;i&#039; can be reduced:
void f(int x)
{
    int i = 0;
    if (x) {
        // it&#039;s safe to move &#039;int i = 0;&#039; here
        for (int n = 0; n &lt; 10; ++n) {
            // it is possible but not safe to move &#039;int i = 0;&#039; here
            do_something(&amp;i);
        }
    }
}
When you see this message it is always safe to reduce the variable scope 1 level.","398","","C:\Users\lawrence\Desktop\School\GATech\Spring 2026\PUBP 6727 Cyber Sec Practicum\SourceCodeRepos\GitHub\SCAMR_Helper_SampleSourceCode\Modules\_testbuffer.c","306","15","",
"2","2.19.0","variableScope","style","The scope of the variable &#039;x&#039; can be reduced.","The scope of the variable &#039;x&#039; can be reduced. Warning: Be careful when fixing this message, especially when there are inner loops. Here is an example where cppcheck will write that the scope for &#039;i&#039; can be reduced:
void f(int x)
{
    int i = 0;
    if (x) {
        // it&#039;s safe to move &#039;int i = 0;&#039; here
        for (int n = 0; n &lt; 10; ++n) {
            // it is possible but not safe to move &#039;int i = 0;&#039; here
            do_something(&amp;i);
        }
    }
}
When you see this message it is always safe to reduce the variable scope 1 level.","398","","C:\Users\lawrence\Desktop\School\GATech\Spring 2026\PUBP 6727 Cyber Sec Practicum\SourceCodeRepos\GitHub\SCAMR_Helper_SampleSourceCode\Modules\_testbuffer.c","851","16","",
"2","2.19.0","variableScope","style","The scope of the variable &#039;index&#039; can be reduced.","The scope of the variable &#039;index&#039; can be reduced. Warning: Be careful when fixing this message, especially when there are inner loops. Here is an example where cppcheck will write that the scope for &#039;i&#039; can be reduced:
void f(int x)
{
    int i = 0;
    if (x) {
        // it&#039;s safe to move &#039;int i = 0;&#039; here
        for (int n = 0; n &lt; 10; ++n) {
            // it is possible but not safe to move &#039;int i = 0;&#039; here
            do_something(&amp;i);
        }
    }
}
When you see this message it is always safe to reduce the variable scope 1 level.","398","","C:\Users\lawrence\Desktop\School\GATech\Spring 2026\PUBP 6727 Cyber Sec Practicum\SourceCodeRepos\GitHub\SCAMR_Helper_SampleSourceCode\Modules\_testbuffer.c","1873","16","",
"2","2.19.0","variableScope","style","The scope of the variable &#039;x&#039; can be reduced.","The scope of the variable &#039;x&#039; can be reduced. Warning: Be careful when fixing this message, especially when there are inner loops. Here is an example where cppcheck will write that the scope for &#039;i&#039; can be reduced:
void f(int x)
{
    int i = 0;
    if (x) {
        // it&#039;s safe to move &#039;int i = 0;&#039; here
        for (int n = 0; n &lt; 10; ++n) {
            // it is possible but not safe to move &#039;int i = 0;&#039; here
            do_something(&amp;i);
        }
    }
}
When you see this message it is always safe to reduce the variable scope 1 level.","398","","C:\Users\lawrence\Desktop\School\GATech\Spring 2026\PUBP 6727 Cyber Sec Practicum\SourceCodeRepos\GitHub\SCAMR_Helper_SampleSourceCode\Modules\_testbuffer.c","1983","23","",
"2","2.19.0","variableScope","style","The scope of the variable &#039;base&#039; can be reduced.","The scope of the variable &#039;base&#039; can be reduced. Warning: Be careful when fixing this message, especially when there are inner loops. Here is an example where cppcheck will write that the scope for &#039;i&#039; can be reduced:
void f(int x)
{
    int i = 0;
    if (x) {
        // it&#039;s safe to move &#039;int i = 0;&#039; here
        for (int n = 0; n &lt; 10; ++n) {
            // it is possible but not safe to move &#039;int i = 0;&#039; here
            do_something(&amp;i);
        }
    }
}
When you see this message it is always safe to reduce the variable scope 1 level.","398","","C:\Users\lawrence\Desktop\School\GATech\Spring 2026\PUBP 6727 Cyber Sec Practicum\SourceCodeRepos\GitHub\SCAMR_Helper_SampleSourceCode\Modules\_testbuffer.c","2583","22","",
"2","2.19.0","constVariablePointer","style","Variable &#039;xsptr&#039; can be declared as pointer to const","Variable &#039;xsptr&#039; can be declared as pointer to const","398","","C:\Users\lawrence\Desktop\School\GATech\Spring 2026\PUBP 6727 Cyber Sec Practicum\SourceCodeRepos\GitHub\SCAMR_Helper_SampleSourceCode\Modules\_testbuffer.c","491","23","",
"2","2.19.0","constParameterPointer","style","Parameter &#039;dest&#039; can be declared as pointer to const","Parameter &#039;dest&#039; can be declared as pointer to const","398","","C:\Users\lawrence\Desktop\School\GATech\Spring 2026\PUBP 6727 Cyber Sec Practicum\SourceCodeRepos\GitHub\SCAMR_Helper_SampleSourceCode\Modules\_testbuffer.c","514","26","",
"2","2.19.0","constParameterPointer","style","Parameter &#039;src&#039; can be declared as pointer to const","Parameter &#039;src&#039; can be declared as pointer to const","398","","C:\Users\lawrence\Desktop\School\GATech\Spring 2026\PUBP 6727 Cyber Sec Practicum\SourceCodeRepos\GitHub\SCAMR_Helper_SampleSourceCode\Modules\_testbuffer.c","514","43","",
"2","2.19.0","constParameterCallback","style","Parameter &#039;view&#039; can be declared as pointer to const. However it seems that &#039;ndarray_releasebuf&#039; is a callback function, if &#039;view&#039; is declared with const you might also need to cast function pointer(s).","Parameter &#039;view&#039; can be declared as pointer to const. However it seems that &#039;ndarray_releasebuf&#039; is a callback function, if &#039;view&#039; is declared with const you might also need to cast function pointer(s).","398","","C:\Users\lawrence\Desktop\School\GATech\Spring 2026\PUBP 6727 Cyber Sec Practicum\SourceCodeRepos\GitHub\SCAMR_Helper_SampleSourceCode\Modules\_testbuffer.c","1535","45","Parameter &#039;view&#039; can be declared as pointer to const",
"2","2.19.0","constParameterCallback","style","Parameter &#039;view&#039; can be declared as pointer to const. However it seems that &#039;ndarray_releasebuf&#039; is a callback function, if &#039;view&#039; is declared with const you might also need to cast function pointer(s).","Parameter &#039;view&#039; can be declared as pointer to const. However it seems that &#039;ndarray_releasebuf&#039; is a callback function, if &#039;view&#039; is declared with const you might also need to cast function pointer(s).","398","","C:\Users\lawrence\Desktop\School\GATech\Spring 2026\PUBP 6727 Cyber Sec Practicum\SourceCodeRepos\GitHub\SCAMR_Helper_SampleSourceCode\Modules\_testbuffer.c","1547","5","You might need to cast the function pointer here",
"2","2.19.0","constParameterCallback","style","Parameter &#039;closure&#039; can be declared as pointer to const. However it seems that &#039;ndarray_get_format&#039; is a callback function, if &#039;closure&#039; is declared with const you might also need to cast function pointer(s).","Parameter &#039;closure&#039; can be declared as pointer to const. However it seems that &#039;ndarray_get_format&#039; is a callback function, if &#039;closure&#039; is declared with const you might also need to cast function pointer(s).","398","","C:\Users\lawrence\Desktop\School\GATech\Spring 2026\PUBP 6727 Cyber Sec Practicum\SourceCodeRepos\GitHub\SCAMR_Helper_SampleSourceCode\Modules\_testbuffer.c","2057","40","Parameter &#039;closure&#039; can be declared as pointer to const",
"2","2.19.0","constParameterCallback","style","Parameter &#039;closure&#039; can be declared as pointer to const. However it seems that &#039;ndarray_get_format&#039; is a callback function, if &#039;closure&#039; is declared with const you might also need to cast function pointer(s).","Parameter &#039;closure&#039; can be declared as pointer to const. However it seems that &#039;ndarray_get_format&#039; is a callback function, if &#039;closure&#039; is declared with const you might also need to cast function pointer(s).","398","","C:\Users\lawrence\Desktop\School\GATech\Spring 2026\PUBP 6727 Cyber Sec Practicum\SourceCodeRepos\GitHub\SCAMR_Helper_SampleSourceCode\Modules\_testbuffer.c","2150","21","You might need to cast the function pointer here",
"2","2.19.0","constParameterCallback","style","Parameter &#039;self&#039; can be declared as pointer to const. However it seems that &#039;get_sizeof_void_p&#039; is a callback function, if &#039;self&#039; is declared with const you might also need to cast function pointer(s).","Parameter &#039;self&#039; can be declared as pointer to const. However it seems that &#039;get_sizeof_void_p&#039; is a callback function, if &#039;self&#039; is declared with const you might also need to cast function pointer(s).","398","","C:\Users\lawrence\Desktop\School\GATech\Spring 2026\PUBP 6727 Cyber Sec Practicum\SourceCodeRepos\GitHub\SCAMR_Helper_SampleSourceCode\Modules\_testbuffer.c","2367","29","Parameter &#039;self&#039; can be declared as pointer to const",
"2","2.19.0","constParameterCallback","style","Parameter &#039;self&#039; can be declared as pointer to const. However it seems that &#039;get_sizeof_void_p&#039; is a callback function, if &#039;self&#039; is declared with const you might also need to cast function pointer(s).","Parameter &#039;self&#039; can be declared as pointer to const. However it seems that &#039;get_sizeof_void_p&#039; is a callback function, if &#039;self&#039; is declared with const you might also need to cast function pointer(s).","398","","C:\Users\lawrence\Desktop\School\GATech\Spring 2026\PUBP 6727 Cyber Sec Practicum\SourceCodeRepos\GitHub\SCAMR_Helper_SampleSourceCode\Modules\_testbuffer.c","2818","27","You might need to cast the function pointer here",
"2","2.19.0","missingInclude","information","Include file: &quot;Python.h&quot; not found.","Include file: &quot;Python.h&quot; not found.","","","C:\Users\lawrence\Desktop\School\GATech\Spring 2026\PUBP 6727 Cyber Sec Practicum\SourceCodeRepos\GitHub\SCAMR_Helper_SampleSourceCode\Modules\_testcapi\parts.h","25","2","",
"2","2.19.0","missingInclude","information","Include file: &quot;Python.h&quot; not found.","Include file: &quot;Python.h&quot; not found.","","","C:\Users\lawrence\Desktop\School\GATech\Spring 2026\PUBP 6727 Cyber Sec Practicum\SourceCodeRepos\GitHub\SCAMR_Helper_SampleSourceCode\Modules\_testcapi\parts.h","25","2","",
"2","2.19.0","missingInclude","information","Include file: &quot;Python.h&quot; not found.","Include file: &quot;Python.h&quot; not found.","","","C:\Users\lawrence\Desktop\School\GATech\Spring 2026\PUBP 6727 Cyber Sec Practicum\SourceCodeRepos\GitHub\SCAMR_Helper_SampleSourceCode\Modules\_testcapi\parts.h","25","2","",
"2","2.19.0","missingInclude","information","Include file: &quot;Python.h&quot; not found.","Include file: &quot;Python.h&quot; not found.","","","C:\Users\lawrence\Desktop\School\GATech\Spring 2026\PUBP 6727 Cyber Sec Practicum\SourceCodeRepos\GitHub\SCAMR_Helper_SampleSourceCode\Modules\_testcapi\parts.h","25","2","",
"2","2.19.0","missingInclude","information","Include file: &quot;Python.h&quot; not found.","Include file: &quot;Python.h&quot; not found.","","","C:\Users\lawrence\Desktop\School\GATech\Spring 2026\PUBP 6727 Cyber Sec Practicum\SourceCodeRepos\GitHub\SCAMR_Helper_SampleSourceCode\Modules\_testcapi\parts.h","25","2","",
"2","2.19.0","missingInclude","information","Include file: &quot;Python.h&quot; not found.","Include file: &quot;Python.h&quot; not found.","","","C:\Users\lawrence\Desktop\School\GATech\Spring 2026\PUBP 6727 Cyber Sec Practicum\SourceCodeRepos\GitHub\SCAMR_Helper_SampleSourceCode\Modules\_testcapi\parts.h","25","2","",
"2","2.19.0","missingInclude","information","Include file: &quot;Python.h&quot; not found.","Include file: &quot;Python.h&quot; not found.","","","C:\Users\lawrence\Desktop\School\GATech\Spring 2026\PUBP 6727 Cyber Sec Practicum\SourceCodeRepos\GitHub\SCAMR_Helper_SampleSourceCode\Modules\_testcapi\parts.h","25","2","",
"2","2.19.0","missingInclude","information","Include file: &quot;Python.h&quot; not found.","Include file: &quot;Python.h&quot; not found.","","","C:\Users\lawrence\Desktop\School\GATech\Spring 2026\PUBP 6727 Cyber Sec Practicum\SourceCodeRepos\GitHub\SCAMR_Helper_SampleSourceCode\Modules\_testcapi\parts.h","25","2","",
"2","2.19.0","missingInclude","information","Include file: &quot;Python.h&quot; not found.","Include file: &quot;Python.h&quot; not found.","","","C:\Users\lawrence\Desktop\School\GATech\Spring 2026\PUBP 6727 Cyber Sec Practicum\SourceCodeRepos\GitHub\SCAMR_Helper_SampleSourceCode\Modules\_testcapi\parts.h","25","2","",
"2","2.19.0","missingInclude","information","Include file: &quot;Python.h&quot; not found.","Include file: &quot;Python.h&quot; not found.","","","C:\Users\lawrence\Desktop\School\GATech\Spring 2026\PUBP 6727 Cyber Sec Practicum\SourceCodeRepos\GitHub\SCAMR_Helper_SampleSourceCode\Modules\_testcapi\parts.h","25","2","",
"2","2.19.0","missingInclude","information","Include file: &quot;Python.h&quot; not found.","Include file: &quot;Python.h&quot; not found.","","","C:\Users\lawrence\Desktop\School\GATech\Spring 2026\PUBP 6727 Cyber Sec Practicum\SourceCodeRepos\GitHub\SCAMR_Helper_SampleSourceCode\Modules\_testcapi\parts.h","25","2","",
"2","2.19.0","missingInclude","information","Include file: &quot;Python.h&quot; not found.","Include file: &quot;Python.h&quot; not found.","","","C:\Users\lawrence\Desktop\School\GATech\Spring 2026\PUBP 6727 Cyber Sec Practicum\SourceCodeRepos\GitHub\SCAMR_Helper_SampleSourceCode\Modules\_testcapi\parts.h","25","2","",
"2","2.19.0","missingInclude","information","Include file: &quot;Python.h&quot; not found.","Include file: &quot;Python.h&quot; not found.","","","C:\Users\lawrence\Desktop\School\GATech\Spring 2026\PUBP 6727 Cyber Sec Practicum\SourceCodeRepos\GitHub\SCAMR_Helper_SampleSourceCode\Modules\_testcapi\parts.h","25","2","",
"2","2.19.0","missingInclude","information","Include file: &quot;Python.h&quot; not found.","Include file: &quot;Python.h&quot; not found.","","","C:\Users\lawrence\Desktop\School\GATech\Spring 2026\PUBP 6727 Cyber Sec Practicum\SourceCodeRepos\GitHub\SCAMR_Helper_SampleSourceCode\Modules\_testcapi\parts.h","25","2","",
"2","2.19.0","missingInclude","information","Include file: &quot;Python.h&quot; not found.","Include file: &quot;Python.h&quot; not found.","","","C:\Users\lawrence\Desktop\School\GATech\Spring 2026\PUBP 6727 Cyber Sec Practicum\SourceCodeRepos\GitHub\SCAMR_Helper_SampleSourceCode\Modules\_testcapi\parts.h","25","2","",
"2","2.19.0","missingInclude","information","Include file: &quot;Python.h&quot; not found.","Include file: &quot;Python.h&quot; not found.","","","C:\Users\lawrence\Desktop\School\GATech\Spring 2026\PUBP 6727 Cyber Sec Practicum\SourceCodeRepos\GitHub\SCAMR_Helper_SampleSourceCode\Modules\_testcapi\parts.h","25","2","",
"2","2.19.0","missingInclude","information","Include file: &quot;Python.h&quot; not found.","Include file: &quot;Python.h&quot; not found.","","","C:\Users\lawrence\Desktop\School\GATech\Spring 2026\PUBP 6727 Cyber Sec Practicum\SourceCodeRepos\GitHub\SCAMR_Helper_SampleSourceCode\Modules\_testcapi\parts.h","25","2","",
"2","2.19.0","missingInclude","information","Include file: &quot;Python.h&quot; not found.","Include file: &quot;Python.h&quot; not found.","","","C:\Users\lawrence\Desktop\School\GATech\Spring 2026\PUBP 6727 Cyber Sec Practicum\SourceCodeRepos\GitHub\SCAMR_Helper_SampleSourceCode\Modules\_testcapi\parts.h","25","2","",
"2","2.19.0","missingInclude","information","Include file: &quot;Python.h&quot; not found.","Include file: &quot;Python.h&quot; not found.","","","C:\Users\lawrence\Desktop\School\GATech\Spring 2026\PUBP 6727 Cyber Sec Practicum\SourceCodeRepos\GitHub\SCAMR_Helper_SampleSourceCode\Modules\_testcapi\parts.h","25","2","",
"2","2.19.0","missingInclude","information","Include file: &quot;Python.h&quot; not found.","Include file: &quot;Python.h&quot; not found.","","","C:\Users\lawrence\Desktop\School\GATech\Spring 2026\PUBP 6727 Cyber Sec Practicum\SourceCodeRepos\GitHub\SCAMR_Helper_SampleSourceCode\Modules\_testcapi\parts.h","25","2","",
"2","2.19.0","missingInclude","information","Include file: &quot;Python.h&quot; not found.","Include file: &quot;Python.h&quot; not found.","","","C:\Users\lawrence\Desktop\School\GATech\Spring 2026\PUBP 6727 Cyber Sec Practicum\SourceCodeRepos\GitHub\SCAMR_Helper_SampleSourceCode\Modules\_testcapi\parts.h","25","2","",
"2","2.19.0","missingInclude","information","Include file: &quot;Python.h&quot; not found.","Include file: &quot;Python.h&quot; not found.","","","C:\Users\lawrence\Desktop\School\GATech\Spring 2026\PUBP 6727 Cyber Sec Practicum\SourceCodeRepos\GitHub\SCAMR_Helper_SampleSourceCode\Modules\_testcapi\parts.h","25","2","",
"2","2.19.0","missingInclude","information","Include file: &quot;Python.h&quot; not found.","Include file: &quot;Python.h&quot; not found.","","","C:\Users\lawrence\Desktop\School\GATech\Spring 2026\PUBP 6727 Cyber Sec Practicum\SourceCodeRepos\GitHub\SCAMR_Helper_SampleSourceCode\Modules\_testcapi\parts.h","25","2","",
"2","2.19.0","missingInclude","information","Include file: &quot;Python.h&quot; not found.","Include file: &quot;Python.h&quot; not found.","","","C:\Users\lawrence\Desktop\School\GATech\Spring 2026\PUBP 6727 Cyber Sec Practicum\SourceCodeRepos\GitHub\SCAMR_Helper_SampleSourceCode\Modules\_testcapi\parts.h","25","2","",
"2","2.19.0","missingInclude","information","Include file: &quot;Python.h&quot; not found.","Include file: &quot;Python.h&quot; not found.","","","C:\Users\lawrence\Desktop\School\GATech\Spring 2026\PUBP 6727 Cyber Sec Practicum\SourceCodeRepos\GitHub\SCAMR_Helper_SampleSourceCode\Modules\_testcapi\parts.h","25","2","",
"2","2.19.0","missingInclude","information","Include file: &quot;Python.h&quot; not found.","Include file: &quot;Python.h&quot; not found.","","","C:\Users\lawrence\Desktop\School\GATech\Spring 2026\PUBP 6727 Cyber Sec Practicum\SourceCodeRepos\GitHub\SCAMR_Helper_SampleSourceCode\Modules\_testcapi\parts.h","25","2","",
"2","2.19.0","missingInclude","information","Include file: &quot;Python.h&quot; not found.","Include file: &quot;Python.h&quot; not found.","","","C:\Users\lawrence\Desktop\School\GATech\Spring 2026\PUBP 6727 Cyber Sec Practicum\SourceCodeRepos\GitHub\SCAMR_Helper_SampleSourceCode\Modules\_testcapi\parts.h","25","2","",
"2","2.19.0","missingInclude","information","Include file: &quot;Python.h&quot; not found.","Include file: &quot;Python.h&quot; not found.","","","C:\Users\lawrence\Desktop\School\GATech\Spring 2026\PUBP 6727 Cyber Sec Practicum\SourceCodeRepos\GitHub\SCAMR_Helper_SampleSourceCode\Modules\_testcapi\parts.h","25","2","",
"2","2.19.0","missingInclude","information","Include file: &quot;Python.h&quot; not found.","Include file: &quot;Python.h&quot; not found.","","","C:\Users\lawrence\Desktop\School\GATech\Spring 2026\PUBP 6727 Cyber Sec Practicum\SourceCodeRepos\GitHub\SCAMR_Helper_SampleSourceCode\Modules\_testcapi\parts.h","25","2","",
"2","2.19.0","missingInclude","information","Include file: &quot;Python.h&quot; not found.","Include file: &quot;Python.h&quot; not found.","","","C:\Users\lawrence\Desktop\School\GATech\Spring 2026\PUBP 6727 Cyber Sec Practicum\SourceCodeRepos\GitHub\SCAMR_Helper_SampleSourceCode\Modules\_testcapi\parts.h","25","2","",
"2","2.19.0","missingInclude","information","Include file: &quot;Python.h&quot; not found.","Include file: &quot;Python.h&quot; not found.","","","C:\Users\lawrence\Desktop\School\GATech\Spring 2026\PUBP 6727 Cyber Sec Practicum\SourceCodeRepos\GitHub\SCAMR_Helper_SampleSourceCode\Modules\_testcapi\parts.h","25","2","",
"2","2.19.0","missingInclude","information","Include file: &quot;Python.h&quot; not found.","Include file: &quot;Python.h&quot; not found.","","","C:\Users\lawrence\Desktop\School\GATech\Spring 2026\PUBP 6727 Cyber Sec Practicum\SourceCodeRepos\GitHub\SCAMR_Helper_SampleSourceCode\Modules\_testcapi\parts.h","25","2","",
"2","2.19.0","missingInclude","information","Include file: &quot;Python.h&quot; not found.","Include file: &quot;Python.h&quot; not found.","","","C:\Users\lawrence\Desktop\School\GATech\Spring 2026\PUBP 6727 Cyber Sec Practicum\SourceCodeRepos\GitHub\SCAMR_Helper_SampleSourceCode\Modules\_testcapi\parts.h","25","2","",
"2","2.19.0","missingInclude","information","Include file: &quot;Python.h&quot; not found.","Include file: &quot;Python.h&quot; not found.","","","C:\Users\lawrence\Desktop\School\GATech\Spring 2026\PUBP 6727 Cyber Sec Practicum\SourceCodeRepos\GitHub\SCAMR_Helper_SampleSourceCode\Modules\_testcapi\parts.h","25","2","",
"2","2.19.0","missingInclude","information","Include file: &quot;Python.h&quot; not found.","Include file: &quot;Python.h&quot; not found.","","","C:\Users\lawrence\Desktop\School\GATech\Spring 2026\PUBP 6727 Cyber Sec Practicum\SourceCodeRepos\GitHub\SCAMR_Helper_SampleSourceCode\Modules\_testcapi\parts.h","25","2","",
"2","2.19.0","missingInclude","information","Include file: &quot;Python.h&quot; not found.","Include file: &quot;Python.h&quot; not found.","","","C:\Users\lawrence\Desktop\School\GATech\Spring 2026\PUBP 6727 Cyber Sec Practicum\SourceCodeRepos\GitHub\SCAMR_Helper_SampleSourceCode\Modules\_testcapi\parts.h","25","2","",
"2","2.19.0","missingInclude","information","Include file: &quot;Python.h&quot; not found.","Include file: &quot;Python.h&quot; not found.","","","C:\Users\lawrence\Desktop\School\GATech\Spring 2026\PUBP 6727 Cyber Sec Practicum\SourceCodeRepos\GitHub\SCAMR_Helper_SampleSourceCode\Modules\_testcapi\parts.h","25","2","",
"2","2.19.0","missingInclude","information","Include file: &quot;Python.h&quot; not found.","Include file: &quot;Python.h&quot; not found.","","","C:\Users\lawrence\Desktop\School\GATech\Spring 2026\PUBP 6727 Cyber Sec Practicum\SourceCodeRepos\GitHub\SCAMR_Helper_SampleSourceCode\Modules\_testcapi\parts.h","25","2","",
"2","2.19.0","missingInclude","information","Include file: &quot;Python.h&quot; not found.","Include file: &quot;Python.h&quot; not found.","","","C:\Users\lawrence\Desktop\School\GATech\Spring 2026\PUBP 6727 Cyber Sec Practicum\SourceCodeRepos\GitHub\SCAMR_Helper_SampleSourceCode\Modules\_testcapi\parts.h","25","2","",
"2","2.19.0","missingInclude","information","Include file: &quot;Python.h&quot; not found.","Include file: &quot;Python.h&quot; not found.","","","C:\Users\lawrence\Desktop\School\GATech\Spring 2026\PUBP 6727 Cyber Sec Practicum\SourceCodeRepos\GitHub\SCAMR_Helper_SampleSourceCode\Modules\_testcapi\parts.h","25","2","",
"2","2.19.0","missingInclude","information","Include file: &quot;frameobject.h&quot; not found.","Include file: &quot;frameobject.h&quot; not found.","","","C:\Users\lawrence\Desktop\School\GATech\Spring 2026\PUBP 6727 Cyber Sec Practicum\SourceCodeRepos\GitHub\SCAMR_Helper_SampleSourceCode\Modules\_testcapimodule.c","15","2","",
"2","2.19.0","missingInclude","information","Include file: &quot;marshal.h&quot; not found.","Include file: &quot;marshal.h&quot; not found.","","","C:\Users\lawrence\Desktop\School\GATech\Spring 2026\PUBP 6727 Cyber Sec Practicum\SourceCodeRepos\GitHub\SCAMR_Helper_SampleSourceCode\Modules\_testcapimodule.c","16","2","",
"2","2.19.0","missingIncludeSystem","information","Include file: &lt;float.h&gt; not found. Please note: Cppcheck does not need standard library headers to get proper results.","Include file: &lt;float.h&gt; not found. Please note: Cppcheck does not need standard library headers to get proper results.","","","C:\Users\lawrence\Desktop\School\GATech\Spring 2026\PUBP 6727 Cyber Sec Practicum\SourceCodeRepos\GitHub\SCAMR_Helper_SampleSourceCode\Modules\_testcapimodule.c","18","2","",
"2","2.19.0","missingIncludeSystem","information","Include file: &lt;signal.h&gt; not found. Please note: Cppcheck does not need standard library headers to get proper results.","Include file: &lt;signal.h&gt; not found. Please note: Cppcheck does not need standard library headers to get proper results.","","","C:\Users\lawrence\Desktop\School\GATech\Spring 2026\PUBP 6727 Cyber Sec Practicum\SourceCodeRepos\GitHub\SCAMR_Helper_SampleSourceCode\Modules\_testcapimodule.c","19","2","",
"2","2.19.0","missingIncludeSystem","information","Include file: &lt;stddef.h&gt; not found. Please note: Cppcheck does not need standard library headers to get proper results.","Include file: &lt;stddef.h&gt; not found. Please note: Cppcheck does not need standard library headers to get proper results.","","","C:\Users\lawrence\Desktop\School\GATech\Spring 2026\PUBP 6727 Cyber Sec Practicum\SourceCodeRepos\GitHub\SCAMR_Helper_SampleSourceCode\Modules\_testcapimodule.c","20","2","",
"2","2.19.0","unknownMacro","error","There is an unknown macro here somewhere. Configuration is required. If Py_END_ALLOW_THREADS is a macro then please configure it.","There is an unknown macro here somewhere. Configuration is required. If Py_END_ALLOW_THREADS is a macro then please configure it.","","","C:\Users\lawrence\Desktop\School\GATech\Spring 2026\PUBP 6727 Cyber Sec Practicum\SourceCodeRepos\GitHub\SCAMR_Helper_SampleSourceCode\Modules\_testcapimodule.c","1156","5","",
"2","2.19.0","missingIncludeSystem","information","Include file: &lt;sys/wait.h&gt; not found. Please note: Cppcheck does not need standard library headers to get proper results.","Include file: &lt;sys/wait.h&gt; not found. Please note: Cppcheck does not need standard library headers to get proper results.","","","C:\Users\lawrence\Desktop\School\GATech\Spring 2026\PUBP 6727 Cyber Sec Practicum\SourceCodeRepos\GitHub\SCAMR_Helper_SampleSourceCode\Modules\_testcapimodule.c","23","4","",
"2","2.19.0","toomanyconfigs","information","Too many #ifdef configurations - cppcheck only checks 12 of 18 configurations. Use --force to check all configurations.","Too many #ifdef configurations - cppcheck only checks 12 of 18 configurations. Use --force to check all configurations.","398","","C:\Users\lawrence\Desktop\School\GATech\Spring 2026\PUBP 6727 Cyber Sec Practicum\SourceCodeRepos\GitHub\SCAMR_Helper_SampleSourceCode\Modules\_testcapimodule.c","0","","",
"2","2.19.0","missingInclude","information","Include file: &quot;Python.h&quot; not found.","Include file: &quot;Python.h&quot; not found.","","","C:\Users\lawrence\Desktop\School\GATech\Spring 2026\PUBP 6727 Cyber Sec Practicum\SourceCodeRepos\GitHub\SCAMR_Helper_SampleSourceCode\Modules\_testclinic.c","8","2","",
"2","2.19.0","missingInclude","information","Include file: &quot;pycore_object.h&quot; not found.","Include file: &quot;pycore_object.h&quot; not found.","","","C:\Users\lawrence\Desktop\School\GATech\Spring 2026\PUBP 6727 Cyber Sec Practicum\SourceCodeRepos\GitHub\SCAMR_Helper_SampleSourceCode\Modules\_testclinic.c","9","2","",
"2","2.19.0","missingReturn","error","Found an exit path from function with non-void return type that has missing return statement","Found an exit path from function with non-void return type that has missing return statement","758","","C:\Users\lawrence\Desktop\School\GATech\Spring 2026\PUBP 6727 Cyber Sec Practicum\SourceCodeRepos\GitHub\SCAMR_Helper_SampleSourceCode\Modules\_testclinic.c","122","5","",
"2","2.19.0","missingReturn","error","Found an exit path from function with non-void return type that has missing return statement","Found an exit path from function with non-void return type that has missing return statement","758","","C:\Users\lawrence\Desktop\School\GATech\Spring 2026\PUBP 6727 Cyber Sec Practicum\SourceCodeRepos\GitHub\SCAMR_Helper_SampleSourceCode\Modules\_testclinic.c","1259","5","",
"2","2.19.0","missingReturn","error","Found an exit path from function with non-void return type that has missing return statement","Found an exit path from function with non-void return type that has missing return statement","758","","C:\Users\lawrence\Desktop\School\GATech\Spring 2026\PUBP 6727 Cyber Sec Practicum\SourceCodeRepos\GitHub\SCAMR_Helper_SampleSourceCode\Modules\_testclinic.c","1279","5","",
"2","2.19.0","missingReturn","error","Found an exit path from function with non-void return type that has missing return statement","Found an exit path from function with non-void return type that has missing return statement","758","","C:\Users\lawrence\Desktop\School\GATech\Spring 2026\PUBP 6727 Cyber Sec Practicum\SourceCodeRepos\GitHub\SCAMR_Helper_SampleSourceCode\Modules\_testclinic.c","1296","5","",
"2","2.19.0","missingReturn","error","Found an exit path from function with non-void return type that has missing return statement","Found an exit path from function with non-void return type that has missing return statement","758","","C:\Users\lawrence\Desktop\School\GATech\Spring 2026\PUBP 6727 Cyber Sec Practicum\SourceCodeRepos\GitHub\SCAMR_Helper_SampleSourceCode\Modules\_testclinic.c","1315","5","",
"2","2.19.0","missingReturn","error","Found an exit path from function with non-void return type that has missing return statement","Found an exit path from function with non-void return type that has missing return statement","758","","C:\Users\lawrence\Desktop\School\GATech\Spring 2026\PUBP 6727 Cyber Sec Practicum\SourceCodeRepos\GitHub\SCAMR_Helper_SampleSourceCode\Modules\_testclinic.c","1348","5","",
"2","2.19.0","missingReturn","error","Found an exit path from function with non-void return type that has missing return statement","Found an exit path from function with non-void return type that has missing return statement","758","","C:\Users\lawrence\Desktop\School\GATech\Spring 2026\PUBP 6727 Cyber Sec Practicum\SourceCodeRepos\GitHub\SCAMR_Helper_SampleSourceCode\Modules\_testclinic.c","1360","5","",
"2","2.19.0","missingReturn","error","Found an exit path from function with non-void return type that has missing return statement","Found an exit path from function with non-void return type that has missing return statement","758","","C:\Users\lawrence\Desktop\School\GATech\Spring 2026\PUBP 6727 Cyber Sec Practicum\SourceCodeRepos\GitHub\SCAMR_Helper_SampleSourceCode\Modules\_testclinic.c","1762","5","",
"2","2.19.0","missingReturn","error","Found an exit path from function with non-void return type that has missing return statement","Found an exit path from function with non-void return type that has missing return statement","758","","C:\Users\lawrence\Desktop\School\GATech\Spring 2026\PUBP 6727 Cyber Sec Practicum\SourceCodeRepos\GitHub\SCAMR_Helper_SampleSourceCode\Modules\_testclinic.c","1803","5","",
"2","2.19.0","missingReturn","error","Found an exit path from function with non-void return type that has missing return statement","Found an exit path from function with non-void return type that has missing return statement","758","","C:\Users\lawrence\Desktop\School\GATech\Spring 2026\PUBP 6727 Cyber Sec Practicum\SourceCodeRepos\GitHub\SCAMR_Helper_SampleSourceCode\Modules\_testclinic.c","1942","5","",
"2","2.19.0","missingReturn","error","Found an exit path from function with non-void return type that has missing return statement","Found an exit path from function with non-void return type that has missing return statement","758","","C:\Users\lawrence\Desktop\School\GATech\Spring 2026\PUBP 6727 Cyber Sec Practicum\SourceCodeRepos\GitHub\SCAMR_Helper_SampleSourceCode\Modules\_testclinic.c","1957","5","",
"2","2.19.0","missingReturn","error","Found an exit path from function with non-void return type that has missing return statement","Found an exit path from function with non-void return type that has missing return statement","758","","C:\Users\lawrence\Desktop\School\GATech\Spring 2026\PUBP 6727 Cyber Sec Practicum\SourceCodeRepos\GitHub\SCAMR_Helper_SampleSourceCode\Modules\_testclinic.c","1976","5","",
"2","2.19.0","missingReturn","error","Found an exit path from function with non-void return type that has missing return statement","Found an exit path from function with non-void return type that has missing return statement","758","","C:\Users\lawrence\Desktop\School\GATech\Spring 2026\PUBP 6727 Cyber Sec Practicum\SourceCodeRepos\GitHub\SCAMR_Helper_SampleSourceCode\Modules\_testclinic.c","1991","5","",
"2","2.19.0","missingReturn","error","Found an exit path from function with non-void return type that has missing return statement","Found an exit path from function with non-void return type that has missing return statement","758","","C:\Users\lawrence\Desktop\School\GATech\Spring 2026\PUBP 6727 Cyber Sec Practicum\SourceCodeRepos\GitHub\SCAMR_Helper_SampleSourceCode\Modules\_testclinic.c","2006","5","",
"2","2.19.0","missingReturn","error","Found an exit path from function with non-void return type that has missing return statement","Found an exit path from function with non-void return type that has missing return statement","758","","C:\Users\lawrence\Desktop\School\GATech\Spring 2026\PUBP 6727 Cyber Sec Practicum\SourceCodeRepos\GitHub\SCAMR_Helper_SampleSourceCode\Modules\_testclinic.c","2025","5","",
"2","2.19.0","missingReturn","error","Found an exit path from function with non-void return type that has missing return statement","Found an exit path from function with non-void return type that has missing return statement","758","","C:\Users\lawrence\Desktop\School\GATech\Spring 2026\PUBP 6727 Cyber Sec Practicum\SourceCodeRepos\GitHub\SCAMR_Helper_SampleSourceCode\Modules\_testclinic.c","2042","5","",
"2","2.19.0","missingReturn","error","Found an exit path from function with non-void return type that has missing return statement","Found an exit path from function with non-void return type that has missing return statement","758","","C:\Users\lawrence\Desktop\School\GATech\Spring 2026\PUBP 6727 Cyber Sec Practicum\SourceCodeRepos\GitHub\SCAMR_Helper_SampleSourceCode\Modules\_testclinic.c","2060","5","",
"2","2.19.0","missingReturn","error","Found an exit path from function with non-void return type that has missing return statement","Found an exit path from function with non-void return type that has missing return statement","758","","C:\Users\lawrence\Desktop\School\GATech\Spring 2026\PUBP 6727 Cyber Sec Practicum\SourceCodeRepos\GitHub\SCAMR_Helper_SampleSourceCode\Modules\_testclinic.c","2080","5","",
"2","2.19.0","missingReturn","error","Found an exit path from function with non-void return type that has missing return statement","Found an exit path from function with non-void return type that has missing return statement","758","","C:\Users\lawrence\Desktop\School\GATech\Spring 2026\PUBP 6727 Cyber Sec Practicum\SourceCodeRepos\GitHub\SCAMR_Helper_SampleSourceCode\Modules\_testclinic.c","2100","5","",
"2","2.19.0","missingReturn","error","Found an exit path from function with non-void return type that has missing return statement","Found an exit path from function with non-void return type that has missing return statement","758","","C:\Users\lawrence\Desktop\School\GATech\Spring 2026\PUBP 6727 Cyber Sec Practicum\SourceCodeRepos\GitHub\SCAMR_Helper_SampleSourceCode\Modules\_testclinic.c","2126","5","",
"2","2.19.0","missingReturn","error","Found an exit path from function with non-void return type that has missing return statement","Found an exit path from function with non-void return type that has missing return statement","758","","C:\Users\lawrence\Desktop\School\GATech\Spring 2026\PUBP 6727 Cyber Sec Practicum\SourceCodeRepos\GitHub\SCAMR_Helper_SampleSourceCode\Modules\_testclinic.c","2142","5","",
"2","2.19.0","missingReturn","error","Found an exit path from function with non-void return type that has missing return statement","Found an exit path from function with non-void return type that has missing return statement","758","","C:\Users\lawrence\Desktop\School\GATech\Spring 2026\PUBP 6727 Cyber Sec Practicum\SourceCodeRepos\GitHub\SCAMR_Helper_SampleSourceCode\Modules\_testclinic.c","2160","5","",
"2","2.19.0","missingReturn","error","Found an exit path from function with non-void return type that has missing return statement","Found an exit path from function with non-void return type that has missing return statement","758","","C:\Users\lawrence\Desktop\School\GATech\Spring 2026\PUBP 6727 Cyber Sec Practicum\SourceCodeRepos\GitHub\SCAMR_Helper_SampleSourceCode\Modules\_testclinic.c","2176","5","",
"2","2.19.0","missingReturn","error","Found an exit path from function with non-void return type that has missing return statement","Found an exit path from function with non-void return type that has missing return statement","758","","C:\Users\lawrence\Desktop\School\GATech\Spring 2026\PUBP 6727 Cyber Sec Practicum\SourceCodeRepos\GitHub\SCAMR_Helper_SampleSourceCode\Modules\_testclinic.c","2194","5","",
"2","2.19.0","missingReturn","error","Found an exit path from function with non-void return type that has missing return statement","Found an exit path from function with non-void return type that has missing return statement","758","","C:\Users\lawrence\Desktop\School\GATech\Spring 2026\PUBP 6727 Cyber Sec Practicum\SourceCodeRepos\GitHub\SCAMR_Helper_SampleSourceCode\Modules\_testclinic.c","2211","5","",
"2","2.19.0","missingReturn","error","Found an exit path from function with non-void return type that has missing return statement","Found an exit path from function with non-void return type that has missing return statement","758","","C:\Users\lawrence\Desktop\School\GATech\Spring 2026\PUBP 6727 Cyber Sec Practicum\SourceCodeRepos\GitHub\SCAMR_Helper_SampleSourceCode\Modules\_testclinic.c","2229","5","",
"2","2.19.0","missingReturn","error","Found an exit path from function with non-void return type that has missing return statement","Found an exit path from function with non-void return type that has missing return statement","758","","C:\Users\lawrence\Desktop\School\GATech\Spring 2026\PUBP 6727 Cyber Sec Practicum\SourceCodeRepos\GitHub\SCAMR_Helper_SampleSourceCode\Modules\_testclinic.c","2249","5","",
"2","2.19.0","missingReturn","error","Found an exit path from function with non-void return type that has missing return statement","Found an exit path from function with non-void return type that has missing return statement","758","","C:\Users\lawrence\Desktop\School\GATech\Spring 2026\PUBP 6727 Cyber Sec Practicum\SourceCodeRepos\GitHub\SCAMR_Helper_SampleSourceCode\Modules\_testclinic.c","2275","5","",
"2","2.19.0","missingReturn","error","Found an exit path from function with non-void return type that has missing return statement","Found an exit path from function with non-void return type that has missing return statement","758","","C:\Users\lawrence\Desktop\School\GATech\Spring 2026\PUBP 6727 Cyber Sec Practicum\SourceCodeRepos\GitHub\SCAMR_Helper_SampleSourceCode\Modules\_testclinic.c","2301","5","",
"2","2.19.0","constParameterPointer","style","Parameter &#039;obj&#039; can be declared as pointer to const","Parameter &#039;obj&#039; can be declared as pointer to const","398","","C:\Users\lawrence\Desktop\School\GATech\Spring 2026\PUBP 6727 Cyber Sec Practicum\SourceCodeRepos\GitHub\SCAMR_Helper_SampleSourceCode\Modules\_testclinic.c","18","28","",
"2","2.19.0","constParameterPointer","style","Parameter &#039;val&#039; can be declared as pointer to const","Parameter &#039;val&#039; can be declared as pointer to const","398","","C:\Users\lawrence\Desktop\School\GATech\Spring 2026\PUBP 6727 Cyber Sec Practicum\SourceCodeRepos\GitHub\SCAMR_Helper_SampleSourceCode\Modules\_testclinic.c","18","43","",
"2","2.19.0","constParameterPointer","style","Parameter &#039;module&#039; can be declared as pointer to const","Parameter &#039;module&#039; can be declared as pointer to const","398","","C:\Users\lawrence\Desktop\School\GATech\Spring 2026\PUBP 6727 Cyber Sec Practicum\SourceCodeRepos\GitHub\SCAMR_Helper_SampleSourceCode\Modules\_testclinic.c","119","36","",
"2","2.19.0","constParameterPointer","style","Parameter &#039;module&#039; can be declared as pointer to const","Parameter &#039;module&#039; can be declared as pointer to const","398","","C:\Users\lawrence\Desktop\School\GATech\Spring 2026\PUBP 6727 Cyber Sec Practicum\SourceCodeRepos\GitHub\SCAMR_Helper_SampleSourceCode\Modules\_testclinic.c","239","41","",
"2","2.19.0","constParameterPointer","style","Parameter &#039;module&#039; can be declared as pointer to const","Parameter &#039;module&#039; can be declared as pointer to const","398","","C:\Users\lawrence\Desktop\School\GATech\Spring 2026\PUBP 6727 Cyber Sec Practicum\SourceCodeRepos\GitHub\SCAMR_Helper_SampleSourceCode\Modules\_testclinic.c","1255","29","",
"2","2.19.0","constParameterPointer","style","Parameter &#039;pos1&#039; can be declared as pointer to const","Parameter &#039;pos1&#039; can be declared as pointer to const","398","","C:\Users\lawrence\Desktop\School\GATech\Spring 2026\PUBP 6727 Cyber Sec Practicum\SourceCodeRepos\GitHub\SCAMR_Helper_SampleSourceCode\Modules\_testclinic.c","1255","47","",
"2","2.19.0","constParameterPointer","style","Parameter &#039;pos2&#039; can be declared as pointer to const","Parameter &#039;pos2&#039; can be declared as pointer to const","398","","C:\Users\lawrence\Desktop\School\GATech\Spring 2026\PUBP 6727 Cyber Sec Practicum\SourceCodeRepos\GitHub\SCAMR_Helper_SampleSourceCode\Modules\_testclinic.c","1255","63","",
"2","2.19.0","constParameterPointer","style","Parameter &#039;varargs&#039; can be declared as pointer to const","Parameter &#039;varargs&#039; can be declared as pointer to const","398","","C:\Users\lawrence\Desktop\School\GATech\Spring 2026\PUBP 6727 Cyber Sec Practicum\SourceCodeRepos\GitHub\SCAMR_Helper_SampleSourceCode\Modules\_testclinic.c","1256","29","",
"2","2.19.0","constParameterPointer","style","Parameter &#039;kw1&#039; can be declared as pointer to const","Parameter &#039;kw1&#039; can be declared as pointer to const","398","","C:\Users\lawrence\Desktop\School\GATech\Spring 2026\PUBP 6727 Cyber Sec Practicum\SourceCodeRepos\GitHub\SCAMR_Helper_SampleSourceCode\Modules\_testclinic.c","1256","48","",
"2","2.19.0","constParameterPointer","style","Parameter &#039;kw2&#039; can be declared as pointer to const","Parameter &#039;kw2&#039; can be declared as pointer to const","398","","C:\Users\lawrence\Desktop\School\GATech\Spring 2026\PUBP 6727 Cyber Sec Practicum\SourceCodeRepos\GitHub\SCAMR_Helper_SampleSourceCode\Modules\_testclinic.c","1256","63","",
"2","2.19.0","constParameterPointer","style","Parameter &#039;module&#039; can be declared as pointer to const","Parameter &#039;module&#039; can be declared as pointer to const","398","","C:\Users\lawrence\Desktop\School\GATech\Spring 2026\PUBP 6727 Cyber Sec Practicum\SourceCodeRepos\GitHub\SCAMR_Helper_SampleSourceCode\Modules\_testclinic.c","1275","33","",
"2","2.19.0","constParameterPointer","style","Parameter &#039;pos&#039; can be declared as pointer to const","Parameter &#039;pos&#039; can be declared as pointer to const","398","","C:\Users\lawrence\Desktop\School\GATech\Spring 2026\PUBP 6727 Cyber Sec Practicum\SourceCodeRepos\GitHub\SCAMR_Helper_SampleSourceCode\Modules\_testclinic.c","1275","51","",
"2","2.19.0","constParameterPointer","style","Parameter &#039;args&#039; can be declared as pointer to const","Parameter &#039;args&#039; can be declared as pointer to const","398","","C:\Users\lawrence\Desktop\School\GATech\Spring 2026\PUBP 6727 Cyber Sec Practicum\SourceCodeRepos\GitHub\SCAMR_Helper_SampleSourceCode\Modules\_testclinic.c","1275","66","",
"2","2.19.0","constParameterPointer","style","Parameter &#039;kw&#039; can be declared as pointer to const","Parameter &#039;kw&#039; can be declared as pointer to const","398","","C:\Users\lawrence\Desktop\School\GATech\Spring 2026\PUBP 6727 Cyber Sec Practicum\SourceCodeRepos\GitHub\SCAMR_Helper_SampleSourceCode\Modules\_testclinic.c","1276","33","",
"2","2.19.0","constParameterPointer","style","Parameter &#039;module&#039; can be declared as pointer to const","Parameter &#039;module&#039; can be declared as pointer to const","398","","C:\Users\lawrence\Desktop\School\GATech\Spring 2026\PUBP 6727 Cyber Sec Practicum\SourceCodeRepos\GitHub\SCAMR_Helper_SampleSourceCode\Modules\_testclinic.c","1293","34","",
"2","2.19.0","constParameterPointer","style","Parameter &#039;args&#039; can be declared as pointer to const","Parameter &#039;args&#039; can be declared as pointer to const","398","","C:\Users\lawrence\Desktop\School\GATech\Spring 2026\PUBP 6727 Cyber Sec Practicum\SourceCodeRepos\GitHub\SCAMR_Helper_SampleSourceCode\Modules\_testclinic.c","1293","52","",
"2","2.19.0","constParameterPointer","style","Parameter &#039;module&#039; can be declared as pointer to const","Parameter &#039;module&#039; can be declared as pointer to const","398","","C:\Users\lawrence\Desktop\School\GATech\Spring 2026\PUBP 6727 Cyber Sec Practicum\SourceCodeRepos\GitHub\SCAMR_Helper_SampleSourceCode\Modules\_testclinic.c","1312","37","",
"2","2.19.0","constParameterPointer","style","Parameter &#039;a&#039; can be declared as pointer to const","Parameter &#039;a&#039; can be declared as pointer to const","398","","C:\Users\lawrence\Desktop\School\GATech\Spring 2026\PUBP 6727 Cyber Sec Practicum\SourceCodeRepos\GitHub\SCAMR_Helper_SampleSourceCode\Modules\_testclinic.c","1312","51","",
"2","2.19.0","constParameterPointer","style","Parameter &#039;b&#039; can be declared as pointer to const","Parameter &#039;b&#039; can be declared as pointer to const","398","","C:\Users\lawrence\Desktop\School\GATech\Spring 2026\PUBP 6727 Cyber Sec Practicum\SourceCodeRepos\GitHub\SCAMR_Helper_SampleSourceCode\Modules\_testclinic.c","1312","60","",
"2","2.19.0","constParameterPointer","style","Parameter &#039;module&#039; can be declared as pointer to const","Parameter &#039;module&#039; can be declared as pointer to const","398","","C:\Users\lawrence\Desktop\School\GATech\Spring 2026\PUBP 6727 Cyber Sec Practicum\SourceCodeRepos\GitHub\SCAMR_Helper_SampleSourceCode\Modules\_testclinic.c","1345","25","",
"2","2.19.0","constParameterPointer","style","Parameter &#039;module&#039; can be declared as pointer to const","Parameter &#039;module&#039; can be declared as pointer to const","398","","C:\Users\lawrence\Desktop\School\GATech\Spring 2026\PUBP 6727 Cyber Sec Practicum\SourceCodeRepos\GitHub\SCAMR_Helper_SampleSourceCode\Modules\_testclinic.c","1357","25","",
"2","2.19.0","constParameterPointer","style","Parameter &#039;module&#039; can be declared as pointer to const","Parameter &#039;module&#039; can be declared as pointer to const","398","","C:\Users\lawrence\Desktop\School\GATech\Spring 2026\PUBP 6727 Cyber Sec Practicum\SourceCodeRepos\GitHub\SCAMR_Helper_SampleSourceCode\Modules\_testclinic.c","1384","35","",
"2","2.19.0","constParameterPointer","style","Parameter &#039;module&#039; can be declared as pointer to const","Parameter &#039;module&#039; can be declared as pointer to const","398","","C:\Users\lawrence\Desktop\School\GATech\Spring 2026\PUBP 6727 Cyber Sec Practicum\SourceCodeRepos\GitHub\SCAMR_Helper_SampleSourceCode\Modules\_testclinic.c","1396","35","",
"2","2.19.0","constParameterPointer","style","Parameter &#039;type&#039; can be declared as pointer to const","Parameter &#039;type&#039; can be declared as pointer to const","398","","C:\Users\lawrence\Desktop\School\GATech\Spring 2026\PUBP 6727 Cyber Sec Practicum\SourceCodeRepos\GitHub\SCAMR_Helper_SampleSourceCode\Modules\_testclinic.c","1759","36","",
"2","2.19.0","constParameterPointer","style","Parameter &#039;a&#039; can be declared as pointer to const","Parameter &#039;a&#039; can be declared as pointer to const","398","","C:\Users\lawrence\Desktop\School\GATech\Spring 2026\PUBP 6727 Cyber Sec Practicum\SourceCodeRepos\GitHub\SCAMR_Helper_SampleSourceCode\Modules\_testclinic.c","1759","52","",
"2","2.19.0","constParameterPointer","style","Parameter &#039;self&#039; can be declared as pointer to const","Parameter &#039;self&#039; can be declared as pointer to const","398","","C:\Users\lawrence\Desktop\School\GATech\Spring 2026\PUBP 6727 Cyber Sec Practicum\SourceCodeRepos\GitHub\SCAMR_Helper_SampleSourceCode\Modules\_testclinic.c","1789","31","",
"2","2.19.0","constParameterPointer","style","Parameter &#039;a&#039; can be declared as pointer to const","Parameter &#039;a&#039; can be declared as pointer to const","398","","C:\Users\lawrence\Desktop\School\GATech\Spring 2026\PUBP 6727 Cyber Sec Practicum\SourceCodeRepos\GitHub\SCAMR_Helper_SampleSourceCode\Modules\_testclinic.c","1789","47","",
"2","2.19.0","constParameterPointer","style","Parameter &#039;self&#039; can be declared as pointer to const","Parameter &#039;self&#039; can be declared as pointer to const","398","","C:\Users\lawrence\Desktop\School\GATech\Spring 2026\PUBP 6727 Cyber Sec Practicum\SourceCodeRepos\GitHub\SCAMR_Helper_SampleSourceCode\Modules\_testclinic.c","1800","37","",
"2","2.19.0","constParameterPointer","style","Parameter &#039;a&#039; can be declared as pointer to const","Parameter &#039;a&#039; can be declared as pointer to const","398","","C:\Users\lawrence\Desktop\School\GATech\Spring 2026\PUBP 6727 Cyber Sec Practicum\SourceCodeRepos\GitHub\SCAMR_Helper_SampleSourceCode\Modules\_testclinic.c","1800","53","",
"2","2.19.0","constParameterPointer","style","Parameter &#039;self&#039; can be declared as pointer to const","Parameter &#039;self&#039; can be declared as pointer to const","398","","C:\Users\lawrence\Desktop\School\GATech\Spring 2026\PUBP 6727 Cyber Sec Practicum\SourceCodeRepos\GitHub\SCAMR_Helper_SampleSourceCode\Modules\_testclinic.c","1835","40","",
"2","2.19.0","constParameterPointer","style","Parameter &#039;a&#039; can be declared as pointer to const","Parameter &#039;a&#039; can be declared as pointer to const","398","","C:\Users\lawrence\Desktop\School\GATech\Spring 2026\PUBP 6727 Cyber Sec Practicum\SourceCodeRepos\GitHub\SCAMR_Helper_SampleSourceCode\Modules\_testclinic.c","1835","56","",
"2","2.19.0","constParameterPointer","style","Parameter &#039;b&#039; can be declared as pointer to const","Parameter &#039;b&#039; can be declared as pointer to const","398","","C:\Users\lawrence\Desktop\School\GATech\Spring 2026\PUBP 6727 Cyber Sec Practicum\SourceCodeRepos\GitHub\SCAMR_Helper_SampleSourceCode\Modules\_testclinic.c","1835","69","",
"2","2.19.0","constParameterPointer","style","Parameter &#039;c&#039; can be declared as pointer to const","Parameter &#039;c&#039; can be declared as pointer to const","398","","C:\Users\lawrence\Desktop\School\GATech\Spring 2026\PUBP 6727 Cyber Sec Practicum\SourceCodeRepos\GitHub\SCAMR_Helper_SampleSourceCode\Modules\_testclinic.c","1836","40","",
"2","2.19.0","constParameterPointer","style","Parameter &#039;self&#039; can be declared as pointer to const","Parameter &#039;self&#039; can be declared as pointer to const","398","","C:\Users\lawrence\Desktop\School\GATech\Spring 2026\PUBP 6727 Cyber Sec Practicum\SourceCodeRepos\GitHub\SCAMR_Helper_SampleSourceCode\Modules\_testclinic.c","1886","30","",
"2","2.19.0","constParameterPointer","style","Parameter &#039;a&#039; can be declared as pointer to const","Parameter &#039;a&#039; can be declared as pointer to const","398","","C:\Users\lawrence\Desktop\School\GATech\Spring 2026\PUBP 6727 Cyber Sec Practicum\SourceCodeRepos\GitHub\SCAMR_Helper_SampleSourceCode\Modules\_testclinic.c","1886","46","",
"2","2.19.0","constParameterPointer","style","Parameter &#039;self&#039; can be declared as pointer to const","Parameter &#039;self&#039; can be declared as pointer to const","398","","C:\Users\lawrence\Desktop\School\GATech\Spring 2026\PUBP 6727 Cyber Sec Practicum\SourceCodeRepos\GitHub\SCAMR_Helper_SampleSourceCode\Modules\_testclinic.c","1915","39","",
"2","2.19.0","constParameterPointer","style","Parameter &#039;a&#039; can be declared as pointer to const","Parameter &#039;a&#039; can be declared as pointer to const","398","","C:\Users\lawrence\Desktop\School\GATech\Spring 2026\PUBP 6727 Cyber Sec Practicum\SourceCodeRepos\GitHub\SCAMR_Helper_SampleSourceCode\Modules\_testclinic.c","1915","55","",
"2","2.19.0","constParameterPointer","style","Parameter &#039;b&#039; can be declared as pointer to const","Parameter &#039;b&#039; can be declared as pointer to const","398","","C:\Users\lawrence\Desktop\School\GATech\Spring 2026\PUBP 6727 Cyber Sec Practicum\SourceCodeRepos\GitHub\SCAMR_Helper_SampleSourceCode\Modules\_testclinic.c","1915","68","",
"2","2.19.0","constParameterPointer","style","Parameter &#039;c&#039; can be declared as pointer to const","Parameter &#039;c&#039; can be declared as pointer to const","398","","C:\Users\lawrence\Desktop\School\GATech\Spring 2026\PUBP 6727 Cyber Sec Practicum\SourceCodeRepos\GitHub\SCAMR_Helper_SampleSourceCode\Modules\_testclinic.c","1916","39","",
"2","2.19.0","constParameterPointer","style","Parameter &#039;module&#039; can be declared as pointer to const","Parameter &#039;module&#039; can be declared as pointer to const","398","","C:\Users\lawrence\Desktop\School\GATech\Spring 2026\PUBP 6727 Cyber Sec Practicum\SourceCodeRepos\GitHub\SCAMR_Helper_SampleSourceCode\Modules\_testclinic.c","1939","36","",
"2","2.19.0","constParameterPointer","style","Parameter &#039;a&#039; can be declared as pointer to const","Parameter &#039;a&#039; can be declared as pointer to const","398","","C:\Users\lawrence\Desktop\School\GATech\Spring 2026\PUBP 6727 Cyber Sec Practicum\SourceCodeRepos\GitHub\SCAMR_Helper_SampleSourceCode\Modules\_testclinic.c","1939","54","",
"2","2.19.0","constParameterPointer","style","Parameter &#039;module&#039; can be declared as pointer to const","Parameter &#039;module&#039; can be declared as pointer to const","398","","C:\Users\lawrence\Desktop\School\GATech\Spring 2026\PUBP 6727 Cyber Sec Practicum\SourceCodeRepos\GitHub\SCAMR_Helper_SampleSourceCode\Modules\_testclinic.c","1954","36","",
"2","2.19.0","constParameterPointer","style","Parameter &#039;a&#039; can be declared as pointer to const","Parameter &#039;a&#039; can be declared as pointer to const","398","","C:\Users\lawrence\Desktop\School\GATech\Spring 2026\PUBP 6727 Cyber Sec Practicum\SourceCodeRepos\GitHub\SCAMR_Helper_SampleSourceCode\Modules\_testclinic.c","1954","54","",
"2","2.19.0","constParameterPointer","style","Parameter &#039;b&#039; can be declared as pointer to const","Parameter &#039;b&#039; can be declared as pointer to const","398","","C:\Users\lawrence\Desktop\School\GATech\Spring 2026\PUBP 6727 Cyber Sec Practicum\SourceCodeRepos\GitHub\SCAMR_Helper_SampleSourceCode\Modules\_testclinic.c","1954","67","",
"2","2.19.0","constParameterPointer","style","Parameter &#039;module&#039; can be declared as pointer to const","Parameter &#039;module&#039; can be declared as pointer to const","398","","C:\Users\lawrence\Desktop\School\GATech\Spring 2026\PUBP 6727 Cyber Sec Practicum\SourceCodeRepos\GitHub\SCAMR_Helper_SampleSourceCode\Modules\_testclinic.c","1972","45","",
"2","2.19.0","constParameterPointer","style","Parameter &#039;a&#039; can be declared as pointer to const","Parameter &#039;a&#039; can be declared as pointer to const","398","","C:\Users\lawrence\Desktop\School\GATech\Spring 2026\PUBP 6727 Cyber Sec Practicum\SourceCodeRepos\GitHub\SCAMR_Helper_SampleSourceCode\Modules\_testclinic.c","1972","63","",
"2","2.19.0","constParameterPointer","style","Parameter &#039;b&#039; can be declared as pointer to const","Parameter &#039;b&#039; can be declared as pointer to const","398","","C:\Users\lawrence\Desktop\School\GATech\Spring 2026\PUBP 6727 Cyber Sec Practicum\SourceCodeRepos\GitHub\SCAMR_Helper_SampleSourceCode\Modules\_testclinic.c","1972","76","",
"2","2.19.0","constParameterPointer","style","Parameter &#039;c&#039; can be declared as pointer to const","Parameter &#039;c&#039; can be declared as pointer to const","398","","C:\Users\lawrence\Desktop\School\GATech\Spring 2026\PUBP 6727 Cyber Sec Practicum\SourceCodeRepos\GitHub\SCAMR_Helper_SampleSourceCode\Modules\_testclinic.c","1973","45","",
"2","2.19.0","constParameterPointer","style","Parameter &#039;d&#039; can be declared as pointer to const","Parameter &#039;d&#039; can be declared as pointer to const","398","","C:\Users\lawrence\Desktop\School\GATech\Spring 2026\PUBP 6727 Cyber Sec Practicum\SourceCodeRepos\GitHub\SCAMR_Helper_SampleSourceCode\Modules\_testclinic.c","1973","58","",
"2","2.19.0","constParameterPointer","style","Parameter &#039;module&#039; can be declared as pointer to const","Parameter &#039;module&#039; can be declared as pointer to const","398","","C:\Users\lawrence\Desktop\School\GATech\Spring 2026\PUBP 6727 Cyber Sec Practicum\SourceCodeRepos\GitHub\SCAMR_Helper_SampleSourceCode\Modules\_testclinic.c","1988","40","",
"2","2.19.0","constParameterPointer","style","Parameter &#039;a&#039; can be declared as pointer to const","Parameter &#039;a&#039; can be declared as pointer to const","398","","C:\Users\lawrence\Desktop\School\GATech\Spring 2026\PUBP 6727 Cyber Sec Practicum\SourceCodeRepos\GitHub\SCAMR_Helper_SampleSourceCode\Modules\_testclinic.c","1988","58","",
"2","2.19.0","constParameterPointer","style","Parameter &#039;b&#039; can be declared as pointer to const","Parameter &#039;b&#039; can be declared as pointer to const","398","","C:\Users\lawrence\Desktop\School\GATech\Spring 2026\PUBP 6727 Cyber Sec Practicum\SourceCodeRepos\GitHub\SCAMR_Helper_SampleSourceCode\Modules\_testclinic.c","1988","71","",
"2","2.19.0","constParameterPointer","style","Parameter &#039;module&#039; can be declared as pointer to const","Parameter &#039;module&#039; can be declared as pointer to const","398","","C:\Users\lawrence\Desktop\School\GATech\Spring 2026\PUBP 6727 Cyber Sec Practicum\SourceCodeRepos\GitHub\SCAMR_Helper_SampleSourceCode\Modules\_testclinic.c","2003","36","",
"2","2.19.0","constParameterPointer","style","Parameter &#039;a&#039; can be declared as pointer to const","Parameter &#039;a&#039; can be declared as pointer to const","398","","C:\Users\lawrence\Desktop\School\GATech\Spring 2026\PUBP 6727 Cyber Sec Practicum\SourceCodeRepos\GitHub\SCAMR_Helper_SampleSourceCode\Modules\_testclinic.c","2003","54","",
"2","2.19.0","constParameterPointer","style","Parameter &#039;b&#039; can be declared as pointer to const","Parameter &#039;b&#039; can be declared as pointer to const","398","","C:\Users\lawrence\Desktop\School\GATech\Spring 2026\PUBP 6727 Cyber Sec Practicum\SourceCodeRepos\GitHub\SCAMR_Helper_SampleSourceCode\Modules\_testclinic.c","2003","67","",
"2","2.19.0","constParameterPointer","style","Parameter &#039;module&#039; can be declared as pointer to const","Parameter &#039;module&#039; can be declared as pointer to const","398","","C:\Users\lawrence\Desktop\School\GATech\Spring 2026\PUBP 6727 Cyber Sec Practicum\SourceCodeRepos\GitHub\SCAMR_Helper_SampleSourceCode\Modules\_testclinic.c","2021","45","",
"2","2.19.0","constParameterPointer","style","Parameter &#039;a&#039; can be declared as pointer to const","Parameter &#039;a&#039; can be declared as pointer to const","398","","C:\Users\lawrence\Desktop\School\GATech\Spring 2026\PUBP 6727 Cyber Sec Practicum\SourceCodeRepos\GitHub\SCAMR_Helper_SampleSourceCode\Modules\_testclinic.c","2021","63","",
"2","2.19.0","constParameterPointer","style","Parameter &#039;b&#039; can be declared as pointer to const","Parameter &#039;b&#039; can be declared as pointer to const","398","","C:\Users\lawrence\Desktop\School\GATech\Spring 2026\PUBP 6727 Cyber Sec Practicum\SourceCodeRepos\GitHub\SCAMR_Helper_SampleSourceCode\Modules\_testclinic.c","2021","76","",
"2","2.19.0","constParameterPointer","style","Parameter &#039;c&#039; can be declared as pointer to const","Parameter &#039;c&#039; can be declared as pointer to const","398","","C:\Users\lawrence\Desktop\School\GATech\Spring 2026\PUBP 6727 Cyber Sec Practicum\SourceCodeRepos\GitHub\SCAMR_Helper_SampleSourceCode\Modules\_testclinic.c","2022","45","",
"2","2.19.0","constParameterPointer","style","Parameter &#039;d&#039; can be declared as pointer to const","Parameter &#039;d&#039; can be declared as pointer to const","398","","C:\Users\lawrence\Desktop\School\GATech\Spring 2026\PUBP 6727 Cyber Sec Practicum\SourceCodeRepos\GitHub\SCAMR_Helper_SampleSourceCode\Modules\_testclinic.c","2022","58","",
"2","2.19.0","constParameterPointer","style","Parameter &#039;module&#039; can be declared as pointer to const","Parameter &#039;module&#039; can be declared as pointer to const","398","","C:\Users\lawrence\Desktop\School\GATech\Spring 2026\PUBP 6727 Cyber Sec Practicum\SourceCodeRepos\GitHub\SCAMR_Helper_SampleSourceCode\Modules\_testclinic.c","2038","36","",
"2","2.19.0","constParameterPointer","style","Parameter &#039;a&#039; can be declared as pointer to const","Parameter &#039;a&#039; can be declared as pointer to const","398","","C:\Users\lawrence\Desktop\School\GATech\Spring 2026\PUBP 6727 Cyber Sec Practicum\SourceCodeRepos\GitHub\SCAMR_Helper_SampleSourceCode\Modules\_testclinic.c","2038","54","",
"2","2.19.0","constParameterPointer","style","Parameter &#039;b&#039; can be declared as pointer to const","Parameter &#039;b&#039; can be declared as pointer to const","398","","C:\Users\lawrence\Desktop\School\GATech\Spring 2026\PUBP 6727 Cyber Sec Practicum\SourceCodeRepos\GitHub\SCAMR_Helper_SampleSourceCode\Modules\_testclinic.c","2038","67","",
"2","2.19.0","constParameterPointer","style","Parameter &#039;c&#039; can be declared as pointer to const","Parameter &#039;c&#039; can be declared as pointer to const","398","","C:\Users\lawrence\Desktop\School\GATech\Spring 2026\PUBP 6727 Cyber Sec Practicum\SourceCodeRepos\GitHub\SCAMR_Helper_SampleSourceCode\Modules\_testclinic.c","2039","36","",
"2","2.19.0","constParameterPointer","style","Parameter &#039;module&#039; can be declared as pointer to const","Parameter &#039;module&#039; can be declared as pointer to const","398","","C:\Users\lawrence\Desktop\School\GATech\Spring 2026\PUBP 6727 Cyber Sec Practicum\SourceCodeRepos\GitHub\SCAMR_Helper_SampleSourceCode\Modules\_testclinic.c","2056","36","",
"2","2.19.0","constParameterPointer","style","Parameter &#039;a&#039; can be declared as pointer to const","Parameter &#039;a&#039; can be declared as pointer to const","398","","C:\Users\lawrence\Desktop\School\GATech\Spring 2026\PUBP 6727 Cyber Sec Practicum\SourceCodeRepos\GitHub\SCAMR_Helper_SampleSourceCode\Modules\_testclinic.c","2056","54","",
"2","2.19.0","constParameterPointer","style","Parameter &#039;b&#039; can be declared as pointer to const","Parameter &#039;b&#039; can be declared as pointer to const","398","","C:\Users\lawrence\Desktop\School\GATech\Spring 2026\PUBP 6727 Cyber Sec Practicum\SourceCodeRepos\GitHub\SCAMR_Helper_SampleSourceCode\Modules\_testclinic.c","2056","67","",
"2","2.19.0","constParameterPointer","style","Parameter &#039;c&#039; can be declared as pointer to const","Parameter &#039;c&#039; can be declared as pointer to const","398","","C:\Users\lawrence\Desktop\School\GATech\Spring 2026\PUBP 6727 Cyber Sec Practicum\SourceCodeRepos\GitHub\SCAMR_Helper_SampleSourceCode\Modules\_testclinic.c","2057","36","",
"2","2.19.0","constParameterPointer","style","Parameter &#039;d&#039; can be declared as pointer to const","Parameter &#039;d&#039; can be declared as pointer to const","398","","C:\Users\lawrence\Desktop\School\GATech\Spring 2026\PUBP 6727 Cyber Sec Practicum\SourceCodeRepos\GitHub\SCAMR_Helper_SampleSourceCode\Modules\_testclinic.c","2057","49","",
"2","2.19.0","constParameterPointer","style","Parameter &#039;module&#039; can be declared as pointer to const","Parameter &#039;module&#039; can be declared as pointer to const","398","","C:\Users\lawrence\Desktop\School\GATech\Spring 2026\PUBP 6727 Cyber Sec Practicum\SourceCodeRepos\GitHub\SCAMR_Helper_SampleSourceCode\Modules\_testclinic.c","2076","45","",
"2","2.19.0","constParameterPointer","style","Parameter &#039;a&#039; can be declared as pointer to const","Parameter &#039;a&#039; can be declared as pointer to const","398","","C:\Users\lawrence\Desktop\School\GATech\Spring 2026\PUBP 6727 Cyber Sec Practicum\SourceCodeRepos\GitHub\SCAMR_Helper_SampleSourceCode\Modules\_testclinic.c","2076","63","",
"2","2.19.0","constParameterPointer","style","Parameter &#039;b&#039; can be declared as pointer to const","Parameter &#039;b&#039; can be declared as pointer to const","398","","C:\Users\lawrence\Desktop\School\GATech\Spring 2026\PUBP 6727 Cyber Sec Practicum\SourceCodeRepos\GitHub\SCAMR_Helper_SampleSourceCode\Modules\_testclinic.c","2076","76","",
"2","2.19.0","constParameterPointer","style","Parameter &#039;c&#039; can be declared as pointer to const","Parameter &#039;c&#039; can be declared as pointer to const","398","","C:\Users\lawrence\Desktop\School\GATech\Spring 2026\PUBP 6727 Cyber Sec Practicum\SourceCodeRepos\GitHub\SCAMR_Helper_SampleSourceCode\Modules\_testclinic.c","2077","45","",
"2","2.19.0","constParameterPointer","style","Parameter &#039;d&#039; can be declared as pointer to const","Parameter &#039;d&#039; can be declared as pointer to const","398","","C:\Users\lawrence\Desktop\School\GATech\Spring 2026\PUBP 6727 Cyber Sec Practicum\SourceCodeRepos\GitHub\SCAMR_Helper_SampleSourceCode\Modules\_testclinic.c","2077","58","",
"2","2.19.0","constParameterPointer","style","Parameter &#039;e&#039; can be declared as pointer to const","Parameter &#039;e&#039; can be declared as pointer to const","398","","C:\Users\lawrence\Desktop\School\GATech\Spring 2026\PUBP 6727 Cyber Sec Practicum\SourceCodeRepos\GitHub\SCAMR_Helper_SampleSourceCode\Modules\_testclinic.c","2077","71","",
"2","2.19.0","constParameterPointer","style","Parameter &#039;module&#039; can be declared as pointer to const","Parameter &#039;module&#039; can be declared as pointer to const","398","","C:\Users\lawrence\Desktop\School\GATech\Spring 2026\PUBP 6727 Cyber Sec Practicum\SourceCodeRepos\GitHub\SCAMR_Helper_SampleSourceCode\Modules\_testclinic.c","2096","35","",
"2","2.19.0","constParameterPointer","style","Parameter &#039;a&#039; can be declared as pointer to const","Parameter &#039;a&#039; can be declared as pointer to const","398","","C:\Users\lawrence\Desktop\School\GATech\Spring 2026\PUBP 6727 Cyber Sec Practicum\SourceCodeRepos\GitHub\SCAMR_Helper_SampleSourceCode\Modules\_testclinic.c","2096","53","",
"2","2.19.0","constParameterPointer","style","Parameter &#039;b&#039; can be declared as pointer to const","Parameter &#039;b&#039; can be declared as pointer to const","398","","C:\Users\lawrence\Desktop\School\GATech\Spring 2026\PUBP 6727 Cyber Sec Practicum\SourceCodeRepos\GitHub\SCAMR_Helper_SampleSourceCode\Modules\_testclinic.c","2096","66","",
"2","2.19.0","constParameterPointer","style","Parameter &#039;c&#039; can be declared as pointer to const","Parameter &#039;c&#039; can be declared as pointer to const","398","","C:\Users\lawrence\Desktop\School\GATech\Spring 2026\PUBP 6727 Cyber Sec Practicum\SourceCodeRepos\GitHub\SCAMR_Helper_SampleSourceCode\Modules\_testclinic.c","2097","35","",
"2","2.19.0","constParameterPointer","style","Parameter &#039;module&#039; can be declared as pointer to const","Parameter &#039;module&#039; can be declared as pointer to const","398","","C:\Users\lawrence\Desktop\School\GATech\Spring 2026\PUBP 6727 Cyber Sec Practicum\SourceCodeRepos\GitHub\SCAMR_Helper_SampleSourceCode\Modules\_testclinic.c","2121","32","",
"2","2.19.0","constParameterPointer","style","Parameter &#039;a&#039; can be declared as pointer to const","Parameter &#039;a&#039; can be declared as pointer to const","398","","C:\Users\lawrence\Desktop\School\GATech\Spring 2026\PUBP 6727 Cyber Sec Practicum\SourceCodeRepos\GitHub\SCAMR_Helper_SampleSourceCode\Modules\_testclinic.c","2121","50","",
"2","2.19.0","constParameterPointer","style","Parameter &#039;b&#039; can be declared as pointer to const","Parameter &#039;b&#039; can be declared as pointer to const","398","","C:\Users\lawrence\Desktop\School\GATech\Spring 2026\PUBP 6727 Cyber Sec Practicum\SourceCodeRepos\GitHub\SCAMR_Helper_SampleSourceCode\Modules\_testclinic.c","2121","63","",
"2","2.19.0","constParameterPointer","style","Parameter &#039;c&#039; can be declared as pointer to const","Parameter &#039;c&#039; can be declared as pointer to const","398","","C:\Users\lawrence\Desktop\School\GATech\Spring 2026\PUBP 6727 Cyber Sec Practicum\SourceCodeRepos\GitHub\SCAMR_Helper_SampleSourceCode\Modules\_testclinic.c","2121","76","",
"2","2.19.0","constParameterPointer","style","Parameter &#039;d&#039; can be declared as pointer to const","Parameter &#039;d&#039; can be declared as pointer to const","398","","C:\Users\lawrence\Desktop\School\GATech\Spring 2026\PUBP 6727 Cyber Sec Practicum\SourceCodeRepos\GitHub\SCAMR_Helper_SampleSourceCode\Modules\_testclinic.c","2122","32","",
"2","2.19.0","constParameterPointer","style","Parameter &#039;e&#039; can be declared as pointer to const","Parameter &#039;e&#039; can be declared as pointer to const","398","","C:\Users\lawrence\Desktop\School\GATech\Spring 2026\PUBP 6727 Cyber Sec Practicum\SourceCodeRepos\GitHub\SCAMR_Helper_SampleSourceCode\Modules\_testclinic.c","2122","45","",
"2","2.19.0","constParameterPointer","style","Parameter &#039;f&#039; can be declared as pointer to const","Parameter &#039;f&#039; can be declared as pointer to const","398","","C:\Users\lawrence\Desktop\School\GATech\Spring 2026\PUBP 6727 Cyber Sec Practicum\SourceCodeRepos\GitHub\SCAMR_Helper_SampleSourceCode\Modules\_testclinic.c","2122","58","",
"2","2.19.0","constParameterPointer","style","Parameter &#039;g&#039; can be declared as pointer to const","Parameter &#039;g&#039; can be declared as pointer to const","398","","C:\Users\lawrence\Desktop\School\GATech\Spring 2026\PUBP 6727 Cyber Sec Practicum\SourceCodeRepos\GitHub\SCAMR_Helper_SampleSourceCode\Modules\_testclinic.c","2122","71","",
"2","2.19.0","constParameterPointer","style","Parameter &#039;h&#039; can be declared as pointer to const","Parameter &#039;h&#039; can be declared as pointer to const","398","","C:\Users\lawrence\Desktop\School\GATech\Spring 2026\PUBP 6727 Cyber Sec Practicum\SourceCodeRepos\GitHub\SCAMR_Helper_SampleSourceCode\Modules\_testclinic.c","2123","32","",
"2","2.19.0","constParameterPointer","style","Parameter &#039;module&#039; can be declared as pointer to const","Parameter &#039;module&#039; can be declared as pointer to const","398","","C:\Users\lawrence\Desktop\School\GATech\Spring 2026\PUBP 6727 Cyber Sec Practicum\SourceCodeRepos\GitHub\SCAMR_Helper_SampleSourceCode\Modules\_testclinic.c","2139","36","",
"2","2.19.0","constParameterPointer","style","Parameter &#039;a&#039; can be declared as pointer to const","Parameter &#039;a&#039; can be declared as pointer to const","398","","C:\Users\lawrence\Desktop\School\GATech\Spring 2026\PUBP 6727 Cyber Sec Practicum\SourceCodeRepos\GitHub\SCAMR_Helper_SampleSourceCode\Modules\_testclinic.c","2139","54","",
"2","2.19.0","constParameterPointer","style","Parameter &#039;b&#039; can be declared as pointer to const","Parameter &#039;b&#039; can be declared as pointer to const","398","","C:\Users\lawrence\Desktop\School\GATech\Spring 2026\PUBP 6727 Cyber Sec Practicum\SourceCodeRepos\GitHub\SCAMR_Helper_SampleSourceCode\Modules\_testclinic.c","2139","67","",
"2","2.19.0","constParameterPointer","style","Parameter &#039;module&#039; can be declared as pointer to const","Parameter &#039;module&#039; can be declared as pointer to const","398","","C:\Users\lawrence\Desktop\School\GATech\Spring 2026\PUBP 6727 Cyber Sec Practicum\SourceCodeRepos\GitHub\SCAMR_Helper_SampleSourceCode\Modules\_testclinic.c","2156","36","",
"2","2.19.0","constParameterPointer","style","Parameter &#039;a&#039; can be declared as pointer to const","Parameter &#039;a&#039; can be declared as pointer to const","398","","C:\Users\lawrence\Desktop\School\GATech\Spring 2026\PUBP 6727 Cyber Sec Practicum\SourceCodeRepos\GitHub\SCAMR_Helper_SampleSourceCode\Modules\_testclinic.c","2156","54","",
"2","2.19.0","constParameterPointer","style","Parameter &#039;b&#039; can be declared as pointer to const","Parameter &#039;b&#039; can be declared as pointer to const","398","","C:\Users\lawrence\Desktop\School\GATech\Spring 2026\PUBP 6727 Cyber Sec Practicum\SourceCodeRepos\GitHub\SCAMR_Helper_SampleSourceCode\Modules\_testclinic.c","2156","67","",
"2","2.19.0","constParameterPointer","style","Parameter &#039;c&#039; can be declared as pointer to const","Parameter &#039;c&#039; can be declared as pointer to const","398","","C:\Users\lawrence\Desktop\School\GATech\Spring 2026\PUBP 6727 Cyber Sec Practicum\SourceCodeRepos\GitHub\SCAMR_Helper_SampleSourceCode\Modules\_testclinic.c","2157","36","",
"2","2.19.0","constParameterPointer","style","Parameter &#039;module&#039; can be declared as pointer to const","Parameter &#039;module&#039; can be declared as pointer to const","398","","C:\Users\lawrence\Desktop\School\GATech\Spring 2026\PUBP 6727 Cyber Sec Practicum\SourceCodeRepos\GitHub\SCAMR_Helper_SampleSourceCode\Modules\_testclinic.c","2173","36","",
"2","2.19.0","constParameterPointer","style","Parameter &#039;a&#039; can be declared as pointer to const","Parameter &#039;a&#039; can be declared as pointer to const","398","","C:\Users\lawrence\Desktop\School\GATech\Spring 2026\PUBP 6727 Cyber Sec Practicum\SourceCodeRepos\GitHub\SCAMR_Helper_SampleSourceCode\Modules\_testclinic.c","2173","54","",
"2","2.19.0","constParameterPointer","style","Parameter &#039;b&#039; can be declared as pointer to const","Parameter &#039;b&#039; can be declared as pointer to const","398","","C:\Users\lawrence\Desktop\School\GATech\Spring 2026\PUBP 6727 Cyber Sec Practicum\SourceCodeRepos\GitHub\SCAMR_Helper_SampleSourceCode\Modules\_testclinic.c","2173","67","",
"2","2.19.0","constParameterPointer","style","Parameter &#039;module&#039; can be declared as pointer to const","Parameter &#039;module&#039; can be declared as pointer to const","398","","C:\Users\lawrence\Desktop\School\GATech\Spring 2026\PUBP 6727 Cyber Sec Practicum\SourceCodeRepos\GitHub\SCAMR_Helper_SampleSourceCode\Modules\_testclinic.c","2190","36","",
"2","2.19.0","constParameterPointer","style","Parameter &#039;a&#039; can be declared as pointer to const","Parameter &#039;a&#039; can be declared as pointer to const","398","","C:\Users\lawrence\Desktop\School\GATech\Spring 2026\PUBP 6727 Cyber Sec Practicum\SourceCodeRepos\GitHub\SCAMR_Helper_SampleSourceCode\Modules\_testclinic.c","2190","54","",
"2","2.19.0","constParameterPointer","style","Parameter &#039;b&#039; can be declared as pointer to const","Parameter &#039;b&#039; can be declared as pointer to const","398","","C:\Users\lawrence\Desktop\School\GATech\Spring 2026\PUBP 6727 Cyber Sec Practicum\SourceCodeRepos\GitHub\SCAMR_Helper_SampleSourceCode\Modules\_testclinic.c","2190","67","",
"2","2.19.0","constParameterPointer","style","Parameter &#039;c&#039; can be declared as pointer to const","Parameter &#039;c&#039; can be declared as pointer to const","398","","C:\Users\lawrence\Desktop\School\GATech\Spring 2026\PUBP 6727 Cyber Sec Practicum\SourceCodeRepos\GitHub\SCAMR_Helper_SampleSourceCode\Modules\_testclinic.c","2191","36","",
"2","2.19.0","constParameterPointer","style","Parameter &#039;module&#039; can be declared as pointer to const","Parameter &#039;module&#039; can be declared as pointer to const","398","","C:\Users\lawrence\Desktop\School\GATech\Spring 2026\PUBP 6727 Cyber Sec Practicum\SourceCodeRepos\GitHub\SCAMR_Helper_SampleSourceCode\Modules\_testclinic.c","2207","36","",
"2","2.19.0","constParameterPointer","style","Parameter &#039;a&#039; can be declared as pointer to const","Parameter &#039;a&#039; can be declared as pointer to const","398","","C:\Users\lawrence\Desktop\School\GATech\Spring 2026\PUBP 6727 Cyber Sec Practicum\SourceCodeRepos\GitHub\SCAMR_Helper_SampleSourceCode\Modules\_testclinic.c","2207","54","",
"2","2.19.0","constParameterPointer","style","Parameter &#039;b&#039; can be declared as pointer to const","Parameter &#039;b&#039; can be declared as pointer to const","398","","C:\Users\lawrence\Desktop\School\GATech\Spring 2026\PUBP 6727 Cyber Sec Practicum\SourceCodeRepos\GitHub\SCAMR_Helper_SampleSourceCode\Modules\_testclinic.c","2207","67","",
"2","2.19.0","constParameterPointer","style","Parameter &#039;c&#039; can be declared as pointer to const","Parameter &#039;c&#039; can be declared as pointer to const","398","","C:\Users\lawrence\Desktop\School\GATech\Spring 2026\PUBP 6727 Cyber Sec Practicum\SourceCodeRepos\GitHub\SCAMR_Helper_SampleSourceCode\Modules\_testclinic.c","2208","36","",
"2","2.19.0","constParameterPointer","style","Parameter &#039;module&#039; can be declared as pointer to const","Parameter &#039;module&#039; can be declared as pointer to const","398","","C:\Users\lawrence\Desktop\School\GATech\Spring 2026\PUBP 6727 Cyber Sec Practicum\SourceCodeRepos\GitHub\SCAMR_Helper_SampleSourceCode\Modules\_testclinic.c","2225","43","",
"2","2.19.0","constParameterPointer","style","Parameter &#039;a&#039; can be declared as pointer to const","Parameter &#039;a&#039; can be declared as pointer to const","398","","C:\Users\lawrence\Desktop\School\GATech\Spring 2026\PUBP 6727 Cyber Sec Practicum\SourceCodeRepos\GitHub\SCAMR_Helper_SampleSourceCode\Modules\_testclinic.c","2225","61","",
"2","2.19.0","constParameterPointer","style","Parameter &#039;b&#039; can be declared as pointer to const","Parameter &#039;b&#039; can be declared as pointer to const","398","","C:\Users\lawrence\Desktop\School\GATech\Spring 2026\PUBP 6727 Cyber Sec Practicum\SourceCodeRepos\GitHub\SCAMR_Helper_SampleSourceCode\Modules\_testclinic.c","2225","74","",
"2","2.19.0","constParameterPointer","style","Parameter &#039;c&#039; can be declared as pointer to const","Parameter &#039;c&#039; can be declared as pointer to const","398","","C:\Users\lawrence\Desktop\School\GATech\Spring 2026\PUBP 6727 Cyber Sec Practicum\SourceCodeRepos\GitHub\SCAMR_Helper_SampleSourceCode\Modules\_testclinic.c","2226","43","",
"2","2.19.0","constParameterPointer","style","Parameter &#039;module&#039; can be declared as pointer to const","Parameter &#039;module&#039; can be declared as pointer to const","398","","C:\Users\lawrence\Desktop\School\GATech\Spring 2026\PUBP 6727 Cyber Sec Practicum\SourceCodeRepos\GitHub\SCAMR_Helper_SampleSourceCode\Modules\_testclinic.c","2245","34","",
"2","2.19.0","constParameterPointer","style","Parameter &#039;a&#039; can be declared as pointer to const","Parameter &#039;a&#039; can be declared as pointer to const","398","","C:\Users\lawrence\Desktop\School\GATech\Spring 2026\PUBP 6727 Cyber Sec Practicum\SourceCodeRepos\GitHub\SCAMR_Helper_SampleSourceCode\Modules\_testclinic.c","2245","52","",
"2","2.19.0","constParameterPointer","style","Parameter &#039;b&#039; can be declared as pointer to const","Parameter &#039;b&#039; can be declared as pointer to const","398","","C:\Users\lawrence\Desktop\School\GATech\Spring 2026\PUBP 6727 Cyber Sec Practicum\SourceCodeRepos\GitHub\SCAMR_Helper_SampleSourceCode\Modules\_testclinic.c","2245","65","",
"2","2.19.0","constParameterPointer","style","Parameter &#039;c&#039; can be declared as pointer to const","Parameter &#039;c&#039; can be declared as pointer to const","398","","C:\Users\lawrence\Desktop\School\GATech\Spring 2026\PUBP 6727 Cyber Sec Practicum\SourceCodeRepos\GitHub\SCAMR_Helper_SampleSourceCode\Modules\_testclinic.c","2246","34","",
"2","2.19.0","constParameterPointer","style","Parameter &#039;module&#039; can be declared as pointer to const","Parameter &#039;module&#039; can be declared as pointer to const","398","","C:\Users\lawrence\Desktop\School\GATech\Spring 2026\PUBP 6727 Cyber Sec Practicum\SourceCodeRepos\GitHub\SCAMR_Helper_SampleSourceCode\Modules\_testclinic.c","2270","31","",
"2","2.19.0","constParameterPointer","style","Parameter &#039;a&#039; can be declared as pointer to const","Parameter &#039;a&#039; can be declared as pointer to const","398","","C:\Users\lawrence\Desktop\School\GATech\Spring 2026\PUBP 6727 Cyber Sec Practicum\SourceCodeRepos\GitHub\SCAMR_Helper_SampleSourceCode\Modules\_testclinic.c","2270","49","",
"2","2.19.0","constParameterPointer","style","Parameter &#039;b&#039; can be declared as pointer to const","Parameter &#039;b&#039; can be declared as pointer to const","398","","C:\Users\lawrence\Desktop\School\GATech\Spring 2026\PUBP 6727 Cyber Sec Practicum\SourceCodeRepos\GitHub\SCAMR_Helper_SampleSourceCode\Modules\_testclinic.c","2270","62","",
"2","2.19.0","constParameterPointer","style","Parameter &#039;c&#039; can be declared as pointer to const","Parameter &#039;c&#039; can be declared as pointer to const","398","","C:\Users\lawrence\Desktop\School\GATech\Spring 2026\PUBP 6727 Cyber Sec Practicum\SourceCodeRepos\GitHub\SCAMR_Helper_SampleSourceCode\Modules\_testclinic.c","2270","75","",
"2","2.19.0","constParameterPointer","style","Parameter &#039;d&#039; can be declared as pointer to const","Parameter &#039;d&#039; can be declared as pointer to const","398","","C:\Users\lawrence\Desktop\School\GATech\Spring 2026\PUBP 6727 Cyber Sec Practicum\SourceCodeRepos\GitHub\SCAMR_Helper_SampleSourceCode\Modules\_testclinic.c","2271","31","",
"2","2.19.0","constParameterPointer","style","Parameter &#039;e&#039; can be declared as pointer to const","Parameter &#039;e&#039; can be declared as pointer to const","398","","C:\Users\lawrence\Desktop\School\GATech\Spring 2026\PUBP 6727 Cyber Sec Practicum\SourceCodeRepos\GitHub\SCAMR_Helper_SampleSourceCode\Modules\_testclinic.c","2271","44","",
"2","2.19.0","constParameterPointer","style","Parameter &#039;f&#039; can be declared as pointer to const","Parameter &#039;f&#039; can be declared as pointer to const","398","","C:\Users\lawrence\Desktop\School\GATech\Spring 2026\PUBP 6727 Cyber Sec Practicum\SourceCodeRepos\GitHub\SCAMR_Helper_SampleSourceCode\Modules\_testclinic.c","2271","57","",
"2","2.19.0","constParameterPointer","style","Parameter &#039;g&#039; can be declared as pointer to const","Parameter &#039;g&#039; can be declared as pointer to const","398","","C:\Users\lawrence\Desktop\School\GATech\Spring 2026\PUBP 6727 Cyber Sec Practicum\SourceCodeRepos\GitHub\SCAMR_Helper_SampleSourceCode\Modules\_testclinic.c","2271","70","",
"2","2.19.0","constParameterPointer","style","Parameter &#039;h&#039; can be declared as pointer to const","Parameter &#039;h&#039; can be declared as pointer to const","398","","C:\Users\lawrence\Desktop\School\GATech\Spring 2026\PUBP 6727 Cyber Sec Practicum\SourceCodeRepos\GitHub\SCAMR_Helper_SampleSourceCode\Modules\_testclinic.c","2272","31","",
"2","2.19.0","constParameterPointer","style","Parameter &#039;module&#039; can be declared as pointer to const","Parameter &#039;module&#039; can be declared as pointer to const","398","","C:\Users\lawrence\Desktop\School\GATech\Spring 2026\PUBP 6727 Cyber Sec Practicum\SourceCodeRepos\GitHub\SCAMR_Helper_SampleSourceCode\Modules\_testclinic.c","2297","27","",
"2","2.19.0","constParameterPointer","style","Parameter &#039;a&#039; can be declared as pointer to const","Parameter &#039;a&#039; can be declared as pointer to const","398","","C:\Users\lawrence\Desktop\School\GATech\Spring 2026\PUBP 6727 Cyber Sec Practicum\SourceCodeRepos\GitHub\SCAMR_Helper_SampleSourceCode\Modules\_testclinic.c","2297","45","",
"2","2.19.0","constParameterPointer","style","Parameter &#039;b&#039; can be declared as pointer to const","Parameter &#039;b&#039; can be declared as pointer to const","398","","C:\Users\lawrence\Desktop\School\GATech\Spring 2026\PUBP 6727 Cyber Sec Practicum\SourceCodeRepos\GitHub\SCAMR_Helper_SampleSourceCode\Modules\_testclinic.c","2297","58","",
"2","2.19.0","constParameterPointer","style","Parameter &#039;c&#039; can be declared as pointer to const","Parameter &#039;c&#039; can be declared as pointer to const","398","","C:\Users\lawrence\Desktop\School\GATech\Spring 2026\PUBP 6727 Cyber Sec Practicum\SourceCodeRepos\GitHub\SCAMR_Helper_SampleSourceCode\Modules\_testclinic.c","2297","71","",
"2","2.19.0","constParameterPointer","style","Parameter &#039;d&#039; can be declared as pointer to const","Parameter &#039;d&#039; can be declared as pointer to const","398","","C:\Users\lawrence\Desktop\School\GATech\Spring 2026\PUBP 6727 Cyber Sec Practicum\SourceCodeRepos\GitHub\SCAMR_Helper_SampleSourceCode\Modules\_testclinic.c","2298","27","",
"2","2.19.0","constParameterPointer","style","Parameter &#039;e&#039; can be declared as pointer to const","Parameter &#039;e&#039; can be declared as pointer to const","398","","C:\Users\lawrence\Desktop\School\GATech\Spring 2026\PUBP 6727 Cyber Sec Practicum\SourceCodeRepos\GitHub\SCAMR_Helper_SampleSourceCode\Modules\_testclinic.c","2298","40","",
"2","2.19.0","constParameterPointer","style","Parameter &#039;f&#039; can be declared as pointer to const","Parameter &#039;f&#039; can be declared as pointer to const","398","","C:\Users\lawrence\Desktop\School\GATech\Spring 2026\PUBP 6727 Cyber Sec Practicum\SourceCodeRepos\GitHub\SCAMR_Helper_SampleSourceCode\Modules\_testclinic.c","2298","53","",
"2","2.19.0","constParameterPointer","style","Parameter &#039;g&#039; can be declared as pointer to const","Parameter &#039;g&#039; can be declared as pointer to const","398","","C:\Users\lawrence\Desktop\School\GATech\Spring 2026\PUBP 6727 Cyber Sec Practicum\SourceCodeRepos\GitHub\SCAMR_Helper_SampleSourceCode\Modules\_testclinic.c","2298","66","",
"2","2.19.0","missingInclude","information","Include file: &quot;pycore_abstract.h&quot; not found.","Include file: &quot;pycore_abstract.h&quot; not found.","","","C:\Users\lawrence\Desktop\School\GATech\Spring 2026\PUBP 6727 Cyber Sec Practicum\SourceCodeRepos\GitHub\SCAMR_Helper_SampleSourceCode\Modules\clinic\_testclinic.c.h","8","2","",
"2","2.19.0","missingInclude","information","Include file: &quot;pycore_long.h&quot; not found.","Include file: &quot;pycore_long.h&quot; not found.","","","C:\Users\lawrence\Desktop\School\GATech\Spring 2026\PUBP 6727 Cyber Sec Practicum\SourceCodeRepos\GitHub\SCAMR_Helper_SampleSourceCode\Modules\clinic\_testclinic.c.h","9","2","",
"2","2.19.0","missingInclude","information","Include file: &quot;pycore_modsupport.h&quot; not found.","Include file: &quot;pycore_modsupport.h&quot; not found.","","","C:\Users\lawrence\Desktop\School\GATech\Spring 2026\PUBP 6727 Cyber Sec Practicum\SourceCodeRepos\GitHub\SCAMR_Helper_SampleSourceCode\Modules\clinic\_testclinic.c.h","10","2","",
"2","2.19.0","missingInclude","information","Include file: &quot;pycore_runtime.h&quot; not found.","Include file: &quot;pycore_runtime.h&quot; not found.","","","C:\Users\lawrence\Desktop\School\GATech\Spring 2026\PUBP 6727 Cyber Sec Practicum\SourceCodeRepos\GitHub\SCAMR_Helper_SampleSourceCode\Modules\clinic\_testclinic.c.h","11","2","",
"2","2.19.0","missingInclude","information","Include file: &quot;pycore_tuple.h&quot; not found.","Include file: &quot;pycore_tuple.h&quot; not found.","","","C:\Users\lawrence\Desktop\School\GATech\Spring 2026\PUBP 6727 Cyber Sec Practicum\SourceCodeRepos\GitHub\SCAMR_Helper_SampleSourceCode\Modules\clinic\_testclinic.c.h","12","2","",
"2","2.19.0","knownConditionTrueFalse","style","Condition &#039;!custom_converter(args[0],&amp;path)&#039; is always false","Condition &#039;!custom_converter(args[0],&amp;path)&#039; is always false","570","","C:\Users\lawrence\Desktop\School\GATech\Spring 2026\PUBP 6727 Cyber Sec Practicum\SourceCodeRepos\GitHub\SCAMR_Helper_SampleSourceCode\Modules\clinic\_testclinic.c.h","3982","9","Condition &#039;!custom_converter(args[0],&amp;path)&#039; is always false",
"2","2.19.0","knownConditionTrueFalse","style","Condition &#039;!custom_converter(args[0],&amp;path)&#039; is always false","Condition &#039;!custom_converter(args[0],&amp;path)&#039; is always false","570","","C:\Users\lawrence\Desktop\School\GATech\Spring 2026\PUBP 6727 Cyber Sec Practicum\SourceCodeRepos\GitHub\SCAMR_Helper_SampleSourceCode\Modules\clinic\_testclinic.c.h","3982","26","Calling function &#039;custom_converter&#039; returns 1",
"2","2.19.0","knownConditionTrueFalse","style","Condition &#039;!custom_converter(args[0],&amp;path)&#039; is always false","Condition &#039;!custom_converter(args[0],&amp;path)&#039; is always false","570","","C:\Users\lawrence\Desktop\School\GATech\Spring 2026\PUBP 6727 Cyber Sec Practicum\SourceCodeRepos\GitHub\SCAMR_Helper_SampleSourceCode\Modules\clinic\_testclinic.c.h","4048","9","Condition &#039;!custom_converter(args[0],&amp;path)&#039; is always false",
"2","2.19.0","knownConditionTrueFalse","style","Condition &#039;!custom_converter(args[0],&amp;path)&#039; is always false","Condition &#039;!custom_converter(args[0],&amp;path)&#039; is always false","570","","C:\Users\lawrence\Desktop\School\GATech\Spring 2026\PUBP 6727 Cyber Sec Practicum\SourceCodeRepos\GitHub\SCAMR_Helper_SampleSourceCode\Modules\clinic\_testclinic.c.h","4048","26","Calling function &#039;custom_converter&#039; returns 1",
"2","2.19.0","missingInclude","information","Include file: &quot;pycore_abstract.h&quot; not found.","Include file: &quot;pycore_abstract.h&quot; not found.","","","C:\Users\lawrence\Desktop\School\GATech\Spring 2026\PUBP 6727 Cyber Sec Practicum\SourceCodeRepos\GitHub\SCAMR_Helper_SampleSourceCode\Modules\clinic\_testclinic_depr.c.h","8","2","",
"2","2.19.0","missingInclude","information","Include file: &quot;pycore_long.h&quot; not found.","Include file: &quot;pycore_long.h&quot; not found.","","","C:\Users\lawrence\Desktop\School\GATech\Spring 2026\PUBP 6727 Cyber Sec Practicum\SourceCodeRepos\GitHub\SCAMR_Helper_SampleSourceCode\Modules\clinic\_testclinic_depr.c.h","9","2","",
"2","2.19.0","missingInclude","information","Include file: &quot;pycore_modsupport.h&quot; not found.","Include file: &quot;pycore_modsupport.h&quot; not found.","","","C:\Users\lawrence\Desktop\School\GATech\Spring 2026\PUBP 6727 Cyber Sec Practicum\SourceCodeRepos\GitHub\SCAMR_Helper_SampleSourceCode\Modules\clinic\_testclinic_depr.c.h","10","2","",
"2","2.19.0","missingInclude","information","Include file: &quot;pycore_runtime.h&quot; not found.","Include file: &quot;pycore_runtime.h&quot; not found.","","","C:\Users\lawrence\Desktop\School\GATech\Spring 2026\PUBP 6727 Cyber Sec Practicum\SourceCodeRepos\GitHub\SCAMR_Helper_SampleSourceCode\Modules\clinic\_testclinic_depr.c.h","11","2","",
"2","2.19.0","missingInclude","information","Include file: &quot;pycore_tuple.h&quot; not found.","Include file: &quot;pycore_tuple.h&quot; not found.","","","C:\Users\lawrence\Desktop\School\GATech\Spring 2026\PUBP 6727 Cyber Sec Practicum\SourceCodeRepos\GitHub\SCAMR_Helper_SampleSourceCode\Modules\clinic\_testclinic_depr.c.h","12","2","",
"2","2.19.0","missingInclude","information","Include file: &quot;pycore_abstract.h&quot; not found.","Include file: &quot;pycore_abstract.h&quot; not found.","","","C:\Users\lawrence\Desktop\School\GATech\Spring 2026\PUBP 6727 Cyber Sec Practicum\SourceCodeRepos\GitHub\SCAMR_Helper_SampleSourceCode\Modules\clinic\_testclinic_kwds.c.h","8","2","",
"2","2.19.0","missingInclude","information","Include file: &quot;pycore_long.h&quot; not found.","Include file: &quot;pycore_long.h&quot; not found.","","","C:\Users\lawrence\Desktop\School\GATech\Spring 2026\PUBP 6727 Cyber Sec Practicum\SourceCodeRepos\GitHub\SCAMR_Helper_SampleSourceCode\Modules\clinic\_testclinic_kwds.c.h","9","2","",
"2","2.19.0","missingInclude","information","Include file: &quot;pycore_modsupport.h&quot; not found.","Include file: &quot;pycore_modsupport.h&quot; not found.","","","C:\Users\lawrence\Desktop\School\GATech\Spring 2026\PUBP 6727 Cyber Sec Practicum\SourceCodeRepos\GitHub\SCAMR_Helper_SampleSourceCode\Modules\clinic\_testclinic_kwds.c.h","10","2","",
"2","2.19.0","missingInclude","information","Include file: &quot;pycore_runtime.h&quot; not found.","Include file: &quot;pycore_runtime.h&quot; not found.","","","C:\Users\lawrence\Desktop\School\GATech\Spring 2026\PUBP 6727 Cyber Sec Practicum\SourceCodeRepos\GitHub\SCAMR_Helper_SampleSourceCode\Modules\clinic\_testclinic_kwds.c.h","11","2","",
"2","2.19.0","missingInclude","information","Include file: &quot;pycore_tuple.h&quot; not found.","Include file: &quot;pycore_tuple.h&quot; not found.","","","C:\Users\lawrence\Desktop\School\GATech\Spring 2026\PUBP 6727 Cyber Sec Practicum\SourceCodeRepos\GitHub\SCAMR_Helper_SampleSourceCode\Modules\clinic\_testclinic_kwds.c.h","12","2","",
"2","2.19.0","missingInclude","information","Include file: &quot;pyconfig.h&quot; not found.","Include file: &quot;pyconfig.h&quot; not found.","","","C:\Users\lawrence\Desktop\School\GATech\Spring 2026\PUBP 6727 Cyber Sec Practicum\SourceCodeRepos\GitHub\SCAMR_Helper_SampleSourceCode\Modules\_testclinic_limited.c","8","2","",
"2","2.19.0","missingInclude","information","Include file: &quot;Python.h&quot; not found.","Include file: &quot;Python.h&quot; not found.","","","C:\Users\lawrence\Desktop\School\GATech\Spring 2026\PUBP 6727 Cyber Sec Practicum\SourceCodeRepos\GitHub\SCAMR_Helper_SampleSourceCode\Modules\_testclinic_limited.c","16","2","",
"2","2.19.0","missingReturn","error","Found an exit path from function with non-void return type that has missing return statement","Found an exit path from function with non-void return type that has missing return statement","758","","C:\Users\lawrence\Desktop\School\GATech\Spring 2026\PUBP 6727 Cyber Sec Practicum\SourceCodeRepos\GitHub\SCAMR_Helper_SampleSourceCode\Modules\_testclinic_limited.c","37","5","",
"2","2.19.0","constParameterPointer","style","Parameter &#039;module&#039; can be declared as pointer to const","Parameter &#039;module&#039; can be declared as pointer to const","398","","C:\Users\lawrence\Desktop\School\GATech\Spring 2026\PUBP 6727 Cyber Sec Practicum\SourceCodeRepos\GitHub\SCAMR_Helper_SampleSourceCode\Modules\_testclinic_limited.c","34","36","",
"2","2.19.0","constParameterPointer","style","Parameter &#039;module&#039; can be declared as pointer to const","Parameter &#039;module&#039; can be declared as pointer to const","398","","C:\Users\lawrence\Desktop\School\GATech\Spring 2026\PUBP 6727 Cyber Sec Practicum\SourceCodeRepos\GitHub\SCAMR_Helper_SampleSourceCode\Modules\_testclinic_limited.c","50","28","",
"2","2.19.0","constParameterPointer","style","Parameter &#039;module&#039; can be declared as pointer to const","Parameter &#039;module&#039; can be declared as pointer to const","398","","C:\Users\lawrence\Desktop\School\GATech\Spring 2026\PUBP 6727 Cyber Sec Practicum\SourceCodeRepos\GitHub\SCAMR_Helper_SampleSourceCode\Modules\_testclinic_limited.c","67","27","",
"2","2.19.0","constParameterPointer","style","Parameter &#039;module&#039; can be declared as pointer to const","Parameter &#039;module&#039; can be declared as pointer to const","398","","C:\Users\lawrence\Desktop\School\GATech\Spring 2026\PUBP 6727 Cyber Sec Practicum\SourceCodeRepos\GitHub\SCAMR_Helper_SampleSourceCode\Modules\_testclinic_limited.c","84","29","",
"2","2.19.0","constParameterPointer","style","Parameter &#039;module&#039; can be declared as pointer to const","Parameter &#039;module&#039; can be declared as pointer to const","398","","C:\Users\lawrence\Desktop\School\GATech\Spring 2026\PUBP 6727 Cyber Sec Practicum\SourceCodeRepos\GitHub\SCAMR_Helper_SampleSourceCode\Modules\_testclinic_limited.c","101","30","",
"2","2.19.0","constParameterPointer","style","Parameter &#039;module&#039; can be declared as pointer to const","Parameter &#039;module&#039; can be declared as pointer to const","398","","C:\Users\lawrence\Desktop\School\GATech\Spring 2026\PUBP 6727 Cyber Sec Practicum\SourceCodeRepos\GitHub\SCAMR_Helper_SampleSourceCode\Modules\_testclinic_limited.c","118","36","",
"2","2.19.0","missingInclude","information","Include file: &quot;pyconfig.h&quot; not found.","Include file: &quot;pyconfig.h&quot; not found.","","","C:\Users\lawrence\Desktop\School\GATech\Spring 2026\PUBP 6727 Cyber Sec Practicum\SourceCodeRepos\GitHub\SCAMR_Helper_SampleSourceCode\Modules\_testimportmultiple.c","7","2","",
"2","2.19.0","missingIncludeSystem","information","Include file: &lt;Python.h&gt; not found. Please note: Cppcheck does not need standard library headers to get proper results.","Include file: &lt;Python.h&gt; not found. Please note: Cppcheck does not need standard library headers to get proper results.","","","C:\Users\lawrence\Desktop\School\GATech\Spring 2026\PUBP 6727 Cyber Sec Practicum\SourceCodeRepos\GitHub\SCAMR_Helper_SampleSourceCode\Modules\_testimportmultiple.c","12","2","",
"2","2.19.0","missingInclude","information","Include file: &quot;Python.h&quot; not found.","Include file: &quot;Python.h&quot; not found.","","","C:\Users\lawrence\Desktop\School\GATech\Spring 2026\PUBP 6727 Cyber Sec Practicum\SourceCodeRepos\GitHub\SCAMR_Helper_SampleSourceCode\Modules\_testinternalcapi.c","12","2","",
"2","2.19.0","missingIncludeSystem","information","Include file: &lt;string.h&gt; not found. Please note: Cppcheck does not need standard library headers to get proper results.","Include file: &lt;string.h&gt; not found. Please note: Cppcheck does not need standard library headers to get proper results.","","","C:\Users\lawrence\Desktop\School\GATech\Spring 2026\PUBP 6727 Cyber Sec Practicum\SourceCodeRepos\GitHub\SCAMR_Helper_SampleSourceCode\Modules\_testinternalcapi.c","13","2","",
"2","2.19.0","missingInclude","information","Include file: &quot;pycore_backoff.h&quot; not found.","Include file: &quot;pycore_backoff.h&quot; not found.","","","C:\Users\lawrence\Desktop\School\GATech\Spring 2026\PUBP 6727 Cyber Sec Practicum\SourceCodeRepos\GitHub\SCAMR_Helper_SampleSourceCode\Modules\_testinternalcapi.c","14","2","",
"2","2.19.0","missingInclude","information","Include file: &quot;pycore_bitutils.h&quot; not found.","Include file: &quot;pycore_bitutils.h&quot; not found.","","","C:\Users\lawrence\Desktop\School\GATech\Spring 2026\PUBP 6727 Cyber Sec Practicum\SourceCodeRepos\GitHub\SCAMR_Helper_SampleSourceCode\Modules\_testinternalcapi.c","15","2","",
"2","2.19.0","missingInclude","information","Include file: &quot;pycore_bytesobject.h&quot; not found.","Include file: &quot;pycore_bytesobject.h&quot; not found.","","","C:\Users\lawrence\Desktop\School\GATech\Spring 2026\PUBP 6727 Cyber Sec Practicum\SourceCodeRepos\GitHub\SCAMR_Helper_SampleSourceCode\Modules\_testinternalcapi.c","16","2","",
"2","2.19.0","missingInclude","information","Include file: &quot;pycore_ceval.h&quot; not found.","Include file: &quot;pycore_ceval.h&quot; not found.","","","C:\Users\lawrence\Desktop\School\GATech\Spring 2026\PUBP 6727 Cyber Sec Practicum\SourceCodeRepos\GitHub\SCAMR_Helper_SampleSourceCode\Modules\_testinternalcapi.c","17","2","",
"2","2.19.0","missingInclude","information","Include file: &quot;pycore_code.h&quot; not found.","Include file: &quot;pycore_code.h&quot; not found.","","","C:\Users\lawrence\Desktop\School\GATech\Spring 2026\PUBP 6727 Cyber Sec Practicum\SourceCodeRepos\GitHub\SCAMR_Helper_SampleSourceCode\Modules\_testinternalcapi.c","18","2","",
"2","2.19.0","missingInclude","information","Include file: &quot;pycore_compile.h&quot; not found.","Include file: &quot;pycore_compile.h&quot; not found.","","","C:\Users\lawrence\Desktop\School\GATech\Spring 2026\PUBP 6727 Cyber Sec Practicum\SourceCodeRepos\GitHub\SCAMR_Helper_SampleSourceCode\Modules\_testinternalcapi.c","19","2","",
"2","2.19.0","missingInclude","information","Include file: &quot;pycore_context.h&quot; not found.","Include file: &quot;pycore_context.h&quot; not found.","","","C:\Users\lawrence\Desktop\School\GATech\Spring 2026\PUBP 6727 Cyber Sec Practicum\SourceCodeRepos\GitHub\SCAMR_Helper_SampleSourceCode\Modules\_testinternalcapi.c","20","2","",
"2","2.19.0","missingInclude","information","Include file: &quot;pycore_dict.h&quot; not found.","Include file: &quot;pycore_dict.h&quot; not found.","","","C:\Users\lawrence\Desktop\School\GATech\Spring 2026\PUBP 6727 Cyber Sec Practicum\SourceCodeRepos\GitHub\SCAMR_Helper_SampleSourceCode\Modules\_testinternalcapi.c","21","2","",
"2","2.19.0","missingInclude","information","Include file: &quot;pycore_fileutils.h&quot; not found.","Include file: &quot;pycore_fileutils.h&quot; not found.","","","C:\Users\lawrence\Desktop\School\GATech\Spring 2026\PUBP 6727 Cyber Sec Practicum\SourceCodeRepos\GitHub\SCAMR_Helper_SampleSourceCode\Modules\_testinternalcapi.c","22","2","",
"2","2.19.0","missingInclude","information","Include file: &quot;pycore_flowgraph.h&quot; not found.","Include file: &quot;pycore_flowgraph.h&quot; not found.","","","C:\Users\lawrence\Desktop\School\GATech\Spring 2026\PUBP 6727 Cyber Sec Practicum\SourceCodeRepos\GitHub\SCAMR_Helper_SampleSourceCode\Modules\_testinternalcapi.c","23","2","",
"2","2.19.0","missingInclude","information","Include file: &quot;pycore_frame.h&quot; not found.","Include file: &quot;pycore_frame.h&quot; not found.","","","C:\Users\lawrence\Desktop\School\GATech\Spring 2026\PUBP 6727 Cyber Sec Practicum\SourceCodeRepos\GitHub\SCAMR_Helper_SampleSourceCode\Modules\_testinternalcapi.c","24","2","",
"2","2.19.0","missingInclude","information","Include file: &quot;pycore_function.h&quot; not found.","Include file: &quot;pycore_function.h&quot; not found.","","","C:\Users\lawrence\Desktop\School\GATech\Spring 2026\PUBP 6727 Cyber Sec Practicum\SourceCodeRepos\GitHub\SCAMR_Helper_SampleSourceCode\Modules\_testinternalcapi.c","25","2","",
"2","2.19.0","missingInclude","information","Include file: &quot;pycore_gc.h&quot; not found.","Include file: &quot;pycore_gc.h&quot; not found.","","","C:\Users\lawrence\Desktop\School\GATech\Spring 2026\PUBP 6727 Cyber Sec Practicum\SourceCodeRepos\GitHub\SCAMR_Helper_SampleSourceCode\Modules\_testinternalcapi.c","26","2","",
"2","2.19.0","missingInclude","information","Include file: &quot;pycore_hashtable.h&quot; not found.","Include file: &quot;pycore_hashtable.h&quot; not found.","","","C:\Users\lawrence\Desktop\School\GATech\Spring 2026\PUBP 6727 Cyber Sec Practicum\SourceCodeRepos\GitHub\SCAMR_Helper_SampleSourceCode\Modules\_testinternalcapi.c","27","2","",
"2","2.19.0","missingInclude","information","Include file: &quot;pycore_import.h&quot; not found.","Include file: &quot;pycore_import.h&quot; not found.","","","C:\Users\lawrence\Desktop\School\GATech\Spring 2026\PUBP 6727 Cyber Sec Practicum\SourceCodeRepos\GitHub\SCAMR_Helper_SampleSourceCode\Modules\_testinternalcapi.c","28","2","",
"2","2.19.0","missingInclude","information","Include file: &quot;pycore_initconfig.h&quot; not found.","Include file: &quot;pycore_initconfig.h&quot; not found.","","","C:\Users\lawrence\Desktop\School\GATech\Spring 2026\PUBP 6727 Cyber Sec Practicum\SourceCodeRepos\GitHub\SCAMR_Helper_SampleSourceCode\Modules\_testinternalcapi.c","29","2","",
"2","2.19.0","missingInclude","information","Include file: &quot;pycore_instruction_sequence.h&quot; not found.","Include file: &quot;pycore_instruction_sequence.h&quot; not found.","","","C:\Users\lawrence\Desktop\School\GATech\Spring 2026\PUBP 6727 Cyber Sec Practicum\SourceCodeRepos\GitHub\SCAMR_Helper_SampleSourceCode\Modules\_testinternalcapi.c","30","2","",
"2","2.19.0","missingInclude","information","Include file: &quot;pycore_interpframe.h&quot; not found.","Include file: &quot;pycore_interpframe.h&quot; not found.","","","C:\Users\lawrence\Desktop\School\GATech\Spring 2026\PUBP 6727 Cyber Sec Practicum\SourceCodeRepos\GitHub\SCAMR_Helper_SampleSourceCode\Modules\_testinternalcapi.c","31","2","",
"2","2.19.0","missingInclude","information","Include file: &quot;pycore_jit.h&quot; not found.","Include file: &quot;pycore_jit.h&quot; not found.","","","C:\Users\lawrence\Desktop\School\GATech\Spring 2026\PUBP 6727 Cyber Sec Practicum\SourceCodeRepos\GitHub\SCAMR_Helper_SampleSourceCode\Modules\_testinternalcapi.c","32","2","",
"2","2.19.0","missingInclude","information","Include file: &quot;pycore_object.h&quot; not found.","Include file: &quot;pycore_object.h&quot; not found.","","","C:\Users\lawrence\Desktop\School\GATech\Spring 2026\PUBP 6727 Cyber Sec Practicum\SourceCodeRepos\GitHub\SCAMR_Helper_SampleSourceCode\Modules\_testinternalcapi.c","33","2","",
"2","2.19.0","missingInclude","information","Include file: &quot;pycore_optimizer.h&quot; not found.","Include file: &quot;pycore_optimizer.h&quot; not found.","","","C:\Users\lawrence\Desktop\School\GATech\Spring 2026\PUBP 6727 Cyber Sec Practicum\SourceCodeRepos\GitHub\SCAMR_Helper_SampleSourceCode\Modules\_testinternalcapi.c","34","2","",
"2","2.19.0","missingInclude","information","Include file: &quot;pycore_pathconfig.h&quot; not found.","Include file: &quot;pycore_pathconfig.h&quot; not found.","","","C:\Users\lawrence\Desktop\School\GATech\Spring 2026\PUBP 6727 Cyber Sec Practicum\SourceCodeRepos\GitHub\SCAMR_Helper_SampleSourceCode\Modules\_testinternalcapi.c","35","2","",
"2","2.19.0","missingInclude","information","Include file: &quot;pycore_pyerrors.h&quot; not found.","Include file: &quot;pycore_pyerrors.h&quot; not found.","","","C:\Users\lawrence\Desktop\School\GATech\Spring 2026\PUBP 6727 Cyber Sec Practicum\SourceCodeRepos\GitHub\SCAMR_Helper_SampleSourceCode\Modules\_testinternalcapi.c","36","2","",
"2","2.19.0","missingInclude","information","Include file: &quot;pycore_pylifecycle.h&quot; not found.","Include file: &quot;pycore_pylifecycle.h&quot; not found.","","","C:\Users\lawrence\Desktop\School\GATech\Spring 2026\PUBP 6727 Cyber Sec Practicum\SourceCodeRepos\GitHub\SCAMR_Helper_SampleSourceCode\Modules\_testinternalcapi.c","37","2","",
"2","2.19.0","missingInclude","information","Include file: &quot;pycore_pystate.h&quot; not found.","Include file: &quot;pycore_pystate.h&quot; not found.","","","C:\Users\lawrence\Desktop\School\GATech\Spring 2026\PUBP 6727 Cyber Sec Practicum\SourceCodeRepos\GitHub\SCAMR_Helper_SampleSourceCode\Modules\_testinternalcapi.c","38","2","",
"2","2.19.0","missingInclude","information","Include file: &quot;pycore_runtime_structs.h&quot; not found.","Include file: &quot;pycore_runtime_structs.h&quot; not found.","","","C:\Users\lawrence\Desktop\School\GATech\Spring 2026\PUBP 6727 Cyber Sec Practicum\SourceCodeRepos\GitHub\SCAMR_Helper_SampleSourceCode\Modules\_testinternalcapi.c","39","2","",
"2","2.19.0","missingInclude","information","Include file: &quot;pycore_unicodeobject.h&quot; not found.","Include file: &quot;pycore_unicodeobject.h&quot; not found.","","","C:\Users\lawrence\Desktop\School\GATech\Spring 2026\PUBP 6727 Cyber Sec Practicum\SourceCodeRepos\GitHub\SCAMR_Helper_SampleSourceCode\Modules\_testinternalcapi.c","40","2","",
"2","2.19.0","normalCheckLevelMaxBranches","information","Limiting analysis of branches. Use --check-level=exhaustive to analyze all branches.","Limiting analysis of branches. Use --check-level=exhaustive to analyze all branches.","","","C:\Users\lawrence\Desktop\School\GATech\Spring 2026\PUBP 6727 Cyber Sec Practicum\SourceCodeRepos\GitHub\SCAMR_Helper_SampleSourceCode\Modules\_testinternalcapi.c","0","","",
"2","2.19.0","missingReturn","error","Found an exit path from function with non-void return type that has missing return statement","Found an exit path from function with non-void return type that has missing return statement","758","","C:\Users\lawrence\Desktop\School\GATech\Spring 2026\PUBP 6727 Cyber Sec Practicum\SourceCodeRepos\GitHub\SCAMR_Helper_SampleSourceCode\Modules\_testinternalcapi.c","322","5","",
"2","2.19.0","missingReturn","error","Found an exit path from function with non-void return type that has missing return statement","Found an exit path from function with non-void return type that has missing return statement","758","","C:\Users\lawrence\Desktop\School\GATech\Spring 2026\PUBP 6727 Cyber Sec Practicum\SourceCodeRepos\GitHub\SCAMR_Helper_SampleSourceCode\Modules\_testinternalcapi.c","434","5","",
"2","2.19.0","missingReturn","error","Found an exit path from function with non-void return type that has missing return statement","Found an exit path from function with non-void return type that has missing return statement","758","","C:\Users\lawrence\Desktop\School\GATech\Spring 2026\PUBP 6727 Cyber Sec Practicum\SourceCodeRepos\GitHub\SCAMR_Helper_SampleSourceCode\Modules\_testinternalcapi.c","809","5","",
"2","2.19.0","missingReturn","error","Found an exit path from function with non-void return type that has missing return statement","Found an exit path from function with non-void return type that has missing return statement","758","","C:\Users\lawrence\Desktop\School\GATech\Spring 2026\PUBP 6727 Cyber Sec Practicum\SourceCodeRepos\GitHub\SCAMR_Helper_SampleSourceCode\Modules\_testinternalcapi.c","1202","5","",
"2","2.19.0","missingReturn","error","Found an exit path from function with non-void return type that has missing return statement","Found an exit path from function with non-void return type that has missing return statement","758","","C:\Users\lawrence\Desktop\School\GATech\Spring 2026\PUBP 6727 Cyber Sec Practicum\SourceCodeRepos\GitHub\SCAMR_Helper_SampleSourceCode\Modules\_testinternalcapi.c","1529","5","",
"2","2.19.0","missingReturn","error","Found an exit path from function with non-void return type that has missing return statement","Found an exit path from function with non-void return type that has missing return statement","758","","C:\Users\lawrence\Desktop\School\GATech\Spring 2026\PUBP 6727 Cyber Sec Practicum\SourceCodeRepos\GitHub\SCAMR_Helper_SampleSourceCode\Modules\_testinternalcapi.c","1770","5","",
"2","2.19.0","missingReturn","error","Found an exit path from function with non-void return type that has missing return statement","Found an exit path from function with non-void return type that has missing return statement","758","","C:\Users\lawrence\Desktop\School\GATech\Spring 2026\PUBP 6727 Cyber Sec Practicum\SourceCodeRepos\GitHub\SCAMR_Helper_SampleSourceCode\Modules\_testinternalcapi.c","2247","5","",
"2","2.19.0","missingReturn","error","Found an exit path from function with non-void return type that has missing return statement","Found an exit path from function with non-void return type that has missing return statement","758","","C:\Users\lawrence\Desktop\School\GATech\Spring 2026\PUBP 6727 Cyber Sec Practicum\SourceCodeRepos\GitHub\SCAMR_Helper_SampleSourceCode\Modules\_testinternalcapi.c","2294","5","",
"2","2.19.0","missingReturn","error","Found an exit path from function with non-void return type that has missing return statement","Found an exit path from function with non-void return type that has missing return statement","758","","C:\Users\lawrence\Desktop\School\GATech\Spring 2026\PUBP 6727 Cyber Sec Practicum\SourceCodeRepos\GitHub\SCAMR_Helper_SampleSourceCode\Modules\_testinternalcapi.c","2599","5","",
"2","2.19.0","missingReturn","error","Found an exit path from function with non-void return type that has missing return statement","Found an exit path from function with non-void return type that has missing return statement","758","","C:\Users\lawrence\Desktop\School\GATech\Spring 2026\PUBP 6727 Cyber Sec Practicum\SourceCodeRepos\GitHub\SCAMR_Helper_SampleSourceCode\Modules\_testinternalcapi.c","2608","5","",
"2","2.19.0","missingReturn","error","Found an exit path from function with non-void return type that has missing return statement","Found an exit path from function with non-void return type that has missing return statement","758","","C:\Users\lawrence\Desktop\School\GATech\Spring 2026\PUBP 6727 Cyber Sec Practicum\SourceCodeRepos\GitHub\SCAMR_Helper_SampleSourceCode\Modules\_testinternalcapi.c","2688","5","",
"2","2.19.0","missingReturn","error","Found an exit path from function with non-void return type that has missing return statement","Found an exit path from function with non-void return type that has missing return statement","758","","C:\Users\lawrence\Desktop\School\GATech\Spring 2026\PUBP 6727 Cyber Sec Practicum\SourceCodeRepos\GitHub\SCAMR_Helper_SampleSourceCode\Modules\_testinternalcapi.c","2735","5","",
"2","2.19.0","missingReturn","error","Found an exit path from function with non-void return type that has missing return statement","Found an exit path from function with non-void return type that has missing return statement","758","","C:\Users\lawrence\Desktop\School\GATech\Spring 2026\PUBP 6727 Cyber Sec Practicum\SourceCodeRepos\GitHub\SCAMR_Helper_SampleSourceCode\Modules\_testinternalcapi.c","2744","5","",
"2","2.19.0","missingReturn","error","Found an exit path from function with non-void return type that has missing return statement","Found an exit path from function with non-void return type that has missing return statement","758","","C:\Users\lawrence\Desktop\School\GATech\Spring 2026\PUBP 6727 Cyber Sec Practicum\SourceCodeRepos\GitHub\SCAMR_Helper_SampleSourceCode\Modules\_testinternalcapi.c","2753","5","",
"2","2.19.0","shadowVariable","style","Local variable &#039;r&#039; shadows outer variable","Local variable &#039;r&#039; shadows outer variable","398","","C:\Users\lawrence\Desktop\School\GATech\Spring 2026\PUBP 6727 Cyber Sec Practicum\SourceCodeRepos\GitHub\SCAMR_Helper_SampleSourceCode\Modules\_testinternalcapi.c","1693","9","Shadow variable",
"2","2.19.0","shadowVariable","style","Local variable &#039;r&#039; shadows outer variable","Local variable &#039;r&#039; shadows outer variable","398","","C:\Users\lawrence\Desktop\School\GATech\Spring 2026\PUBP 6727 Cyber Sec Practicum\SourceCodeRepos\GitHub\SCAMR_Helper_SampleSourceCode\Modules\_testinternalcapi.c","1690","33","Shadowed declaration",
"2","2.19.0","constParameterCallback","style","Parameter &#039;self&#039; can be declared as pointer to const. However it seems that &#039;get_configs&#039; is a callback function, if &#039;self&#039; is declared with const you might also need to cast function pointer(s).","Parameter &#039;self&#039; can be declared as pointer to const. However it seems that &#039;get_configs&#039; is a callback function, if &#039;self&#039; is declared with const you might also need to cast function pointer(s).","398","","C:\Users\lawrence\Desktop\School\GATech\Spring 2026\PUBP 6727 Cyber Sec Practicum\SourceCodeRepos\GitHub\SCAMR_Helper_SampleSourceCode\Modules\_testinternalcapi.c","118","23","Parameter &#039;self&#039; can be declared as pointer to const",
"2","2.19.0","constParameterCallback","style","Parameter &#039;self&#039; can be declared as pointer to const. However it seems that &#039;get_configs&#039; is a callback function, if &#039;self&#039; is declared with const you might also need to cast function pointer(s).","Parameter &#039;self&#039; can be declared as pointer to const. However it seems that &#039;get_configs&#039; is a callback function, if &#039;self&#039; is declared with const you might also need to cast function pointer(s).","398","","C:\Users\lawrence\Desktop\School\GATech\Spring 2026\PUBP 6727 Cyber Sec Practicum\SourceCodeRepos\GitHub\SCAMR_Helper_SampleSourceCode\Modules\_testinternalcapi.c","2840","21","You might need to cast the function pointer here",
"2","2.19.0","constVariablePointer","style","Variable &#039;tstate&#039; can be declared as pointer to const","Variable &#039;tstate&#039; can be declared as pointer to const","398","","C:\Users\lawrence\Desktop\School\GATech\Spring 2026\PUBP 6727 Cyber Sec Practicum\SourceCodeRepos\GitHub\SCAMR_Helper_SampleSourceCode\Modules\_testinternalcapi.c","127","20","",
"2","2.19.0","constParameterCallback","style","Parameter &#039;self&#039; can be declared as pointer to const. However it seems that &#039;get_c_recursion_remaining&#039; is a callback function, if &#039;self&#039; is declared with const you might also need to cast function pointer(s).","Parameter &#039;self&#039; can be declared as pointer to const. However it seems that &#039;get_c_recursion_remaining&#039; is a callback function, if &#039;self&#039; is declared with const you might also need to cast function pointer(s).","398","","C:\Users\lawrence\Desktop\School\GATech\Spring 2026\PUBP 6727 Cyber Sec Practicum\SourceCodeRepos\GitHub\SCAMR_Helper_SampleSourceCode\Modules\_testinternalcapi.c","134","37","Parameter &#039;self&#039; can be declared as pointer to const",
"2","2.19.0","constParameterCallback","style","Parameter &#039;self&#039; can be declared as pointer to const. However it seems that &#039;get_c_recursion_remaining&#039; is a callback function, if &#039;self&#039; is declared with const you might also need to cast function pointer(s).","Parameter &#039;self&#039; can be declared as pointer to const. However it seems that &#039;get_c_recursion_remaining&#039; is a callback function, if &#039;self&#039; is declared with const you might also need to cast function pointer(s).","398","","C:\Users\lawrence\Desktop\School\GATech\Spring 2026\PUBP 6727 Cyber Sec Practicum\SourceCodeRepos\GitHub\SCAMR_Helper_SampleSourceCode\Modules\_testinternalcapi.c","2843","35","You might need to cast the function pointer here",
"2","2.19.0","constVariablePointer","style","Variable &#039;_tstate&#039; can be declared as pointer to const","Variable &#039;_tstate&#039; can be declared as pointer to const","398","","C:\Users\lawrence\Desktop\School\GATech\Spring 2026\PUBP 6727 Cyber Sec Practicum\SourceCodeRepos\GitHub\SCAMR_Helper_SampleSourceCode\Modules\_testinternalcapi.c","138","25","",
"2","2.19.0","constParameterCallback","style","Parameter &#039;self&#039; can be declared as pointer to const. However it seems that &#039;get_stack_pointer&#039; is a callback function, if &#039;self&#039; is declared with const you might also need to cast function pointer(s).","Parameter &#039;self&#039; can be declared as pointer to const. However it seems that &#039;get_stack_pointer&#039; is a callback function, if &#039;self&#039; is declared with const you might also need to cast function pointer(s).","398","","C:\Users\lawrence\Desktop\School\GATech\Spring 2026\PUBP 6727 Cyber Sec Practicum\SourceCodeRepos\GitHub\SCAMR_Helper_SampleSourceCode\Modules\_testinternalcapi.c","144","29","Parameter &#039;self&#039; can be declared as pointer to const",
"2","2.19.0","constParameterCallback","style","Parameter &#039;self&#039; can be declared as pointer to const. However it seems that &#039;get_stack_pointer&#039; is a callback function, if &#039;self&#039; is declared with const you might also need to cast function pointer(s).","Parameter &#039;self&#039; can be declared as pointer to const. However it seems that &#039;get_stack_pointer&#039; is a callback function, if &#039;self&#039; is declared with const you might also need to cast function pointer(s).","398","","C:\Users\lawrence\Desktop\School\GATech\Spring 2026\PUBP 6727 Cyber Sec Practicum\SourceCodeRepos\GitHub\SCAMR_Helper_SampleSourceCode\Modules\_testinternalcapi.c","2844","27","You might need to cast the function pointer here",
"2","2.19.0","constParameterPointer","style","Parameter &#039;interp&#039; can be declared as pointer to const","Parameter &#039;interp&#039; can be declared as pointer to const","398","","C:\Users\lawrence\Desktop\School\GATech\Spring 2026\PUBP 6727 Cyber Sec Practicum\SourceCodeRepos\GitHub\SCAMR_Helper_SampleSourceCode\Modules\_testinternalcapi.c","210","71","",
"2","2.19.0","constParameterCallback","style","Parameter &#039;self&#039; can be declared as pointer to const. However it seems that &#039;get_jit_code_ranges&#039; is a callback function, if &#039;self&#039; is declared with const you might also need to cast function pointer(s).","Parameter &#039;self&#039; can be declared as pointer to const. However it seems that &#039;get_jit_code_ranges&#039; is a callback function, if &#039;self&#039; is declared with const you might also need to cast function pointer(s).","398","","C:\Users\lawrence\Desktop\School\GATech\Spring 2026\PUBP 6727 Cyber Sec Practicum\SourceCodeRepos\GitHub\SCAMR_Helper_SampleSourceCode\Modules\_testinternalcapi.c","265","31","Parameter &#039;self&#039; can be declared as pointer to const",
"2","2.19.0","constParameterCallback","style","Parameter &#039;self&#039; can be declared as pointer to const. However it seems that &#039;get_jit_code_ranges&#039; is a callback function, if &#039;self&#039; is declared with const you might also need to cast function pointer(s).","Parameter &#039;self&#039; can be declared as pointer to const. However it seems that &#039;get_jit_code_ranges&#039; is a callback function, if &#039;self&#039; is declared with const you might also need to cast function pointer(s).","398","","C:\Users\lawrence\Desktop\School\GATech\Spring 2026\PUBP 6727 Cyber Sec Practicum\SourceCodeRepos\GitHub\SCAMR_Helper_SampleSourceCode\Modules\_testinternalcapi.c","2847","29","You might need to cast the function pointer here",
"2","2.19.0","constParameterCallback","style","Parameter &#039;self&#039; can be declared as pointer to const. However it seems that &#039;get_jit_backend&#039; is a callback function, if &#039;self&#039; is declared with const you might also need to cast function pointer(s).","Parameter &#039;self&#039; can be declared as pointer to const. However it seems that &#039;get_jit_backend&#039; is a callback function, if &#039;self&#039; is declared with const you might also need to cast function pointer(s).","398","","C:\Users\lawrence\Desktop\School\GATech\Spring 2026\PUBP 6727 Cyber Sec Practicum\SourceCodeRepos\GitHub\SCAMR_Helper_SampleSourceCode\Modules\_testinternalcapi.c","315","27","Parameter &#039;self&#039; can be declared as pointer to const",
"2","2.19.0","constParameterCallback","style","Parameter &#039;self&#039; can be declared as pointer to const. However it seems that &#039;get_jit_backend&#039; is a callback function, if &#039;self&#039; is declared with const you might also need to cast function pointer(s).","Parameter &#039;self&#039; can be declared as pointer to const. However it seems that &#039;get_jit_backend&#039; is a callback function, if &#039;self&#039; is declared with const you might also need to cast function pointer(s).","398","","C:\Users\lawrence\Desktop\School\GATech\Spring 2026\PUBP 6727 Cyber Sec Practicum\SourceCodeRepos\GitHub\SCAMR_Helper_SampleSourceCode\Modules\_testinternalcapi.c","2848","25","You might need to cast the function pointer here",
"2","2.19.0","constParameterCallback","style","Parameter &#039;self&#039; can be declared as pointer to const. However it seems that &#039;test_popcount&#039; is a callback function, if &#039;self&#039; is declared with const you might also need to cast function pointer(s).","Parameter &#039;self&#039; can be declared as pointer to const. However it seems that &#039;test_popcount&#039; is a callback function, if &#039;self&#039; is declared with const you might also need to cast function pointer(s).","398","","C:\Users\lawrence\Desktop\School\GATech\Spring 2026\PUBP 6727 Cyber Sec Practicum\SourceCodeRepos\GitHub\SCAMR_Helper_SampleSourceCode\Modules\_testinternalcapi.c","457","25","Parameter &#039;self&#039; can be declared as pointer to const",
"2","2.19.0","constParameterCallback","style","Parameter &#039;self&#039; can be declared as pointer to const. However it seems that &#039;test_popcount&#039; is a callback function, if &#039;self&#039; is declared with const you might also need to cast function pointer(s).","Parameter &#039;self&#039; can be declared as pointer to const. However it seems that &#039;test_popcount&#039; is a callback function, if &#039;self&#039; is declared with const you might also need to cast function pointer(s).","398","","C:\Users\lawrence\Desktop\School\GATech\Spring 2026\PUBP 6727 Cyber Sec Practicum\SourceCodeRepos\GitHub\SCAMR_Helper_SampleSourceCode\Modules\_testinternalcapi.c","2851","23","You might need to cast the function pointer here",
"2","2.19.0","constParameterCallback","style","Parameter &#039;self&#039; can be declared as pointer to const. However it seems that &#039;test_bit_length&#039; is a callback function, if &#039;self&#039; is declared with const you might also need to cast function pointer(s).","Parameter &#039;self&#039; can be declared as pointer to const. However it seems that &#039;test_bit_length&#039; is a callback function, if &#039;self&#039; is declared with const you might also need to cast function pointer(s).","398","","C:\Users\lawrence\Desktop\School\GATech\Spring 2026\PUBP 6727 Cyber Sec Practicum\SourceCodeRepos\GitHub\SCAMR_Helper_SampleSourceCode\Modules\_testinternalcapi.c","497","27","Parameter &#039;self&#039; can be declared as pointer to const",
"2","2.19.0","constParameterCallback","style","Parameter &#039;self&#039; can be declared as pointer to const. However it seems that &#039;test_bit_length&#039; is a callback function, if &#039;self&#039; is declared with const you might also need to cast function pointer(s).","Parameter &#039;self&#039; can be declared as pointer to const. However it seems that &#039;test_bit_length&#039; is a callback function, if &#039;self&#039; is declared with const you might also need to cast function pointer(s).","398","","C:\Users\lawrence\Desktop\School\GATech\Spring 2026\PUBP 6727 Cyber Sec Practicum\SourceCodeRepos\GitHub\SCAMR_Helper_SampleSourceCode\Modules\_testinternalcapi.c","2852","25","You might need to cast the function pointer here",
"2","2.19.0","constVariablePointer","style","Variable &#039;entry&#039; can be declared as pointer to const","Variable &#039;entry&#039; can be declared as pointer to const","398","","C:\Users\lawrence\Desktop\School\GATech\Spring 2026\PUBP 6727 Cyber Sec Practicum\SourceCodeRepos\GitHub\SCAMR_Helper_SampleSourceCode\Modules\_testinternalcapi.c","573","32","",
"2","2.19.0","constVariablePointer","style","Variable &#039;value_ptr&#039; can be declared as pointer to const","Variable &#039;value_ptr&#039; can be declared as pointer to const","398","","C:\Users\lawrence\Desktop\School\GATech\Spring 2026\PUBP 6727 Cyber Sec Practicum\SourceCodeRepos\GitHub\SCAMR_Helper_SampleSourceCode\Modules\_testinternalcapi.c","581","15","",
"2","2.19.0","constVariablePointer","style","Variable &#039;value_ptr&#039; can be declared as pointer to const","Variable &#039;value_ptr&#039; can be declared as pointer to const","398","","C:\Users\lawrence\Desktop\School\GATech\Spring 2026\PUBP 6727 Cyber Sec Practicum\SourceCodeRepos\GitHub\SCAMR_Helper_SampleSourceCode\Modules\_testinternalcapi.c","587","11","",
"2","2.19.0","constParameterCallback","style","Parameter &#039;self&#039; can be declared as pointer to const. However it seems that &#039;test_edit_cost&#039; is a callback function, if &#039;self&#039; is declared with const you might also need to cast function pointer(s).","Parameter &#039;self&#039; can be declared as pointer to const. However it seems that &#039;test_edit_cost&#039; is a callback function, if &#039;self&#039; is declared with const you might also need to cast function pointer(s).","398","","C:\Users\lawrence\Desktop\School\GATech\Spring 2026\PUBP 6727 Cyber Sec Practicum\SourceCodeRepos\GitHub\SCAMR_Helper_SampleSourceCode\Modules\_testinternalcapi.c","669","26","Parameter &#039;self&#039; can be declared as pointer to const",
"2","2.19.0","constParameterCallback","style","Parameter &#039;self&#039; can be declared as pointer to const. However it seems that &#039;test_edit_cost&#039; is a callback function, if &#039;self&#039; is declared with const you might also need to cast function pointer(s).","Parameter &#039;self&#039; can be declared as pointer to const. However it seems that &#039;test_edit_cost&#039; is a callback function, if &#039;self&#039; is declared with const you might also need to cast function pointer(s).","398","","C:\Users\lawrence\Desktop\School\GATech\Spring 2026\PUBP 6727 Cyber Sec Practicum\SourceCodeRepos\GitHub\SCAMR_Helper_SampleSourceCode\Modules\_testinternalcapi.c","2855","24","You might need to cast the function pointer here",
"2","2.19.0","constParameterCallback","style","Parameter &#039;self&#039; can be declared as pointer to const. However it seems that &#039;test_bytes_find&#039; is a callback function, if &#039;self&#039; is declared with const you might also need to cast function pointer(s).","Parameter &#039;self&#039; can be declared as pointer to const. However it seems that &#039;test_bytes_find&#039; is a callback function, if &#039;self&#039; is declared with const you might also need to cast function pointer(s).","398","","C:\Users\lawrence\Desktop\School\GATech\Spring 2026\PUBP 6727 Cyber Sec Practicum\SourceCodeRepos\GitHub\SCAMR_Helper_SampleSourceCode\Modules\_testinternalcapi.c","764","27","Parameter &#039;self&#039; can be declared as pointer to const",
"2","2.19.0","constParameterCallback","style","Parameter &#039;self&#039; can be declared as pointer to const. However it seems that &#039;test_bytes_find&#039; is a callback function, if &#039;self&#039; is declared with const you might also need to cast function pointer(s).","Parameter &#039;self&#039; can be declared as pointer to const. However it seems that &#039;test_bytes_find&#039; is a callback function, if &#039;self&#039; is declared with const you might also need to cast function pointer(s).","398","","C:\Users\lawrence\Desktop\School\GATech\Spring 2026\PUBP 6727 Cyber Sec Practicum\SourceCodeRepos\GitHub\SCAMR_Helper_SampleSourceCode\Modules\_testinternalcapi.c","2856","25","You might need to cast the function pointer here",
"2","2.19.0","constParameterCallback","style","Parameter &#039;self&#039; can be declared as pointer to const. However it seems that &#039;get_getpath_codeobject&#039; is a callback function, if &#039;self&#039; is declared with const you might also need to cast function pointer(s).","Parameter &#039;self&#039; can be declared as pointer to const. However it seems that &#039;get_getpath_codeobject&#039; is a callback function, if &#039;self&#039; is declared with const you might also need to cast function pointer(s).","398","","C:\Users\lawrence\Desktop\School\GATech\Spring 2026\PUBP 6727 Cyber Sec Practicum\SourceCodeRepos\GitHub\SCAMR_Helper_SampleSourceCode\Modules\_testinternalcapi.c","830","34","Parameter &#039;self&#039; can be declared as pointer to const",
"2","2.19.0","constParameterCallback","style","Parameter &#039;self&#039; can be declared as pointer to const. However it seems that &#039;get_getpath_codeobject&#039; is a callback function, if &#039;self&#039; is declared with const you might also need to cast function pointer(s).","Parameter &#039;self&#039; can be declared as pointer to const. However it seems that &#039;get_getpath_codeobject&#039; is a callback function, if &#039;self&#039; is declared with const you might also need to cast function pointer(s).","398","","C:\Users\lawrence\Desktop\School\GATech\Spring 2026\PUBP 6727 Cyber Sec Practicum\SourceCodeRepos\GitHub\SCAMR_Helper_SampleSourceCode\Modules\_testinternalcapi.c","2858","32","You might need to cast the function pointer here",
"2","2.19.0","constParameterPointer","style","Parameter &#039;module&#039; can be declared as pointer to const","Parameter &#039;module&#039; can be declared as pointer to const","398","","C:\Users\lawrence\Desktop\School\GATech\Spring 2026\PUBP 6727 Cyber Sec Practicum\SourceCodeRepos\GitHub\SCAMR_Helper_SampleSourceCode\Modules\_testinternalcapi.c","1027","59","",
"2","2.19.0","constVariablePointer","style","Variable &#039;dict&#039; can be declared as pointer to const","Variable &#039;dict&#039; can be declared as pointer to const","398","","C:\Users\lawrence\Desktop\School\GATech\Spring 2026\PUBP 6727 Cyber Sec Practicum\SourceCodeRepos\GitHub\SCAMR_Helper_SampleSourceCode\Modules\_testinternalcapi.c","1741","15","",
"2","2.19.0","constVariablePointer","style","Variable &#039;dict2&#039; can be declared as pointer to const","Variable &#039;dict2&#039; can be declared as pointer to const","398","","C:\Users\lawrence\Desktop\School\GATech\Spring 2026\PUBP 6727 Cyber Sec Practicum\SourceCodeRepos\GitHub\SCAMR_Helper_SampleSourceCode\Modules\_testinternalcapi.c","1745","15","",
"2","2.19.0","constVariablePointer","style","Variable &#039;keys&#039; can be declared as pointer to const","Variable &#039;keys&#039; can be declared as pointer to const","398","","C:\Users\lawrence\Desktop\School\GATech\Spring 2026\PUBP 6727 Cyber Sec Practicum\SourceCodeRepos\GitHub\SCAMR_Helper_SampleSourceCode\Modules\_testinternalcapi.c","1856","23","",
"2","2.19.0","constParameterCallback","style","Parameter &#039;self&#039; can be declared as pointer to const. However it seems that &#039;new_hamt&#039; is a callback function, if &#039;self&#039; is declared with const you might also need to cast function pointer(s).","Parameter &#039;self&#039; can be declared as pointer to const. However it seems that &#039;new_hamt&#039; is a callback function, if &#039;self&#039; is declared with const you might also need to cast function pointer(s).","398","","C:\Users\lawrence\Desktop\School\GATech\Spring 2026\PUBP 6727 Cyber Sec Practicum\SourceCodeRepos\GitHub\SCAMR_Helper_SampleSourceCode\Modules\_testinternalcapi.c","1880","20","Parameter &#039;self&#039; can be declared as pointer to const",
"2","2.19.0","constParameterCallback","style","Parameter &#039;self&#039; can be declared as pointer to const. However it seems that &#039;new_hamt&#039; is a callback function, if &#039;self&#039; is declared with const you might also need to cast function pointer(s).","Parameter &#039;self&#039; can be declared as pointer to const. However it seems that &#039;new_hamt&#039; is a callback function, if &#039;self&#039; is declared with const you might also need to cast function pointer(s).","398","","C:\Users\lawrence\Desktop\School\GATech\Spring 2026\PUBP 6727 Cyber Sec Practicum\SourceCodeRepos\GitHub\SCAMR_Helper_SampleSourceCode\Modules\_testinternalcapi.c","2903","14","You might need to cast the function pointer here",
"2","2.19.0","constParameterCallback","style","Parameter &#039;args&#039; can be declared as pointer to const. However it seems that &#039;new_hamt&#039; is a callback function, if &#039;args&#039; is declared with const you might also need to cast function pointer(s).","Parameter &#039;args&#039; can be declared as pointer to const. However it seems that &#039;new_hamt&#039; is a callback function, if &#039;args&#039; is declared with const you might also need to cast function pointer(s).","398","","C:\Users\lawrence\Desktop\School\GATech\Spring 2026\PUBP 6727 Cyber Sec Practicum\SourceCodeRepos\GitHub\SCAMR_Helper_SampleSourceCode\Modules\_testinternalcapi.c","1880","36","Parameter &#039;args&#039; can be declared as pointer to const",
"2","2.19.0","constParameterCallback","style","Parameter &#039;args&#039; can be declared as pointer to const. However it seems that &#039;new_hamt&#039; is a callback function, if &#039;args&#039; is declared with const you might also need to cast function pointer(s).","Parameter &#039;args&#039; can be declared as pointer to const. However it seems that &#039;new_hamt&#039; is a callback function, if &#039;args&#039; is declared with const you might also need to cast function pointer(s).","398","","C:\Users\lawrence\Desktop\School\GATech\Spring 2026\PUBP 6727 Cyber Sec Practicum\SourceCodeRepos\GitHub\SCAMR_Helper_SampleSourceCode\Modules\_testinternalcapi.c","2903","14","You might need to cast the function pointer here",
"2","2.19.0","constParameterCallback","style","Parameter &#039;self&#039; can be declared as pointer to const. However it seems that &#039;next_interpreter_id&#039; is a callback function, if &#039;self&#039; is declared with const you might also need to cast function pointer(s).","Parameter &#039;self&#039; can be declared as pointer to const. However it seems that &#039;next_interpreter_id&#039; is a callback function, if &#039;self&#039; is declared with const you might also need to cast function pointer(s).","398","","C:\Users\lawrence\Desktop\School\GATech\Spring 2026\PUBP 6727 Cyber Sec Practicum\SourceCodeRepos\GitHub\SCAMR_Helper_SampleSourceCode\Modules\_testinternalcapi.c","2222","31","Parameter &#039;self&#039; can be declared as pointer to const",
"2","2.19.0","constParameterCallback","style","Parameter &#039;self&#039; can be declared as pointer to const. However it seems that &#039;next_interpreter_id&#039; is a callback function, if &#039;self&#039; is declared with const you might also need to cast function pointer(s).","Parameter &#039;self&#039; can be declared as pointer to const. However it seems that &#039;next_interpreter_id&#039; is a callback function, if &#039;self&#039; is declared with const you might also need to cast function pointer(s).","398","","C:\Users\lawrence\Desktop\School\GATech\Spring 2026\PUBP 6727 Cyber Sec Practicum\SourceCodeRepos\GitHub\SCAMR_Helper_SampleSourceCode\Modules\_testinternalcapi.c","2915","29","You might need to cast the function pointer here",
"2","2.19.0","constParameterCallback","style","Parameter &#039;self&#039; can be declared as pointer to const. However it seems that &#039;unused_interpreter_id&#039; is a callback function, if &#039;self&#039; is declared with const you might also need to cast function pointer(s).","Parameter &#039;self&#039; can be declared as pointer to const. However it seems that &#039;unused_interpreter_id&#039; is a callback function, if &#039;self&#039; is declared with const you might also need to cast function pointer(s).","398","","C:\Users\lawrence\Desktop\School\GATech\Spring 2026\PUBP 6727 Cyber Sec Practicum\SourceCodeRepos\GitHub\SCAMR_Helper_SampleSourceCode\Modules\_testinternalcapi.c","2229","33","Parameter &#039;self&#039; can be declared as pointer to const",
"2","2.19.0","constParameterCallback","style","Parameter &#039;self&#039; can be declared as pointer to const. However it seems that &#039;unused_interpreter_id&#039; is a callback function, if &#039;self&#039; is declared with const you might also need to cast function pointer(s).","Parameter &#039;self&#039; can be declared as pointer to const. However it seems that &#039;unused_interpreter_id&#039; is a callback function, if &#039;self&#039; is declared with const you might also need to cast function pointer(s).","398","","C:\Users\lawrence\Desktop\School\GATech\Spring 2026\PUBP 6727 Cyber Sec Practicum\SourceCodeRepos\GitHub\SCAMR_Helper_SampleSourceCode\Modules\_testinternalcapi.c","2916","31","You might need to cast the function pointer here",
"2","2.19.0","constVariablePointer","style","Variable &#039;interp&#039; can be declared as pointer to const","Variable &#039;interp&#039; can be declared as pointer to const","398","","C:\Users\lawrence\Desktop\School\GATech\Spring 2026\PUBP 6727 Cyber Sec Practicum\SourceCodeRepos\GitHub\SCAMR_Helper_SampleSourceCode\Modules\_testinternalcapi.c","2239","25","",
"2","2.19.0","constParameterPointer","style","Parameter &#039;module&#039; can be declared as pointer to const","Parameter &#039;module&#039; can be declared as pointer to const","398","","C:\Users\lawrence\Desktop\School\GATech\Spring 2026\PUBP 6727 Cyber Sec Practicum\SourceCodeRepos\GitHub\SCAMR_Helper_SampleSourceCode\Modules\_testinternalcapi.c","2649","43","",
"2","2.19.0","constParameterCallback","style","Parameter &#039;self&#039; can be declared as pointer to const. However it seems that &#039;get_static_builtin_types&#039; is a callback function, if &#039;self&#039; is declared with const you might also need to cast function pointer(s).","Parameter &#039;self&#039; can be declared as pointer to const. However it seems that &#039;get_static_builtin_types&#039; is a callback function, if &#039;self&#039; is declared with const you might also need to cast function pointer(s).","398","","C:\Users\lawrence\Desktop\School\GATech\Spring 2026\PUBP 6727 Cyber Sec Practicum\SourceCodeRepos\GitHub\SCAMR_Helper_SampleSourceCode\Modules\_testinternalcapi.c","2658","36","Parameter &#039;self&#039; can be declared as pointer to const",
"2","2.19.0","constParameterCallback","style","Parameter &#039;self&#039; can be declared as pointer to const. However it seems that &#039;get_static_builtin_types&#039; is a callback function, if &#039;self&#039; is declared with const you might also need to cast function pointer(s).","Parameter &#039;self&#039; can be declared as pointer to const. However it seems that &#039;get_static_builtin_types&#039; is a callback function, if &#039;self&#039; is declared with const you might also need to cast function pointer(s).","398","","C:\Users\lawrence\Desktop\School\GATech\Spring 2026\PUBP 6727 Cyber Sec Practicum\SourceCodeRepos\GitHub\SCAMR_Helper_SampleSourceCode\Modules\_testinternalcapi.c","2945","34","You might need to cast the function pointer here",
"2","2.19.0","constParameterCallback","style","Parameter &#039;self&#039; can be declared as pointer to const. However it seems that &#039;identify_type_slot_wrappers&#039; is a callback function, if &#039;self&#039; is declared with const you might also need to cast function pointer(s).","Parameter &#039;self&#039; can be declared as pointer to const. However it seems that &#039;identify_type_slot_wrappers&#039; is a callback function, if &#039;self&#039; is declared with const you might also need to cast function pointer(s).","398","","C:\Users\lawrence\Desktop\School\GATech\Spring 2026\PUBP 6727 Cyber Sec Practicum\SourceCodeRepos\GitHub\SCAMR_Helper_SampleSourceCode\Modules\_testinternalcapi.c","2665","39","Parameter &#039;self&#039; can be declared as pointer to const",
"2","2.19.0","constParameterCallback","style","Parameter &#039;self&#039; can be declared as pointer to const. However it seems that &#039;identify_type_slot_wrappers&#039; is a callback function, if &#039;self&#039; is declared with const you might also need to cast function pointer(s).","Parameter &#039;self&#039; can be declared as pointer to const. However it seems that &#039;identify_type_slot_wrappers&#039; is a callback function, if &#039;self&#039; is declared with const you might also need to cast function pointer(s).","398","","C:\Users\lawrence\Desktop\School\GATech\Spring 2026\PUBP 6727 Cyber Sec Practicum\SourceCodeRepos\GitHub\SCAMR_Helper_SampleSourceCode\Modules\_testinternalcapi.c","2946","37","You might need to cast the function pointer here",
"2","2.19.0","constParameterCallback","style","Parameter &#039;callable&#039; can be declared as pointer to const. However it seems that &#039;vectorcall_nop&#039; is a callback function, if &#039;callable&#039; is declared with const you might also need to cast function pointer(s).","Parameter &#039;callable&#039; can be declared as pointer to const. However it seems that &#039;vectorcall_nop&#039; is a callback function, if &#039;callable&#039; is declared with const you might also need to cast function pointer(s).","398","","C:\Users\lawrence\Desktop\School\GATech\Spring 2026\PUBP 6727 Cyber Sec Practicum\SourceCodeRepos\GitHub\SCAMR_Helper_SampleSourceCode\Modules\_testinternalcapi.c","2741","26","Parameter &#039;callable&#039; can be declared as pointer to const",
"2","2.19.0","constParameterCallback","style","Parameter &#039;callable&#039; can be declared as pointer to const. However it seems that &#039;vectorcall_nop&#039; is a callback function, if &#039;callable&#039; is declared with const you might also need to cast function pointer(s).","Parameter &#039;callable&#039; can be declared as pointer to const. However it seems that &#039;vectorcall_nop&#039; is a callback function, if &#039;callable&#039; is declared with const you might also need to cast function pointer(s).","398","","C:\Users\lawrence\Desktop\School\GATech\Spring 2026\PUBP 6727 Cyber Sec Practicum\SourceCodeRepos\GitHub\SCAMR_Helper_SampleSourceCode\Modules\_testinternalcapi.c","2755","45","You might need to cast the function pointer here",
"2","2.19.0","constParameterCallback","style","Parameter &#039;kwnames&#039; can be declared as pointer to const. However it seems that &#039;vectorcall_nop&#039; is a callback function, if &#039;kwnames&#039; is declared with const you might also need to cast function pointer(s).","Parameter &#039;kwnames&#039; can be declared as pointer to const. However it seems that &#039;vectorcall_nop&#039; is a callback function, if &#039;kwnames&#039; is declared with const you might also need to cast function pointer(s).","398","","C:\Users\lawrence\Desktop\School\GATech\Spring 2026\PUBP 6727 Cyber Sec Practicum\SourceCodeRepos\GitHub\SCAMR_Helper_SampleSourceCode\Modules\_testinternalcapi.c","2742","41","Parameter &#039;kwnames&#039; can be declared as pointer to const",
"2","2.19.0","constParameterCallback","style","Parameter &#039;kwnames&#039; can be declared as pointer to const. However it seems that &#039;vectorcall_nop&#039; is a callback function, if &#039;kwnames&#039; is declared with const you might also need to cast function pointer(s).","Parameter &#039;kwnames&#039; can be declared as pointer to const. However it seems that &#039;vectorcall_nop&#039; is a callback function, if &#039;kwnames&#039; is declared with const you might also need to cast function pointer(s).","398","","C:\Users\lawrence\Desktop\School\GATech\Spring 2026\PUBP 6727 Cyber Sec Practicum\SourceCodeRepos\GitHub\SCAMR_Helper_SampleSourceCode\Modules\_testinternalcapi.c","2755","45","You might need to cast the function pointer here",
"2","2.19.0","constVariablePointer","style","Variable &#039;ts&#039; can be declared as pointer to const","Variable &#039;ts&#039; can be declared as pointer to const","398","","C:\Users\lawrence\Desktop\School\GATech\Spring 2026\PUBP 6727 Cyber Sec Practicum\SourceCodeRepos\GitHub\SCAMR_Helper_SampleSourceCode\Modules\_testinternalcapi.c","2795","25","",
"2","2.19.0","constVariablePointer","style","Variable &#039;ts&#039; can be declared as pointer to const","Variable &#039;ts&#039; can be declared as pointer to const","398","","C:\Users\lawrence\Desktop\School\GATech\Spring 2026\PUBP 6727 Cyber Sec Practicum\SourceCodeRepos\GitHub\SCAMR_Helper_SampleSourceCode\Modules\_testinternalcapi.c","2806","25","",
"2","2.19.0","uninitvar","error","Uninitialized variable: r","Uninitialized variable: r","457","","C:\Users\lawrence\Desktop\School\GATech\Spring 2026\PUBP 6727 Cyber Sec Practicum\SourceCodeRepos\GitHub\SCAMR_Helper_SampleSourceCode\Modules\_testinternalcapi.c","1699","14","",
"2","2.19.0","unreadVariable","style","Variable &#039;assert&#039; is assigned a value that is never used.","Variable &#039;assert&#039; is assigned a value that is never used.","563","","C:\Users\lawrence\Desktop\School\GATech\Spring 2026\PUBP 6727 Cyber Sec Practicum\SourceCodeRepos\GitHub\SCAMR_Helper_SampleSourceCode\Modules\_testinternalcapi.c","1697","15","",
"2","2.19.0","constVariablePointer","style","Variable &#039;interp&#039; can be declared as pointer to const","Variable &#039;interp&#039; can be declared as pointer to const","398","","C:\Users\lawrence\Desktop\School\GATech\Spring 2026\PUBP 6727 Cyber Sec Practicum\SourceCodeRepos\GitHub\SCAMR_Helper_SampleSourceCode\Modules\_testinternalcapi.c","273","25","",
"2","2.19.0","constVariablePointer","style","Variable &#039;exec&#039; can be declared as pointer to const","Variable &#039;exec&#039; can be declared as pointer to const","398","","C:\Users\lawrence\Desktop\School\GATech\Spring 2026\PUBP 6727 Cyber Sec Practicum\SourceCodeRepos\GitHub\SCAMR_Helper_SampleSourceCode\Modules\_testinternalcapi.c","277","29","",
"2","2.19.0","missingIncludeSystem","information","Include file: &lt;windows.h&gt; not found. Please note: Cppcheck does not need standard library headers to get proper results.","Include file: &lt;windows.h&gt; not found. Please note: Cppcheck does not need standard library headers to get proper results.","","","C:\Users\lawrence\Desktop\School\GATech\Spring 2026\PUBP 6727 Cyber Sec Practicum\SourceCodeRepos\GitHub\SCAMR_Helper_SampleSourceCode\Modules\_testinternalcapi.c","51","4","",
"2","2.19.0","missingIncludeSystem","information","Include file: &lt;intrin.h&gt; not found. Please note: Cppcheck does not need standard library headers to get proper results.","Include file: &lt;intrin.h&gt; not found. Please note: Cppcheck does not need standard library headers to get proper results.","","","C:\Users\lawrence\Desktop\School\GATech\Spring 2026\PUBP 6727 Cyber Sec Practicum\SourceCodeRepos\GitHub\SCAMR_Helper_SampleSourceCode\Modules\_testinternalcapi.c","52","4","",
"2","2.19.0","missingIncludeSystem","information","Include file: &lt;winnt.h&gt; not found. Please note: Cppcheck does not need standard library headers to get proper results.","Include file: &lt;winnt.h&gt; not found. Please note: Cppcheck does not need standard library headers to get proper results.","","","C:\Users\lawrence\Desktop\School\GATech\Spring 2026\PUBP 6727 Cyber Sec Practicum\SourceCodeRepos\GitHub\SCAMR_Helper_SampleSourceCode\Modules\_testinternalcapi.c","53","4","",
"2","2.19.0","missingIncludeSystem","information","Include file: &lt;wchar.h&gt; not found. Please note: Cppcheck does not need standard library headers to get proper results.","Include file: &lt;wchar.h&gt; not found. Please note: Cppcheck does not need standard library headers to get proper results.","","","C:\Users\lawrence\Desktop\School\GATech\Spring 2026\PUBP 6727 Cyber Sec Practicum\SourceCodeRepos\GitHub\SCAMR_Helper_SampleSourceCode\Modules\_testinternalcapi.c","54","4","",
"2","2.19.0","constParameterCallback","style","Parameter &#039;self&#039; can be declared as pointer to const. However it seems that &#039;get_py_thread_id&#039; is a callback function, if &#039;self&#039; is declared with const you might also need to cast function pointer(s).","Parameter &#039;self&#039; can be declared as pointer to const. However it seems that &#039;get_py_thread_id&#039; is a callback function, if &#039;self&#039; is declared with const you might also need to cast function pointer(s).","398","","C:\Users\lawrence\Desktop\School\GATech\Spring 2026\PUBP 6727 Cyber Sec Practicum\SourceCodeRepos\GitHub\SCAMR_Helper_SampleSourceCode\Modules\_testinternalcapi.c","2537","28","Parameter &#039;self&#039; can be declared as pointer to const",
"2","2.19.0","constParameterCallback","style","Parameter &#039;self&#039; can be declared as pointer to const. However it seems that &#039;get_py_thread_id&#039; is a callback function, if &#039;self&#039; is declared with const you might also need to cast function pointer(s).","Parameter &#039;self&#039; can be declared as pointer to const. However it seems that &#039;get_py_thread_id&#039; is a callback function, if &#039;self&#039; is declared with const you might also need to cast function pointer(s).","398","","C:\Users\lawrence\Desktop\School\GATech\Spring 2026\PUBP 6727 Cyber Sec Practicum\SourceCodeRepos\GitHub\SCAMR_Helper_SampleSourceCode\Modules\_testinternalcapi.c","2936","22","You might need to cast the function pointer here",
"2","2.19.0","missingReturn","error","Found an exit path from function with non-void return type that has missing return statement","Found an exit path from function with non-void return type that has missing return statement","758","","C:\Users\lawrence\Desktop\School\GATech\Spring 2026\PUBP 6727 Cyber Sec Practicum\SourceCodeRepos\GitHub\SCAMR_Helper_SampleSourceCode\Modules\_testinternalcapi.c","1819","5","",
"2","2.19.0","constParameterCallback","style","Parameter &#039;self&#039; can be declared as pointer to const. However it seems that &#039;check_pyobject_freed_is_freed&#039; is a callback function, if &#039;self&#039; is declared with const you might also need to cast function pointer(s).","Parameter &#039;self&#039; can be declared as pointer to const. However it seems that &#039;check_pyobject_freed_is_freed&#039; is a callback function, if &#039;self&#039; is declared with const you might also need to cast function pointer(s).","398","","C:\Users\lawrence\Desktop\School\GATech\Spring 2026\PUBP 6727 Cyber Sec Practicum\SourceCodeRepos\GitHub\SCAMR_Helper_SampleSourceCode\Modules\_testinternalcapi.c","1815","41","Parameter &#039;self&#039; can be declared as pointer to const",
"2","2.19.0","constParameterCallback","style","Parameter &#039;self&#039; can be declared as pointer to const. However it seems that &#039;check_pyobject_freed_is_freed&#039; is a callback function, if &#039;self&#039; is declared with const you might also need to cast function pointer(s).","Parameter &#039;self&#039; can be declared as pointer to const. However it seems that &#039;check_pyobject_freed_is_freed&#039; is a callback function, if &#039;self&#039; is declared with const you might also need to cast function pointer(s).","398","","C:\Users\lawrence\Desktop\School\GATech\Spring 2026\PUBP 6727 Cyber Sec Practicum\SourceCodeRepos\GitHub\SCAMR_Helper_SampleSourceCode\Modules\_testinternalcapi.c","2897","39","You might need to cast the function pointer here",
"2","2.19.0","missingInclude","information","Include file: &quot;emscripten.h&quot; not found.","Include file: &quot;emscripten.h&quot; not found.","","","C:\Users\lawrence\Desktop\School\GATech\Spring 2026\PUBP 6727 Cyber Sec Practicum\SourceCodeRepos\GitHub\SCAMR_Helper_SampleSourceCode\Modules\_testinternalcapi.c","2700","2","",
"2","2.19.0","syntaxError","error","syntax error: =[...];","syntax error: =[...];","","","C:\Users\lawrence\Desktop\School\GATech\Spring 2026\PUBP 6727 Cyber Sec Practicum\SourceCodeRepos\GitHub\SCAMR_Helper_SampleSourceCode\Modules\_testinternalcapi.c","2705","16","",
"2","2.19.0","toomanyconfigs","information","Too many #ifdef configurations - cppcheck only checks 12 of 13 configurations. Use --force to check all configurations.","Too many #ifdef configurations - cppcheck only checks 12 of 13 configurations. Use --force to check all configurations.","398","","C:\Users\lawrence\Desktop\School\GATech\Spring 2026\PUBP 6727 Cyber Sec Practicum\SourceCodeRepos\GitHub\SCAMR_Helper_SampleSourceCode\Modules\_testinternalcapi.c","0","","",
"2","2.19.0","missingInclude","information","Include file: &quot;pycore_modsupport.h&quot; not found.","Include file: &quot;pycore_modsupport.h&quot; not found.","","","C:\Users\lawrence\Desktop\School\GATech\Spring 2026\PUBP 6727 Cyber Sec Practicum\SourceCodeRepos\GitHub\SCAMR_Helper_SampleSourceCode\Modules\clinic\_testinternalcapi.c.h","9","2","",
"2","2.19.0","missingInclude","information","Include file: &quot;Python.h&quot; not found.","Include file: &quot;Python.h&quot; not found.","","","C:\Users\lawrence\Desktop\School\GATech\Spring 2026\PUBP 6727 Cyber Sec Practicum\SourceCodeRepos\GitHub\SCAMR_Helper_SampleSourceCode\Modules\_testinternalcapi\parts.h","11","2","",
"2","2.19.0","missingInclude","information","Include file: &quot;Python.h&quot; not found.","Include file: &quot;Python.h&quot; not found.","","","C:\Users\lawrence\Desktop\School\GATech\Spring 2026\PUBP 6727 Cyber Sec Practicum\SourceCodeRepos\GitHub\SCAMR_Helper_SampleSourceCode\Modules\_testinternalcapi\parts.h","11","2","",
"2","2.19.0","missingInclude","information","Include file: &quot;Python.h&quot; not found.","Include file: &quot;Python.h&quot; not found.","","","C:\Users\lawrence\Desktop\School\GATech\Spring 2026\PUBP 6727 Cyber Sec Practicum\SourceCodeRepos\GitHub\SCAMR_Helper_SampleSourceCode\Modules\_testinternalcapi\parts.h","11","2","",
"2","2.19.0","missingInclude","information","Include file: &quot;Python.h&quot; not found.","Include file: &quot;Python.h&quot; not found.","","","C:\Users\lawrence\Desktop\School\GATech\Spring 2026\PUBP 6727 Cyber Sec Practicum\SourceCodeRepos\GitHub\SCAMR_Helper_SampleSourceCode\Modules\_testinternalcapi\parts.h","11","2","",
"2","2.19.0","missingInclude","information","Include file: &quot;Python.h&quot; not found.","Include file: &quot;Python.h&quot; not found.","","","C:\Users\lawrence\Desktop\School\GATech\Spring 2026\PUBP 6727 Cyber Sec Practicum\SourceCodeRepos\GitHub\SCAMR_Helper_SampleSourceCode\Modules\_testinternalcapi\parts.h","11","2","",
"2","2.19.0","missingInclude","information","Include file: &quot;Python.h&quot; not found.","Include file: &quot;Python.h&quot; not found.","","","C:\Users\lawrence\Desktop\School\GATech\Spring 2026\PUBP 6727 Cyber Sec Practicum\SourceCodeRepos\GitHub\SCAMR_Helper_SampleSourceCode\Modules\_testinternalcapi\parts.h","11","2","",
"2","2.19.0","missingInclude","information","Include file: &quot;pyconfig.h&quot; not found.","Include file: &quot;pyconfig.h&quot; not found.","","","C:\Users\lawrence\Desktop\School\GATech\Spring 2026\PUBP 6727 Cyber Sec Practicum\SourceCodeRepos\GitHub\SCAMR_Helper_SampleSourceCode\Modules\_testlimitedcapi\parts.h","7","2","",
"2","2.19.0","missingInclude","information","Include file: &quot;Python.h&quot; not found.","Include file: &quot;Python.h&quot; not found.","","","C:\Users\lawrence\Desktop\School\GATech\Spring 2026\PUBP 6727 Cyber Sec Practicum\SourceCodeRepos\GitHub\SCAMR_Helper_SampleSourceCode\Modules\_testlimitedcapi\parts.h","19","2","",
"2","2.19.0","missingInclude","information","Include file: &quot;pyconfig.h&quot; not found.","Include file: &quot;pyconfig.h&quot; not found.","","","C:\Users\lawrence\Desktop\School\GATech\Spring 2026\PUBP 6727 Cyber Sec Practicum\SourceCodeRepos\GitHub\SCAMR_Helper_SampleSourceCode\Modules\_testlimitedcapi\parts.h","7","2","",
"2","2.19.0","missingInclude","information","Include file: &quot;Python.h&quot; not found.","Include file: &quot;Python.h&quot; not found.","","","C:\Users\lawrence\Desktop\School\GATech\Spring 2026\PUBP 6727 Cyber Sec Practicum\SourceCodeRepos\GitHub\SCAMR_Helper_SampleSourceCode\Modules\_testlimitedcapi\parts.h","19","2","",
"2","2.19.0","missingInclude","information","Include file: &quot;pyconfig.h&quot; not found.","Include file: &quot;pyconfig.h&quot; not found.","","","C:\Users\lawrence\Desktop\School\GATech\Spring 2026\PUBP 6727 Cyber Sec Practicum\SourceCodeRepos\GitHub\SCAMR_Helper_SampleSourceCode\Modules\_testlimitedcapi\parts.h","7","2","",
"2","2.19.0","missingInclude","information","Include file: &quot;Python.h&quot; not found.","Include file: &quot;Python.h&quot; not found.","","","C:\Users\lawrence\Desktop\School\GATech\Spring 2026\PUBP 6727 Cyber Sec Practicum\SourceCodeRepos\GitHub\SCAMR_Helper_SampleSourceCode\Modules\_testlimitedcapi\parts.h","19","2","",
"2","2.19.0","missingInclude","information","Include file: &quot;pyconfig.h&quot; not found.","Include file: &quot;pyconfig.h&quot; not found.","","","C:\Users\lawrence\Desktop\School\GATech\Spring 2026\PUBP 6727 Cyber Sec Practicum\SourceCodeRepos\GitHub\SCAMR_Helper_SampleSourceCode\Modules\_testlimitedcapi\parts.h","7","2","",
"2","2.19.0","missingInclude","information","Include file: &quot;Python.h&quot; not found.","Include file: &quot;Python.h&quot; not found.","","","C:\Users\lawrence\Desktop\School\GATech\Spring 2026\PUBP 6727 Cyber Sec Practicum\SourceCodeRepos\GitHub\SCAMR_Helper_SampleSourceCode\Modules\_testlimitedcapi\parts.h","19","2","",
"2","2.19.0","missingInclude","information","Include file: &quot;pyconfig.h&quot; not found.","Include file: &quot;pyconfig.h&quot; not found.","","","C:\Users\lawrence\Desktop\School\GATech\Spring 2026\PUBP 6727 Cyber Sec Practicum\SourceCodeRepos\GitHub\SCAMR_Helper_SampleSourceCode\Modules\_testlimitedcapi\parts.h","7","2","",
"2","2.19.0","missingInclude","information","Include file: &quot;Python.h&quot; not found.","Include file: &quot;Python.h&quot; not found.","","","C:\Users\lawrence\Desktop\School\GATech\Spring 2026\PUBP 6727 Cyber Sec Practicum\SourceCodeRepos\GitHub\SCAMR_Helper_SampleSourceCode\Modules\_testlimitedcapi\parts.h","19","2","",
"2","2.19.0","missingInclude","information","Include file: &quot;pyconfig.h&quot; not found.","Include file: &quot;pyconfig.h&quot; not found.","","","C:\Users\lawrence\Desktop\School\GATech\Spring 2026\PUBP 6727 Cyber Sec Practicum\SourceCodeRepos\GitHub\SCAMR_Helper_SampleSourceCode\Modules\_testlimitedcapi\parts.h","7","2","",
"2","2.19.0","missingInclude","information","Include file: &quot;Python.h&quot; not found.","Include file: &quot;Python.h&quot; not found.","","","C:\Users\lawrence\Desktop\School\GATech\Spring 2026\PUBP 6727 Cyber Sec Practicum\SourceCodeRepos\GitHub\SCAMR_Helper_SampleSourceCode\Modules\_testlimitedcapi\parts.h","19","2","",
"2","2.19.0","missingInclude","information","Include file: &quot;pyconfig.h&quot; not found.","Include file: &quot;pyconfig.h&quot; not found.","","","C:\Users\lawrence\Desktop\School\GATech\Spring 2026\PUBP 6727 Cyber Sec Practicum\SourceCodeRepos\GitHub\SCAMR_Helper_SampleSourceCode\Modules\_testlimitedcapi\parts.h","7","2","",
"2","2.19.0","missingInclude","information","Include file: &quot;Python.h&quot; not found.","Include file: &quot;Python.h&quot; not found.","","","C:\Users\lawrence\Desktop\School\GATech\Spring 2026\PUBP 6727 Cyber Sec Practicum\SourceCodeRepos\GitHub\SCAMR_Helper_SampleSourceCode\Modules\_testlimitedcapi\parts.h","19","2","",
"2","2.19.0","missingInclude","information","Include file: &quot;pyconfig.h&quot; not found.","Include file: &quot;pyconfig.h&quot; not found.","","","C:\Users\lawrence\Desktop\School\GATech\Spring 2026\PUBP 6727 Cyber Sec Practicum\SourceCodeRepos\GitHub\SCAMR_Helper_SampleSourceCode\Modules\_testlimitedcapi\parts.h","7","2","",
"2","2.19.0","missingInclude","information","Include file: &quot;Python.h&quot; not found.","Include file: &quot;Python.h&quot; not found.","","","C:\Users\lawrence\Desktop\School\GATech\Spring 2026\PUBP 6727 Cyber Sec Practicum\SourceCodeRepos\GitHub\SCAMR_Helper_SampleSourceCode\Modules\_testlimitedcapi\parts.h","19","2","",
"2","2.19.0","missingInclude","information","Include file: &quot;pyconfig.h&quot; not found.","Include file: &quot;pyconfig.h&quot; not found.","","","C:\Users\lawrence\Desktop\School\GATech\Spring 2026\PUBP 6727 Cyber Sec Practicum\SourceCodeRepos\GitHub\SCAMR_Helper_SampleSourceCode\Modules\_testlimitedcapi\parts.h","7","2","",
"2","2.19.0","missingInclude","information","Include file: &quot;Python.h&quot; not found.","Include file: &quot;Python.h&quot; not found.","","","C:\Users\lawrence\Desktop\School\GATech\Spring 2026\PUBP 6727 Cyber Sec Practicum\SourceCodeRepos\GitHub\SCAMR_Helper_SampleSourceCode\Modules\_testlimitedcapi\parts.h","19","2","",
"2","2.19.0","missingInclude","information","Include file: &quot;pyconfig.h&quot; not found.","Include file: &quot;pyconfig.h&quot; not found.","","","C:\Users\lawrence\Desktop\School\GATech\Spring 2026\PUBP 6727 Cyber Sec Practicum\SourceCodeRepos\GitHub\SCAMR_Helper_SampleSourceCode\Modules\_testlimitedcapi\parts.h","7","2","",
"2","2.19.0","missingInclude","information","Include file: &quot;Python.h&quot; not found.","Include file: &quot;Python.h&quot; not found.","","","C:\Users\lawrence\Desktop\School\GATech\Spring 2026\PUBP 6727 Cyber Sec Practicum\SourceCodeRepos\GitHub\SCAMR_Helper_SampleSourceCode\Modules\_testlimitedcapi\parts.h","19","2","",
"2","2.19.0","missingInclude","information","Include file: &quot;pyconfig.h&quot; not found.","Include file: &quot;pyconfig.h&quot; not found.","","","C:\Users\lawrence\Desktop\School\GATech\Spring 2026\PUBP 6727 Cyber Sec Practicum\SourceCodeRepos\GitHub\SCAMR_Helper_SampleSourceCode\Modules\_testlimitedcapi\parts.h","7","2","",
"2","2.19.0","missingInclude","information","Include file: &quot;Python.h&quot; not found.","Include file: &quot;Python.h&quot; not found.","","","C:\Users\lawrence\Desktop\School\GATech\Spring 2026\PUBP 6727 Cyber Sec Practicum\SourceCodeRepos\GitHub\SCAMR_Helper_SampleSourceCode\Modules\_testlimitedcapi\parts.h","19","2","",
"2","2.19.0","missingInclude","information","Include file: &quot;pyconfig.h&quot; not found.","Include file: &quot;pyconfig.h&quot; not found.","","","C:\Users\lawrence\Desktop\School\GATech\Spring 2026\PUBP 6727 Cyber Sec Practicum\SourceCodeRepos\GitHub\SCAMR_Helper_SampleSourceCode\Modules\_testlimitedcapi\parts.h","7","2","",
"2","2.19.0","missingInclude","information","Include file: &quot;Python.h&quot; not found.","Include file: &quot;Python.h&quot; not found.","","","C:\Users\lawrence\Desktop\School\GATech\Spring 2026\PUBP 6727 Cyber Sec Practicum\SourceCodeRepos\GitHub\SCAMR_Helper_SampleSourceCode\Modules\_testlimitedcapi\parts.h","19","2","",
"2","2.19.0","missingInclude","information","Include file: &quot;pyconfig.h&quot; not found.","Include file: &quot;pyconfig.h&quot; not found.","","","C:\Users\lawrence\Desktop\School\GATech\Spring 2026\PUBP 6727 Cyber Sec Practicum\SourceCodeRepos\GitHub\SCAMR_Helper_SampleSourceCode\Modules\_testlimitedcapi\parts.h","7","2","",
"2","2.19.0","missingInclude","information","Include file: &quot;Python.h&quot; not found.","Include file: &quot;Python.h&quot; not found.","","","C:\Users\lawrence\Desktop\School\GATech\Spring 2026\PUBP 6727 Cyber Sec Practicum\SourceCodeRepos\GitHub\SCAMR_Helper_SampleSourceCode\Modules\_testlimitedcapi\parts.h","19","2","",
"2","2.19.0","missingInclude","information","Include file: &quot;pyconfig.h&quot; not found.","Include file: &quot;pyconfig.h&quot; not found.","","","C:\Users\lawrence\Desktop\School\GATech\Spring 2026\PUBP 6727 Cyber Sec Practicum\SourceCodeRepos\GitHub\SCAMR_Helper_SampleSourceCode\Modules\_testlimitedcapi\parts.h","7","2","",
"2","2.19.0","missingInclude","information","Include file: &quot;Python.h&quot; not found.","Include file: &quot;Python.h&quot; not found.","","","C:\Users\lawrence\Desktop\School\GATech\Spring 2026\PUBP 6727 Cyber Sec Practicum\SourceCodeRepos\GitHub\SCAMR_Helper_SampleSourceCode\Modules\_testlimitedcapi\parts.h","19","2","",
"2","2.19.0","missingInclude","information","Include file: &quot;pyconfig.h&quot; not found.","Include file: &quot;pyconfig.h&quot; not found.","","","C:\Users\lawrence\Desktop\School\GATech\Spring 2026\PUBP 6727 Cyber Sec Practicum\SourceCodeRepos\GitHub\SCAMR_Helper_SampleSourceCode\Modules\_testlimitedcapi\parts.h","7","2","",
"2","2.19.0","missingInclude","information","Include file: &quot;Python.h&quot; not found.","Include file: &quot;Python.h&quot; not found.","","","C:\Users\lawrence\Desktop\School\GATech\Spring 2026\PUBP 6727 Cyber Sec Practicum\SourceCodeRepos\GitHub\SCAMR_Helper_SampleSourceCode\Modules\_testlimitedcapi\parts.h","19","2","",
"2","2.19.0","missingInclude","information","Include file: &quot;pyconfig.h&quot; not found.","Include file: &quot;pyconfig.h&quot; not found.","","","C:\Users\lawrence\Desktop\School\GATech\Spring 2026\PUBP 6727 Cyber Sec Practicum\SourceCodeRepos\GitHub\SCAMR_Helper_SampleSourceCode\Modules\_testlimitedcapi\parts.h","7","2","",
"2","2.19.0","missingInclude","information","Include file: &quot;Python.h&quot; not found.","Include file: &quot;Python.h&quot; not found.","","","C:\Users\lawrence\Desktop\School\GATech\Spring 2026\PUBP 6727 Cyber Sec Practicum\SourceCodeRepos\GitHub\SCAMR_Helper_SampleSourceCode\Modules\_testlimitedcapi\parts.h","19","2","",
"2","2.19.0","missingInclude","information","Include file: &quot;pyconfig.h&quot; not found.","Include file: &quot;pyconfig.h&quot; not found.","","","C:\Users\lawrence\Desktop\School\GATech\Spring 2026\PUBP 6727 Cyber Sec Practicum\SourceCodeRepos\GitHub\SCAMR_Helper_SampleSourceCode\Modules\_testlimitedcapi\parts.h","7","2","",
"2","2.19.0","missingInclude","information","Include file: &quot;Python.h&quot; not found.","Include file: &quot;Python.h&quot; not found.","","","C:\Users\lawrence\Desktop\School\GATech\Spring 2026\PUBP 6727 Cyber Sec Practicum\SourceCodeRepos\GitHub\SCAMR_Helper_SampleSourceCode\Modules\_testlimitedcapi\parts.h","19","2","",
"2","2.19.0","missingInclude","information","Include file: &quot;pyconfig.h&quot; not found.","Include file: &quot;pyconfig.h&quot; not found.","","","C:\Users\lawrence\Desktop\School\GATech\Spring 2026\PUBP 6727 Cyber Sec Practicum\SourceCodeRepos\GitHub\SCAMR_Helper_SampleSourceCode\Modules\_testlimitedcapi\parts.h","7","2","",
"2","2.19.0","missingInclude","information","Include file: &quot;Python.h&quot; not found.","Include file: &quot;Python.h&quot; not found.","","","C:\Users\lawrence\Desktop\School\GATech\Spring 2026\PUBP 6727 Cyber Sec Practicum\SourceCodeRepos\GitHub\SCAMR_Helper_SampleSourceCode\Modules\_testlimitedcapi\parts.h","19","2","",
"2","2.19.0","missingInclude","information","Include file: &quot;pyconfig.h&quot; not found.","Include file: &quot;pyconfig.h&quot; not found.","","","C:\Users\lawrence\Desktop\School\GATech\Spring 2026\PUBP 6727 Cyber Sec Practicum\SourceCodeRepos\GitHub\SCAMR_Helper_SampleSourceCode\Modules\_testlimitedcapi\parts.h","7","2","",
"2","2.19.0","missingInclude","information","Include file: &quot;Python.h&quot; not found.","Include file: &quot;Python.h&quot; not found.","","","C:\Users\lawrence\Desktop\School\GATech\Spring 2026\PUBP 6727 Cyber Sec Practicum\SourceCodeRepos\GitHub\SCAMR_Helper_SampleSourceCode\Modules\_testlimitedcapi\parts.h","19","2","",
"2","2.19.0","missingInclude","information","Include file: &quot;pyconfig.h&quot; not found.","Include file: &quot;pyconfig.h&quot; not found.","","","C:\Users\lawrence\Desktop\School\GATech\Spring 2026\PUBP 6727 Cyber Sec Practicum\SourceCodeRepos\GitHub\SCAMR_Helper_SampleSourceCode\Modules\_testlimitedcapi\parts.h","7","2","",
"2","2.19.0","missingInclude","information","Include file: &quot;Python.h&quot; not found.","Include file: &quot;Python.h&quot; not found.","","","C:\Users\lawrence\Desktop\School\GATech\Spring 2026\PUBP 6727 Cyber Sec Practicum\SourceCodeRepos\GitHub\SCAMR_Helper_SampleSourceCode\Modules\_testlimitedcapi\parts.h","19","2","",
"2","2.19.0","missingInclude","information","Include file: &quot;pyconfig.h&quot; not found.","Include file: &quot;pyconfig.h&quot; not found.","","","C:\Users\lawrence\Desktop\School\GATech\Spring 2026\PUBP 6727 Cyber Sec Practicum\SourceCodeRepos\GitHub\SCAMR_Helper_SampleSourceCode\Modules\_testlimitedcapi\parts.h","7","2","",
"2","2.19.0","missingInclude","information","Include file: &quot;Python.h&quot; not found.","Include file: &quot;Python.h&quot; not found.","","","C:\Users\lawrence\Desktop\School\GATech\Spring 2026\PUBP 6727 Cyber Sec Practicum\SourceCodeRepos\GitHub\SCAMR_Helper_SampleSourceCode\Modules\_testlimitedcapi\parts.h","19","2","",
"2","2.19.0","missingInclude","information","Include file: &quot;pyconfig.h&quot; not found.","Include file: &quot;pyconfig.h&quot; not found.","","","C:\Users\lawrence\Desktop\School\GATech\Spring 2026\PUBP 6727 Cyber Sec Practicum\SourceCodeRepos\GitHub\SCAMR_Helper_SampleSourceCode\Modules\_testlimitedcapi\parts.h","7","2","",
"2","2.19.0","missingInclude","information","Include file: &quot;Python.h&quot; not found.","Include file: &quot;Python.h&quot; not found.","","","C:\Users\lawrence\Desktop\School\GATech\Spring 2026\PUBP 6727 Cyber Sec Practicum\SourceCodeRepos\GitHub\SCAMR_Helper_SampleSourceCode\Modules\_testlimitedcapi\parts.h","19","2","",
"2","2.19.0","normalCheckLevelMaxBranches","information","Limiting analysis of branches. Use --check-level=exhaustive to analyze all branches.","Limiting analysis of branches. Use --check-level=exhaustive to analyze all branches.","","","C:\Users\lawrence\Desktop\School\GATech\Spring 2026\PUBP 6727 Cyber Sec Practicum\SourceCodeRepos\GitHub\SCAMR_Helper_SampleSourceCode\Modules\_testlimitedcapi.c","0","","",
"2","2.19.0","missingInclude","information","Include file: &quot;Python.h&quot; not found.","Include file: &quot;Python.h&quot; not found.","","","C:\Users\lawrence\Desktop\School\GATech\Spring 2026\PUBP 6727 Cyber Sec Practicum\SourceCodeRepos\GitHub\SCAMR_Helper_SampleSourceCode\Modules\_testmultiphase.c","8","2","",
"2","2.19.0","missingInclude","information","Include file: &quot;pycore_modsupport.h&quot; not found.","Include file: &quot;pycore_modsupport.h&quot; not found.","","","C:\Users\lawrence\Desktop\School\GATech\Spring 2026\PUBP 6727 Cyber Sec Practicum\SourceCodeRepos\GitHub\SCAMR_Helper_SampleSourceCode\Modules\_testmultiphase.c","9","2","",
"2","2.19.0","missingInclude","information","Include file: &quot;pycore_namespace.h&quot; not found.","Include file: &quot;pycore_namespace.h&quot; not found.","","","C:\Users\lawrence\Desktop\School\GATech\Spring 2026\PUBP 6727 Cyber Sec Practicum\SourceCodeRepos\GitHub\SCAMR_Helper_SampleSourceCode\Modules\_testmultiphase.c","10","2","",
"2","2.19.0","missingReturn","error","Found an exit path from function with non-void return type that has missing return statement","Found an exit path from function with non-void return type that has missing return statement","758","","C:\Users\lawrence\Desktop\School\GATech\Spring 2026\PUBP 6727 Cyber Sec Practicum\SourceCodeRepos\GitHub\SCAMR_Helper_SampleSourceCode\Modules\_testmultiphase.c","66","5","",
"2","2.19.0","missingReturn","error","Found an exit path from function with non-void return type that has missing return statement","Found an exit path from function with non-void return type that has missing return statement","758","","C:\Users\lawrence\Desktop\School\GATech\Spring 2026\PUBP 6727 Cyber Sec Practicum\SourceCodeRepos\GitHub\SCAMR_Helper_SampleSourceCode\Modules\_testmultiphase.c","205","5","",
"2","2.19.0","missingReturn","error","Found an exit path from function with non-void return type that has missing return statement","Found an exit path from function with non-void return type that has missing return statement","758","","C:\Users\lawrence\Desktop\School\GATech\Spring 2026\PUBP 6727 Cyber Sec Practicum\SourceCodeRepos\GitHub\SCAMR_Helper_SampleSourceCode\Modules\_testmultiphase.c","250","5","",
"2","2.19.0","missingReturn","error","Found an exit path from function with non-void return type that has missing return statement","Found an exit path from function with non-void return type that has missing return statement","758","","C:\Users\lawrence\Desktop\School\GATech\Spring 2026\PUBP 6727 Cyber Sec Practicum\SourceCodeRepos\GitHub\SCAMR_Helper_SampleSourceCode\Modules\_testmultiphase.c","337","16","",
"2","2.19.0","constParameterCallback","style","Parameter &#039;def&#039; can be declared as pointer to const. However it seems that &#039;createfunc_nonmodule&#039; is a callback function, if &#039;def&#039; is declared with const you might also need to cast function pointer(s).","Parameter &#039;def&#039; can be declared as pointer to const. However it seems that &#039;createfunc_nonmodule&#039; is a callback function, if &#039;def&#039; is declared with const you might also need to cast function pointer(s).","398","","C:\Users\lawrence\Desktop\School\GATech\Spring 2026\PUBP 6727 Cyber Sec Practicum\SourceCodeRepos\GitHub\SCAMR_Helper_SampleSourceCode\Modules\_testmultiphase.c","457","51","Parameter &#039;def&#039; can be declared as pointer to const",
"2","2.19.0","constParameterCallback","style","Parameter &#039;def&#039; can be declared as pointer to const. However it seems that &#039;createfunc_nonmodule&#039; is a callback function, if &#039;def&#039; is declared with const you might also need to cast function pointer(s).","Parameter &#039;def&#039; can be declared as pointer to const. However it seems that &#039;createfunc_nonmodule&#039; is a callback function, if &#039;def&#039; is declared with const you might also need to cast function pointer(s).","398","","C:\Users\lawrence\Desktop\School\GATech\Spring 2026\PUBP 6727 Cyber Sec Practicum\SourceCodeRepos\GitHub\SCAMR_Helper_SampleSourceCode\Modules\_testmultiphase.c","769","21","You might need to cast the function pointer here",
"2","2.19.0","constParameterCallback","style","Parameter &#039;spec&#039; can be declared as pointer to const. However it seems that &#039;createfunc_noop&#039; is a callback function, if &#039;spec&#039; is declared with const you might also need to cast function pointer(s).","Parameter &#039;spec&#039; can be declared as pointer to const. However it seems that &#039;createfunc_noop&#039; is a callback function, if &#039;spec&#039; is declared with const you might also need to cast function pointer(s).","398","","C:\Users\lawrence\Desktop\School\GATech\Spring 2026\PUBP 6727 Cyber Sec Practicum\SourceCodeRepos\GitHub\SCAMR_Helper_SampleSourceCode\Modules\_testmultiphase.c","686","27","Parameter &#039;spec&#039; can be declared as pointer to const",
"2","2.19.0","constParameterCallback","style","Parameter &#039;spec&#039; can be declared as pointer to const. However it seems that &#039;createfunc_noop&#039; is a callback function, if &#039;spec&#039; is declared with const you might also need to cast function pointer(s).","Parameter &#039;spec&#039; can be declared as pointer to const. However it seems that &#039;createfunc_noop&#039; is a callback function, if &#039;spec&#039; is declared with const you might also need to cast function pointer(s).","398","","C:\Users\lawrence\Desktop\School\GATech\Spring 2026\PUBP 6727 Cyber Sec Practicum\SourceCodeRepos\GitHub\SCAMR_Helper_SampleSourceCode\Modules\_testmultiphase.c","693","21","You might need to cast the function pointer here",
"2","2.19.0","constParameterCallback","style","Parameter &#039;def&#039; can be declared as pointer to const. However it seems that &#039;createfunc_noop&#039; is a callback function, if &#039;def&#039; is declared with const you might also need to cast function pointer(s).","Parameter &#039;def&#039; can be declared as pointer to const. However it seems that &#039;createfunc_noop&#039; is a callback function, if &#039;def&#039; is declared with const you might also need to cast function pointer(s).","398","","C:\Users\lawrence\Desktop\School\GATech\Spring 2026\PUBP 6727 Cyber Sec Practicum\SourceCodeRepos\GitHub\SCAMR_Helper_SampleSourceCode\Modules\_testmultiphase.c","686","46","Parameter &#039;def&#039; can be declared as pointer to const",
"2","2.19.0","constParameterCallback","style","Parameter &#039;def&#039; can be declared as pointer to const. However it seems that &#039;createfunc_noop&#039; is a callback function, if &#039;def&#039; is declared with const you might also need to cast function pointer(s).","Parameter &#039;def&#039; can be declared as pointer to const. However it seems that &#039;createfunc_noop&#039; is a callback function, if &#039;def&#039; is declared with const you might also need to cast function pointer(s).","398","","C:\Users\lawrence\Desktop\School\GATech\Spring 2026\PUBP 6727 Cyber Sec Practicum\SourceCodeRepos\GitHub\SCAMR_Helper_SampleSourceCode\Modules\_testmultiphase.c","693","21","You might need to cast the function pointer here",
"2","2.19.0","constParameterCallback","style","Parameter &#039;spec&#039; can be declared as pointer to const. However it seems that &#039;createfunc_null&#039; is a callback function, if &#039;spec&#039; is declared with const you might also need to cast function pointer(s).","Parameter &#039;spec&#039; can be declared as pointer to const. However it seems that &#039;createfunc_null&#039; is a callback function, if &#039;spec&#039; is declared with const you might also need to cast function pointer(s).","398","","C:\Users\lawrence\Desktop\School\GATech\Spring 2026\PUBP 6727 Cyber Sec Practicum\SourceCodeRepos\GitHub\SCAMR_Helper_SampleSourceCode\Modules\_testmultiphase.c","707","27","Parameter &#039;spec&#039; can be declared as pointer to const",
"2","2.19.0","constParameterCallback","style","Parameter &#039;spec&#039; can be declared as pointer to const. However it seems that &#039;createfunc_null&#039; is a callback function, if &#039;spec&#039; is declared with const you might also need to cast function pointer(s).","Parameter &#039;spec&#039; can be declared as pointer to const. However it seems that &#039;createfunc_null&#039; is a callback function, if &#039;spec&#039; is declared with const you might also need to cast function pointer(s).","398","","C:\Users\lawrence\Desktop\School\GATech\Spring 2026\PUBP 6727 Cyber Sec Practicum\SourceCodeRepos\GitHub\SCAMR_Helper_SampleSourceCode\Modules\_testmultiphase.c","713","21","You might need to cast the function pointer here",
"2","2.19.0","constParameterCallback","style","Parameter &#039;def&#039; can be declared as pointer to const. However it seems that &#039;createfunc_null&#039; is a callback function, if &#039;def&#039; is declared with const you might also need to cast function pointer(s).","Parameter &#039;def&#039; can be declared as pointer to const. However it seems that &#039;createfunc_null&#039; is a callback function, if &#039;def&#039; is declared with const you might also need to cast function pointer(s).","398","","C:\Users\lawrence\Desktop\School\GATech\Spring 2026\PUBP 6727 Cyber Sec Practicum\SourceCodeRepos\GitHub\SCAMR_Helper_SampleSourceCode\Modules\_testmultiphase.c","707","46","Parameter &#039;def&#039; can be declared as pointer to const",
"2","2.19.0","constParameterCallback","style","Parameter &#039;def&#039; can be declared as pointer to const. However it seems that &#039;createfunc_null&#039; is a callback function, if &#039;def&#039; is declared with const you might also need to cast function pointer(s).","Parameter &#039;def&#039; can be declared as pointer to const. However it seems that &#039;createfunc_null&#039; is a callback function, if &#039;def&#039; is declared with const you might also need to cast function pointer(s).","398","","C:\Users\lawrence\Desktop\School\GATech\Spring 2026\PUBP 6727 Cyber Sec Practicum\SourceCodeRepos\GitHub\SCAMR_Helper_SampleSourceCode\Modules\_testmultiphase.c","713","21","You might need to cast the function pointer here",
"2","2.19.0","constParameterCallback","style","Parameter &#039;mod&#039; can be declared as pointer to const. However it seems that &#039;execfunc_err&#039; is a callback function, if &#039;mod&#039; is declared with const you might also need to cast function pointer(s).","Parameter &#039;mod&#039; can be declared as pointer to const. However it seems that &#039;execfunc_err&#039; is a callback function, if &#039;mod&#039; is declared with const you might also need to cast function pointer(s).","398","","C:\Users\lawrence\Desktop\School\GATech\Spring 2026\PUBP 6727 Cyber Sec Practicum\SourceCodeRepos\GitHub\SCAMR_Helper_SampleSourceCode\Modules\_testmultiphase.c","786","24","Parameter &#039;mod&#039; can be declared as pointer to const",
"2","2.19.0","constParameterCallback","style","Parameter &#039;mod&#039; can be declared as pointer to const. However it seems that &#039;execfunc_err&#039; is a callback function, if &#039;mod&#039; is declared with const you might also need to cast function pointer(s).","Parameter &#039;mod&#039; can be declared as pointer to const. However it seems that &#039;execfunc_err&#039; is a callback function, if &#039;mod&#039; is declared with const you might also need to cast function pointer(s).","398","","C:\Users\lawrence\Desktop\School\GATech\Spring 2026\PUBP 6727 Cyber Sec Practicum\SourceCodeRepos\GitHub\SCAMR_Helper_SampleSourceCode\Modules\_testmultiphase.c","792","19","You might need to cast the function pointer here",
"2","2.19.0","constVariablePointer","style","Variable &#039;m_state&#039; can be declared as pointer to const","Variable &#039;m_state&#039; can be declared as pointer to const","398","","C:\Users\lawrence\Desktop\School\GATech\Spring 2026\PUBP 6727 Cyber Sec Practicum\SourceCodeRepos\GitHub\SCAMR_Helper_SampleSourceCode\Modules\_testmultiphase.c","879","17","",
"2","2.19.0","constParameterCallback","style","Parameter &#039;spec&#039; can be declared as pointer to const. However it seems that &#039;modexport_create_string&#039; is a callback function, if &#039;spec&#039; is declared with const you might also need to cast function pointer(s).","Parameter &#039;spec&#039; can be declared as pointer to const. However it seems that &#039;modexport_create_string&#039; is a callback function, if &#039;spec&#039; is declared with const you might also need to cast function pointer(s).","398","","C:\Users\lawrence\Desktop\School\GATech\Spring 2026\PUBP 6727 Cyber Sec Practicum\SourceCodeRepos\GitHub\SCAMR_Helper_SampleSourceCode\Modules\_testmultiphase.c","1078","35","Parameter &#039;spec&#039; can be declared as pointer to const",
"2","2.19.0","constParameterCallback","style","Parameter &#039;spec&#039; can be declared as pointer to const. However it seems that &#039;modexport_create_string&#039; is a callback function, if &#039;spec&#039; is declared with const you might also need to cast function pointer(s).","Parameter &#039;spec&#039; can be declared as pointer to const. However it seems that &#039;modexport_create_string&#039; is a callback function, if &#039;spec&#039; is declared with const you might also need to cast function pointer(s).","398","","C:\Users\lawrence\Desktop\School\GATech\Spring 2026\PUBP 6727 Cyber Sec Practicum\SourceCodeRepos\GitHub\SCAMR_Helper_SampleSourceCode\Modules\_testmultiphase.c","1102","25","You might need to cast the function pointer here",
"2","2.19.0","constParameterCallback","style","Parameter &#039;def&#039; can be declared as pointer to const. However it seems that &#039;modexport_create_string&#039; is a callback function, if &#039;def&#039; is declared with const you might also need to cast function pointer(s).","Parameter &#039;def&#039; can be declared as pointer to const. However it seems that &#039;modexport_create_string&#039; is a callback function, if &#039;def&#039; is declared with const you might also need to cast function pointer(s).","398","","C:\Users\lawrence\Desktop\School\GATech\Spring 2026\PUBP 6727 Cyber Sec Practicum\SourceCodeRepos\GitHub\SCAMR_Helper_SampleSourceCode\Modules\_testmultiphase.c","1078","54","Parameter &#039;def&#039; can be declared as pointer to const",
"2","2.19.0","constParameterCallback","style","Parameter &#039;def&#039; can be declared as pointer to const. However it seems that &#039;modexport_create_string&#039; is a callback function, if &#039;def&#039; is declared with const you might also need to cast function pointer(s).","Parameter &#039;def&#039; can be declared as pointer to const. However it seems that &#039;modexport_create_string&#039; is a callback function, if &#039;def&#039; is declared with const you might also need to cast function pointer(s).","398","","C:\Users\lawrence\Desktop\School\GATech\Spring 2026\PUBP 6727 Cyber Sec Practicum\SourceCodeRepos\GitHub\SCAMR_Helper_SampleSourceCode\Modules\_testmultiphase.c","1102","25","You might need to cast the function pointer here",
"2","2.19.0","constVariablePointer","style","Variable &#039;state&#039; can be declared as pointer to const","Variable &#039;state&#039; can be declared as pointer to const","398","","C:\Users\lawrence\Desktop\School\GATech\Spring 2026\PUBP 6727 Cyber Sec Practicum\SourceCodeRepos\GitHub\SCAMR_Helper_SampleSourceCode\Modules\_testmultiphase.c","1173","10","",
"2","2.19.0","unusedStructMember","style","struct member &#039;testmultiphase_state::integer&#039; is never used.","struct member &#039;testmultiphase_state::integer&#039; is never used.","563","","C:\Users\lawrence\Desktop\School\GATech\Spring 2026\PUBP 6727 Cyber Sec Practicum\SourceCodeRepos\GitHub\SCAMR_Helper_SampleSourceCode\Modules\_testmultiphase.c","34","15","",
"2","2.19.0","missingInclude","information","Include file: &quot;pycore_modsupport.h&quot; not found.","Include file: &quot;pycore_modsupport.h&quot; not found.","","","C:\Users\lawrence\Desktop\School\GATech\Spring 2026\PUBP 6727 Cyber Sec Practicum\SourceCodeRepos\GitHub\SCAMR_Helper_SampleSourceCode\Modules\clinic\_testmultiphase.c.h","9","2","",
"2","2.19.0","missingInclude","information","Include file: &quot;Python.h&quot; not found.","Include file: &quot;Python.h&quot; not found.","","","C:\Users\lawrence\Desktop\School\GATech\Spring 2026\PUBP 6727 Cyber Sec Practicum\SourceCodeRepos\GitHub\SCAMR_Helper_SampleSourceCode\Modules\_testsinglephase.c","210","2","",
"2","2.19.0","missingInclude","information","Include file: &quot;pycore_namespace.h&quot; not found.","Include file: &quot;pycore_namespace.h&quot; not found.","","","C:\Users\lawrence\Desktop\School\GATech\Spring 2026\PUBP 6727 Cyber Sec Practicum\SourceCodeRepos\GitHub\SCAMR_Helper_SampleSourceCode\Modules\_testsinglephase.c","211","2","",
"2","2.19.0","missingReturn","error","Found an exit path from function with non-void return type that has missing return statement","Found an exit path from function with non-void return type that has missing return statement","758","","C:\Users\lawrence\Desktop\School\GATech\Spring 2026\PUBP 6727 Cyber Sec Practicum\SourceCodeRepos\GitHub\SCAMR_Helper_SampleSourceCode\Modules\_testsinglephase.c","458","5","",
"2","2.19.0","constParameterCallback","style","Parameter &#039;self&#039; can be declared as pointer to const. However it seems that &#039;circularmod_clear_static_var&#039; is a callback function, if &#039;self&#039; is declared with const you might also need to cast function pointer(s).","Parameter &#039;self&#039; can be declared as pointer to const. However it seems that &#039;circularmod_clear_static_var&#039; is a callback function, if &#039;self&#039; is declared with const you might also need to cast function pointer(s).","398","","C:\Users\lawrence\Desktop\School\GATech\Spring 2026\PUBP 6727 Cyber Sec Practicum\SourceCodeRepos\GitHub\SCAMR_Helper_SampleSourceCode\Modules\_testsinglephase.c","763","40","Parameter &#039;self&#039; can be declared as pointer to const",
"2","2.19.0","constParameterCallback","style","Parameter &#039;self&#039; can be declared as pointer to const. However it seems that &#039;circularmod_clear_static_var&#039; is a callback function, if &#039;self&#039; is declared with const you might also need to cast function pointer(s).","Parameter &#039;self&#039; can be declared as pointer to const. However it seems that &#039;circularmod_clear_static_var&#039; is a callback function, if &#039;self&#039; is declared with const you might also need to cast function pointer(s).","398","","C:\Users\lawrence\Desktop\School\GATech\Spring 2026\PUBP 6727 Cyber Sec Practicum\SourceCodeRepos\GitHub\SCAMR_Helper_SampleSourceCode\Modules\_testsinglephase.c","775","30","You might need to cast the function pointer here",
"2","2.19.0","constParameterCallback","style","Parameter &#039;arg&#039; can be declared as pointer to const. However it seems that &#039;circularmod_clear_static_var&#039; is a callback function, if &#039;arg&#039; is declared with const you might also need to cast function pointer(s).","Parameter &#039;arg&#039; can be declared as pointer to const. However it seems that &#039;circularmod_clear_static_var&#039; is a callback function, if &#039;arg&#039; is declared with const you might also need to cast function pointer(s).","398","","C:\Users\lawrence\Desktop\School\GATech\Spring 2026\PUBP 6727 Cyber Sec Practicum\SourceCodeRepos\GitHub\SCAMR_Helper_SampleSourceCode\Modules\_testsinglephase.c","763","56","Parameter &#039;arg&#039; can be declared as pointer to const",
"2","2.19.0","constParameterCallback","style","Parameter &#039;arg&#039; can be declared as pointer to const. However it seems that &#039;circularmod_clear_static_var&#039; is a callback function, if &#039;arg&#039; is declared with const you might also need to cast function pointer(s).","Parameter &#039;arg&#039; can be declared as pointer to const. However it seems that &#039;circularmod_clear_static_var&#039; is a callback function, if &#039;arg&#039; is declared with const you might also need to cast function pointer(s).","398","","C:\Users\lawrence\Desktop\School\GATech\Spring 2026\PUBP 6727 Cyber Sec Practicum\SourceCodeRepos\GitHub\SCAMR_Helper_SampleSourceCode\Modules\_testsinglephase.c","775","30","You might need to cast the function pointer here",
"2","2.19.0","missingInclude","information","Include file: &quot;Python.h&quot; not found.","Include file: &quot;Python.h&quot; not found.","","","C:\Users\lawrence\Desktop\School\GATech\Spring 2026\PUBP 6727 Cyber Sec Practicum\SourceCodeRepos\GitHub\SCAMR_Helper_SampleSourceCode\Modules\_threadmodule.c","4","2","",
"2","2.19.0","missingInclude","information","Include file: &quot;pycore_fileutils.h&quot; not found.","Include file: &quot;pycore_fileutils.h&quot; not found.","","","C:\Users\lawrence\Desktop\School\GATech\Spring 2026\PUBP 6727 Cyber Sec Practicum\SourceCodeRepos\GitHub\SCAMR_Helper_SampleSourceCode\Modules\_threadmodule.c","5","2","",
"2","2.19.0","missingInclude","information","Include file: &quot;pycore_interp.h&quot; not found.","Include file: &quot;pycore_interp.h&quot; not found.","","","C:\Users\lawrence\Desktop\School\GATech\Spring 2026\PUBP 6727 Cyber Sec Practicum\SourceCodeRepos\GitHub\SCAMR_Helper_SampleSourceCode\Modules\_threadmodule.c","6","2","",
"2","2.19.0","missingInclude","information","Include file: &quot;pycore_lock.h&quot; not found.","Include file: &quot;pycore_lock.h&quot; not found.","","","C:\Users\lawrence\Desktop\School\GATech\Spring 2026\PUBP 6727 Cyber Sec Practicum\SourceCodeRepos\GitHub\SCAMR_Helper_SampleSourceCode\Modules\_threadmodule.c","7","2","",
"2","2.19.0","missingInclude","information","Include file: &quot;pycore_modsupport.h&quot; not found.","Include file: &quot;pycore_modsupport.h&quot; not found.","","","C:\Users\lawrence\Desktop\School\GATech\Spring 2026\PUBP 6727 Cyber Sec Practicum\SourceCodeRepos\GitHub\SCAMR_Helper_SampleSourceCode\Modules\_threadmodule.c","8","2","",
"2","2.19.0","missingInclude","information","Include file: &quot;pycore_moduleobject.h&quot; not found.","Include file: &quot;pycore_moduleobject.h&quot; not found.","","","C:\Users\lawrence\Desktop\School\GATech\Spring 2026\PUBP 6727 Cyber Sec Practicum\SourceCodeRepos\GitHub\SCAMR_Helper_SampleSourceCode\Modules\_threadmodule.c","9","2","",
"2","2.19.0","missingInclude","information","Include file: &quot;pycore_object_deferred.h&quot; not found.","Include file: &quot;pycore_object_deferred.h&quot; not found.","","","C:\Users\lawrence\Desktop\School\GATech\Spring 2026\PUBP 6727 Cyber Sec Practicum\SourceCodeRepos\GitHub\SCAMR_Helper_SampleSourceCode\Modules\_threadmodule.c","10","2","",
"2","2.19.0","missingInclude","information","Include file: &quot;pycore_pylifecycle.h&quot; not found.","Include file: &quot;pycore_pylifecycle.h&quot; not found.","","","C:\Users\lawrence\Desktop\School\GATech\Spring 2026\PUBP 6727 Cyber Sec Practicum\SourceCodeRepos\GitHub\SCAMR_Helper_SampleSourceCode\Modules\_threadmodule.c","11","2","",
"2","2.19.0","missingInclude","information","Include file: &quot;pycore_pystate.h&quot; not found.","Include file: &quot;pycore_pystate.h&quot; not found.","","","C:\Users\lawrence\Desktop\School\GATech\Spring 2026\PUBP 6727 Cyber Sec Practicum\SourceCodeRepos\GitHub\SCAMR_Helper_SampleSourceCode\Modules\_threadmodule.c","12","2","",
"2","2.19.0","missingInclude","information","Include file: &quot;pycore_time.h&quot; not found.","Include file: &quot;pycore_time.h&quot; not found.","","","C:\Users\lawrence\Desktop\School\GATech\Spring 2026\PUBP 6727 Cyber Sec Practicum\SourceCodeRepos\GitHub\SCAMR_Helper_SampleSourceCode\Modules\_threadmodule.c","13","2","",
"2","2.19.0","missingInclude","information","Include file: &quot;pycore_weakref.h&quot; not found.","Include file: &quot;pycore_weakref.h&quot; not found.","","","C:\Users\lawrence\Desktop\School\GATech\Spring 2026\PUBP 6727 Cyber Sec Practicum\SourceCodeRepos\GitHub\SCAMR_Helper_SampleSourceCode\Modules\_threadmodule.c","14","2","",
"2","2.19.0","missingIncludeSystem","information","Include file: &lt;stddef.h&gt; not found. Please note: Cppcheck does not need standard library headers to get proper results.","Include file: &lt;stddef.h&gt; not found. Please note: Cppcheck does not need standard library headers to get proper results.","","","C:\Users\lawrence\Desktop\School\GATech\Spring 2026\PUBP 6727 Cyber Sec Practicum\SourceCodeRepos\GitHub\SCAMR_Helper_SampleSourceCode\Modules\_threadmodule.c","16","2","",
"2","2.19.0","unknownMacro","error","There is an unknown macro here somewhere. Configuration is required. If PY_FORMAT_THREAD_IDENT_T is a macro then please configure it.","There is an unknown macro here somewhere. Configuration is required. If PY_FORMAT_THREAD_IDENT_T is a macro then please configure it.","","","C:\Users\lawrence\Desktop\School\GATech\Spring 2026\PUBP 6727 Cyber Sec Practicum\SourceCodeRepos\GitHub\SCAMR_Helper_SampleSourceCode\Modules\_threadmodule.c","675","55","",
"2","2.19.0","toomanyconfigs","information","Too many #ifdef configurations - cppcheck only checks 12 of 20 configurations. Use --force to check all configurations.","Too many #ifdef configurations - cppcheck only checks 12 of 20 configurations. Use --force to check all configurations.","398","","C:\Users\lawrence\Desktop\School\GATech\Spring 2026\PUBP 6727 Cyber Sec Practicum\SourceCodeRepos\GitHub\SCAMR_Helper_SampleSourceCode\Modules\_threadmodule.c","0","","",
"2","2.19.0","missingInclude","information","Include file: &quot;pycore_modsupport.h&quot; not found.","Include file: &quot;pycore_modsupport.h&quot; not found.","","","C:\Users\lawrence\Desktop\School\GATech\Spring 2026\PUBP 6727 Cyber Sec Practicum\SourceCodeRepos\GitHub\SCAMR_Helper_SampleSourceCode\Modules\clinic\_threadmodule.c.h","9","2","",
"2","2.19.0","missingInclude","information","Include file: &quot;Python.h&quot; not found.","Include file: &quot;Python.h&quot; not found.","","","C:\Users\lawrence\Desktop\School\GATech\Spring 2026\PUBP 6727 Cyber Sec Practicum\SourceCodeRepos\GitHub\SCAMR_Helper_SampleSourceCode\Modules\_tkinter.c","28","2","",
"2","2.19.0","missingInclude","information","Include file: &quot;pycore_long.h&quot; not found.","Include file: &quot;pycore_long.h&quot; not found.","","","C:\Users\lawrence\Desktop\School\GATech\Spring 2026\PUBP 6727 Cyber Sec Practicum\SourceCodeRepos\GitHub\SCAMR_Helper_SampleSourceCode\Modules\_tkinter.c","33","2","",
"2","2.19.0","missingInclude","information","Include file: &quot;pycore_unicodeobject.h&quot; not found.","Include file: &quot;pycore_unicodeobject.h&quot; not found.","","","C:\Users\lawrence\Desktop\School\GATech\Spring 2026\PUBP 6727 Cyber Sec Practicum\SourceCodeRepos\GitHub\SCAMR_Helper_SampleSourceCode\Modules\_tkinter.c","34","2","",
"2","2.19.0","missingIncludeSystem","information","Include file: &lt;tcl.h&gt; not found. Please note: Cppcheck does not need standard library headers to get proper results.","Include file: &lt;tcl.h&gt; not found. Please note: Cppcheck does not need standard library headers to get proper results.","","","C:\Users\lawrence\Desktop\School\GATech\Spring 2026\PUBP 6727 Cyber Sec Practicum\SourceCodeRepos\GitHub\SCAMR_Helper_SampleSourceCode\Modules\_tkinter.c","52","4","",
"2","2.19.0","missingIncludeSystem","information","Include file: &lt;tk.h&gt; not found. Please note: Cppcheck does not need standard library headers to get proper results.","Include file: &lt;tk.h&gt; not found. Please note: Cppcheck does not need standard library headers to get proper results.","","","C:\Users\lawrence\Desktop\School\GATech\Spring 2026\PUBP 6727 Cyber Sec Practicum\SourceCodeRepos\GitHub\SCAMR_Helper_SampleSourceCode\Modules\_tkinter.c","53","4","",
"2","2.19.0","missingInclude","information","Include file: &quot;pycore_fileutils.h&quot; not found.","Include file: &quot;pycore_fileutils.h&quot; not found.","","","C:\Users\lawrence\Desktop\School\GATech\Spring 2026\PUBP 6727 Cyber Sec Practicum\SourceCodeRepos\GitHub\SCAMR_Helper_SampleSourceCode\Modules\_tkinter.c","30","4","",
"2","2.19.0","missingIncludeSystem","information","Include file: &lt;windows.h&gt; not found. Please note: Cppcheck does not need standard library headers to get proper results.","Include file: &lt;windows.h&gt; not found. Please note: Cppcheck does not need standard library headers to get proper results.","","","C:\Users\lawrence\Desktop\School\GATech\Spring 2026\PUBP 6727 Cyber Sec Practicum\SourceCodeRepos\GitHub\SCAMR_Helper_SampleSourceCode\Modules\_tkinter.c","37","4","",
"2","2.19.0","missingIncludeSystem","information","Include file: &lt;Tcl/tcl.h&gt; not found. Please note: Cppcheck does not need standard library headers to get proper results.","Include file: &lt;Tcl/tcl.h&gt; not found. Please note: Cppcheck does not need standard library headers to get proper results.","","","C:\Users\lawrence\Desktop\School\GATech\Spring 2026\PUBP 6727 Cyber Sec Practicum\SourceCodeRepos\GitHub\SCAMR_Helper_SampleSourceCode\Modules\_tkinter.c","49","4","",
"2","2.19.0","missingIncludeSystem","information","Include file: &lt;Tk/tk.h&gt; not found. Please note: Cppcheck does not need standard library headers to get proper results.","Include file: &lt;Tk/tk.h&gt; not found. Please note: Cppcheck does not need standard library headers to get proper results.","","","C:\Users\lawrence\Desktop\School\GATech\Spring 2026\PUBP 6727 Cyber Sec Practicum\SourceCodeRepos\GitHub\SCAMR_Helper_SampleSourceCode\Modules\_tkinter.c","50","4","",
"2","2.19.0","preprocessorErrorDirective","error","#error &quot;Tk older than 8.5.12 not supported&quot;","#error &quot;Tk older than 8.5.12 not supported&quot;","","","C:\Users\lawrence\Desktop\School\GATech\Spring 2026\PUBP 6727 Cyber Sec Practicum\SourceCodeRepos\GitHub\SCAMR_Helper_SampleSourceCode\Modules\_tkinter.c","59","2","",
"2","2.19.0","noValidConfiguration","information","This file is not analyzed. Cppcheck failed to extract a valid configuration. Use -v for more details.","This file is not analyzed. Cppcheck failed to extract a valid configuration. The tested configurations have these preprocessor errors:
&#039;&#039; : [C:/Users/lawrence/Desktop/School/GATech/Spring 2026/PUBP 6727 Cyber Sec Practicum/SourceCodeRepos/GitHub/SCAMR_Helper_SampleSourceCode/Modules/_tkinter.c:59] #error &quot;Tk older than 8.5.12 not supported&quot;
MS_WINDOWS : [C:/Users/lawrence/Desktop/School/GATech/Spring 2026/PUBP 6727 Cyber Sec Practicum/SourceCodeRepos/GitHub/SCAMR_Helper_SampleSourceCode/Modules/_tkinter.c:59] #error &quot;Tk older than 8.5.12 not supported&quot;
MS_WINDOWS;Py_TCLTK_DIR : [C:/Users/lawrence/Desktop/School/GATech/Spring 2026/PUBP 6727 Cyber Sec Practicum/SourceCodeRepos/GitHub/SCAMR_Helper_SampleSourceCode/Modules/_tkinter.c:59] #error &quot;Tk older than 8.5.12 not supported&quot;
PY_LITTLE_ENDIAN : [C:/Users/lawrence/Desktop/School/GATech/Spring 2026/PUBP 6727 Cyber Sec Practicum/SourceCodeRepos/GitHub/SCAMR_Helper_SampleSourceCode/Modules/_tkinter.c:59] #error &quot;Tk older than 8.5.12 not supported&quot;
Py_GIL_DISABLED : [C:/Users/lawrence/Desktop/School/GATech/Spring 2026/PUBP 6727 Cyber Sec Practicum/SourceCodeRepos/GitHub/SCAMR_Helper_SampleSourceCode/Modules/_tkinter.c:59] #error &quot;Tk older than 8.5.12 not supported&quot;
TCL_WITH_EXTERNAL_TOMMATH : [C:/Users/lawrence/Desktop/School/GATech/Spring 2026/PUBP 6727 Cyber Sec Practicum/SourceCodeRepos/GitHub/SCAMR_Helper_SampleSourceCode/Modules/_tkinter.c:59] #error &quot;Tk older than 8.5.12 not supported&quot;
TK_FRAMEWORK : [C:/Users/lawrence/Desktop/School/GATech/Spring 2026/PUBP 6727 Cyber Sec Practicum/SourceCodeRepos/GitHub/SCAMR_Helper_SampleSourceCode/Modules/_tkinter.c:59] #error &quot;Tk older than 8.5.12 not supported&quot;","","","C:\Users\lawrence\Desktop\School\GATech\Spring 2026\PUBP 6727 Cyber Sec Practicum\SourceCodeRepos\GitHub\SCAMR_Helper_SampleSourceCode\Modules\_tkinter.c","0","","",
"2","2.19.0","missingInclude","information","Include file: &quot;Python.h&quot; not found.","Include file: &quot;Python.h&quot; not found.","","","C:\Users\lawrence\Desktop\School\GATech\Spring 2026\PUBP 6727 Cyber Sec Practicum\SourceCodeRepos\GitHub\SCAMR_Helper_SampleSourceCode\Modules\_tracemalloc.c","1","2","",
"2","2.19.0","missingInclude","information","Include file: &quot;pycore_tracemalloc.h&quot; not found.","Include file: &quot;pycore_tracemalloc.h&quot; not found.","","","C:\Users\lawrence\Desktop\School\GATech\Spring 2026\PUBP 6727 Cyber Sec Practicum\SourceCodeRepos\GitHub\SCAMR_Helper_SampleSourceCode\Modules\_tracemalloc.c","2","2","",
"2","2.19.0","missingReturn","error","Found an exit path from function with non-void return type that has missing return statement","Found an exit path from function with non-void return type that has missing return statement","758","","C:\Users\lawrence\Desktop\School\GATech\Spring 2026\PUBP 6727 Cyber Sec Practicum\SourceCodeRepos\GitHub\SCAMR_Helper_SampleSourceCode\Modules\_tracemalloc.c","101","5","",
"2","2.19.0","constParameterPointer","style","Parameter &#039;module&#039; can be declared as pointer to const","Parameter &#039;module&#039; can be declared as pointer to const","398","","C:\Users\lawrence\Desktop\School\GATech\Spring 2026\PUBP 6727 Cyber Sec Practicum\SourceCodeRepos\GitHub\SCAMR_Helper_SampleSourceCode\Modules\_tracemalloc.c","34","42","",
"2","2.19.0","constParameterPointer","style","Parameter &#039;module&#039; can be declared as pointer to const","Parameter &#039;module&#039; can be declared as pointer to const","398","","C:\Users\lawrence\Desktop\School\GATech\Spring 2026\PUBP 6727 Cyber Sec Practicum\SourceCodeRepos\GitHub\SCAMR_Helper_SampleSourceCode\Modules\_tracemalloc.c","54","41","",
"2","2.19.0","constParameterPointer","style","Parameter &#039;module&#039; can be declared as pointer to const","Parameter &#039;module&#039; can be declared as pointer to const","398","","C:\Users\lawrence\Desktop\School\GATech\Spring 2026\PUBP 6727 Cyber Sec Practicum\SourceCodeRepos\GitHub\SCAMR_Helper_SampleSourceCode\Modules\_tracemalloc.c","96","35","",
"2","2.19.0","constParameterPointer","style","Parameter &#039;module&#039; can be declared as pointer to const","Parameter &#039;module&#039; can be declared as pointer to const","398","","C:\Users\lawrence\Desktop\School\GATech\Spring 2026\PUBP 6727 Cyber Sec Practicum\SourceCodeRepos\GitHub\SCAMR_Helper_SampleSourceCode\Modules\_tracemalloc.c","115","34","",
"2","2.19.0","constParameterPointer","style","Parameter &#039;module&#039; can be declared as pointer to const","Parameter &#039;module&#039; can be declared as pointer to const","398","","C:\Users\lawrence\Desktop\School\GATech\Spring 2026\PUBP 6727 Cyber Sec Practicum\SourceCodeRepos\GitHub\SCAMR_Helper_SampleSourceCode\Modules\_tracemalloc.c","164","47","",
"2","2.19.0","constParameterPointer","style","Parameter &#039;module&#039; can be declared as pointer to const","Parameter &#039;module&#039; can be declared as pointer to const","398","","C:\Users\lawrence\Desktop\School\GATech\Spring 2026\PUBP 6727 Cyber Sec Practicum\SourceCodeRepos\GitHub\SCAMR_Helper_SampleSourceCode\Modules\_tracemalloc.c","181","40","",
"2","2.19.0","missingInclude","information","Include file: &quot;pycore_modsupport.h&quot; not found.","Include file: &quot;pycore_modsupport.h&quot; not found.","","","C:\Users\lawrence\Desktop\School\GATech\Spring 2026\PUBP 6727 Cyber Sec Practicum\SourceCodeRepos\GitHub\SCAMR_Helper_SampleSourceCode\Modules\clinic\_tracemalloc.c.h","5","2","",
"2","2.19.0","missingInclude","information","Include file: &quot;Python.h&quot; not found.","Include file: &quot;Python.h&quot; not found.","","","C:\Users\lawrence\Desktop\School\GATech\Spring 2026\PUBP 6727 Cyber Sec Practicum\SourceCodeRepos\GitHub\SCAMR_Helper_SampleSourceCode\Modules\_typesmodule.c","3","2","",
"2","2.19.0","missingInclude","information","Include file: &quot;pycore_descrobject.h&quot; not found.","Include file: &quot;pycore_descrobject.h&quot; not found.","","","C:\Users\lawrence\Desktop\School\GATech\Spring 2026\PUBP 6727 Cyber Sec Practicum\SourceCodeRepos\GitHub\SCAMR_Helper_SampleSourceCode\Modules\_typesmodule.c","4","2","",
"2","2.19.0","missingInclude","information","Include file: &quot;pycore_namespace.h&quot; not found.","Include file: &quot;pycore_namespace.h&quot; not found.","","","C:\Users\lawrence\Desktop\School\GATech\Spring 2026\PUBP 6727 Cyber Sec Practicum\SourceCodeRepos\GitHub\SCAMR_Helper_SampleSourceCode\Modules\_typesmodule.c","5","2","",
"2","2.19.0","missingInclude","information","Include file: &quot;pycore_object.h&quot; not found.","Include file: &quot;pycore_object.h&quot; not found.","","","C:\Users\lawrence\Desktop\School\GATech\Spring 2026\PUBP 6727 Cyber Sec Practicum\SourceCodeRepos\GitHub\SCAMR_Helper_SampleSourceCode\Modules\_typesmodule.c","6","2","",
"2","2.19.0","missingInclude","information","Include file: &quot;pycore_unionobject.h&quot; not found.","Include file: &quot;pycore_unionobject.h&quot; not found.","","","C:\Users\lawrence\Desktop\School\GATech\Spring 2026\PUBP 6727 Cyber Sec Practicum\SourceCodeRepos\GitHub\SCAMR_Helper_SampleSourceCode\Modules\_typesmodule.c","7","2","",
"2","2.19.0","missingInclude","information","Include file: &quot;Python.h&quot; not found.","Include file: &quot;Python.h&quot; not found.","","","C:\Users\lawrence\Desktop\School\GATech\Spring 2026\PUBP 6727 Cyber Sec Practicum\SourceCodeRepos\GitHub\SCAMR_Helper_SampleSourceCode\Modules\_typingmodule.c","7","2","",
"2","2.19.0","missingInclude","information","Include file: &quot;internal/pycore_interp.h&quot; not found.","Include file: &quot;internal/pycore_interp.h&quot; not found.","","","C:\Users\lawrence\Desktop\School\GATech\Spring 2026\PUBP 6727 Cyber Sec Practicum\SourceCodeRepos\GitHub\SCAMR_Helper_SampleSourceCode\Modules\_typingmodule.c","8","2","",
"2","2.19.0","missingInclude","information","Include file: &quot;internal/pycore_typevarobject.h&quot; not found.","Include file: &quot;internal/pycore_typevarobject.h&quot; not found.","","","C:\Users\lawrence\Desktop\School\GATech\Spring 2026\PUBP 6727 Cyber Sec Practicum\SourceCodeRepos\GitHub\SCAMR_Helper_SampleSourceCode\Modules\_typingmodule.c","9","2","",
"2","2.19.0","missingInclude","information","Include file: &quot;internal/pycore_unionobject.h&quot; not found.","Include file: &quot;internal/pycore_unionobject.h&quot; not found.","","","C:\Users\lawrence\Desktop\School\GATech\Spring 2026\PUBP 6727 Cyber Sec Practicum\SourceCodeRepos\GitHub\SCAMR_Helper_SampleSourceCode\Modules\_typingmodule.c","10","2","",
"2","2.19.0","missingInclude","information","Include file: &quot;pycore_pystate.h&quot; not found.","Include file: &quot;pycore_pystate.h&quot; not found.","","","C:\Users\lawrence\Desktop\School\GATech\Spring 2026\PUBP 6727 Cyber Sec Practicum\SourceCodeRepos\GitHub\SCAMR_Helper_SampleSourceCode\Modules\_typingmodule.c","11","2","",
"2","2.19.0","missingInclude","information","Include file: &quot;pyconfig.h&quot; not found.","Include file: &quot;pyconfig.h&quot; not found.","","","C:\Users\lawrence\Desktop\School\GATech\Spring 2026\PUBP 6727 Cyber Sec Practicum\SourceCodeRepos\GitHub\SCAMR_Helper_SampleSourceCode\Modules\_uuidmodule.c","7","2","",
"2","2.19.0","missingInclude","information","Include file: &quot;Python.h&quot; not found.","Include file: &quot;Python.h&quot; not found.","","","C:\Users\lawrence\Desktop\School\GATech\Spring 2026\PUBP 6727 Cyber Sec Practicum\SourceCodeRepos\GitHub\SCAMR_Helper_SampleSourceCode\Modules\_uuidmodule.c","12","2","",
"2","2.19.0","missingIncludeSystem","information","Include file: &lt;uuid.h&gt; not found. Please note: Cppcheck does not need standard library headers to get proper results.","Include file: &lt;uuid.h&gt; not found. Please note: Cppcheck does not need standard library headers to get proper results.","","","C:\Users\lawrence\Desktop\School\GATech\Spring 2026\PUBP 6727 Cyber Sec Practicum\SourceCodeRepos\GitHub\SCAMR_Helper_SampleSourceCode\Modules\_uuidmodule.c","15","4","",
"2","2.19.0","missingIncludeSystem","information","Include file: &lt;uuid/uuid.h&gt; not found. Please note: Cppcheck does not need standard library headers to get proper results.","Include file: &lt;uuid/uuid.h&gt; not found. Please note: Cppcheck does not need standard library headers to get proper results.","","","C:\Users\lawrence\Desktop\School\GATech\Spring 2026\PUBP 6727 Cyber Sec Practicum\SourceCodeRepos\GitHub\SCAMR_Helper_SampleSourceCode\Modules\_uuidmodule.c","18","4","",
"2","2.19.0","missingIncludeSystem","information","Include file: &lt;rpc.h&gt; not found. Please note: Cppcheck does not need standard library headers to get proper results.","Include file: &lt;rpc.h&gt; not found. Please note: Cppcheck does not need standard library headers to get proper results.","","","C:\Users\lawrence\Desktop\School\GATech\Spring 2026\PUBP 6727 Cyber Sec Practicum\SourceCodeRepos\GitHub\SCAMR_Helper_SampleSourceCode\Modules\_uuidmodule.c","22","2","",
"2","2.19.0","unknownMacro","error","There is an unknown macro here somewhere. Configuration is required. If Py_END_ALLOW_THREADS is a macro then please configure it.","There is an unknown macro here somewhere. Configuration is required. If Py_END_ALLOW_THREADS is a macro then please configure it.","","","C:\Users\lawrence\Desktop\School\GATech\Spring 2026\PUBP 6727 Cyber Sec Practicum\SourceCodeRepos\GitHub\SCAMR_Helper_SampleSourceCode\Modules\_uuidmodule.c","88","5","",
"2","2.19.0","missingInclude","information","Include file: &quot;Python.h&quot; not found.","Include file: &quot;Python.h&quot; not found.","","","C:\Users\lawrence\Desktop\School\GATech\Spring 2026\PUBP 6727 Cyber Sec Practicum\SourceCodeRepos\GitHub\SCAMR_Helper_SampleSourceCode\Modules\_weakref.c","1","2","",
"2","2.19.0","missingInclude","information","Include file: &quot;pycore_dict.h&quot; not found.","Include file: &quot;pycore_dict.h&quot; not found.","","","C:\Users\lawrence\Desktop\School\GATech\Spring 2026\PUBP 6727 Cyber Sec Practicum\SourceCodeRepos\GitHub\SCAMR_Helper_SampleSourceCode\Modules\_weakref.c","2","2","",
"2","2.19.0","missingInclude","information","Include file: &quot;pycore_object.h&quot; not found.","Include file: &quot;pycore_object.h&quot; not found.","","","C:\Users\lawrence\Desktop\School\GATech\Spring 2026\PUBP 6727 Cyber Sec Practicum\SourceCodeRepos\GitHub\SCAMR_Helper_SampleSourceCode\Modules\_weakref.c","3","2","",
"2","2.19.0","missingInclude","information","Include file: &quot;pycore_weakref.h&quot; not found.","Include file: &quot;pycore_weakref.h&quot; not found.","","","C:\Users\lawrence\Desktop\School\GATech\Spring 2026\PUBP 6727 Cyber Sec Practicum\SourceCodeRepos\GitHub\SCAMR_Helper_SampleSourceCode\Modules\_weakref.c","4","2","",
"2","2.19.0","missingIncludeSystem","information","Include file: &lt;stdio.h&gt; not found. Please note: Cppcheck does not need standard library headers to get proper results.","Include file: &lt;stdio.h&gt; not found. Please note: Cppcheck does not need standard library headers to get proper results.","","","C:\Users\lawrence\Desktop\School\GATech\Spring 2026\PUBP 6727 Cyber Sec Practicum\SourceCodeRepos\GitHub\SCAMR_Helper_SampleSourceCode\Modules\_weakref.c","45","2","",
"2","2.19.0","missingIncludeSystem","information","Include file: &lt;stdlib.h&gt; not found. Please note: Cppcheck does not need standard library headers to get proper results.","Include file: &lt;stdlib.h&gt; not found. Please note: Cppcheck does not need standard library headers to get proper results.","","","C:\Users\lawrence\Desktop\School\GATech\Spring 2026\PUBP 6727 Cyber Sec Practicum\SourceCodeRepos\GitHub\SCAMR_Helper_SampleSourceCode\Modules\_weakref.c","46","2","",
"2","2.19.0","missingIncludeSystem","information","Include file: &lt;string.h&gt; not found. Please note: Cppcheck does not need standard library headers to get proper results.","Include file: &lt;string.h&gt; not found. Please note: Cppcheck does not need standard library headers to get proper results.","","","C:\Users\lawrence\Desktop\School\GATech\Spring 2026\PUBP 6727 Cyber Sec Practicum\SourceCodeRepos\GitHub\SCAMR_Helper_SampleSourceCode\Modules\_weakref.c","47","2","",
"2","2.19.0","missingReturn","error","Found an exit path from function with non-void return type that has missing return statement","Found an exit path from function with non-void return type that has missing return statement","758","","C:\Users\lawrence\Desktop\School\GATech\Spring 2026\PUBP 6727 Cyber Sec Practicum\SourceCodeRepos\GitHub\SCAMR_Helper_SampleSourceCode\Modules\_weakref.c","94","5","",
"2","2.19.0","missingInclude","information","Include file: &quot;pycore_modsupport.h&quot; not found.","Include file: &quot;pycore_modsupport.h&quot; not found.","","","C:\Users\lawrence\Desktop\School\GATech\Spring 2026\PUBP 6727 Cyber Sec Practicum\SourceCodeRepos\GitHub\SCAMR_Helper_SampleSourceCode\Modules\clinic\_weakref.c.h","5","2","",
"2","2.19.0","missingInclude","information","Include file: &quot;Python.h&quot; not found.","Include file: &quot;Python.h&quot; not found.","","","C:\Users\lawrence\Desktop\School\GATech\Spring 2026\PUBP 6727 Cyber Sec Practicum\SourceCodeRepos\GitHub\SCAMR_Helper_SampleSourceCode\Modules\_winapi.c","37","2","",
"2","2.19.0","missingInclude","information","Include file: &quot;pycore_moduleobject.h&quot; not found.","Include file: &quot;pycore_moduleobject.h&quot; not found.","","","C:\Users\lawrence\Desktop\School\GATech\Spring 2026\PUBP 6727 Cyber Sec Practicum\SourceCodeRepos\GitHub\SCAMR_Helper_SampleSourceCode\Modules\_winapi.c","38","2","",
"2","2.19.0","missingInclude","information","Include file: &quot;pycore_pylifecycle.h&quot; not found.","Include file: &quot;pycore_pylifecycle.h&quot; not found.","","","C:\Users\lawrence\Desktop\School\GATech\Spring 2026\PUBP 6727 Cyber Sec Practicum\SourceCodeRepos\GitHub\SCAMR_Helper_SampleSourceCode\Modules\_winapi.c","39","2","",
"2","2.19.0","missingInclude","information","Include file: &quot;pycore_pystate.h&quot; not found.","Include file: &quot;pycore_pystate.h&quot; not found.","","","C:\Users\lawrence\Desktop\School\GATech\Spring 2026\PUBP 6727 Cyber Sec Practicum\SourceCodeRepos\GitHub\SCAMR_Helper_SampleSourceCode\Modules\_winapi.c","40","2","",
"2","2.19.0","missingInclude","information","Include file: &quot;pycore_unicodeobject.h&quot; not found.","Include file: &quot;pycore_unicodeobject.h&quot; not found.","","","C:\Users\lawrence\Desktop\School\GATech\Spring 2026\PUBP 6727 Cyber Sec Practicum\SourceCodeRepos\GitHub\SCAMR_Helper_SampleSourceCode\Modules\_winapi.c","41","2","",
"2","2.19.0","missingIncludeSystem","information","Include file: &lt;windows.h&gt; not found. Please note: Cppcheck does not need standard library headers to get proper results.","Include file: &lt;windows.h&gt; not found. Please note: Cppcheck does not need standard library headers to get proper results.","","","C:\Users\lawrence\Desktop\School\GATech\Spring 2026\PUBP 6727 Cyber Sec Practicum\SourceCodeRepos\GitHub\SCAMR_Helper_SampleSourceCode\Modules\_winapi.c","47","2","",
"2","2.19.0","missingIncludeSystem","information","Include file: &lt;winioctl.h&gt; not found. Please note: Cppcheck does not need standard library headers to get proper results.","Include file: &lt;winioctl.h&gt; not found. Please note: Cppcheck does not need standard library headers to get proper results.","","","C:\Users\lawrence\Desktop\School\GATech\Spring 2026\PUBP 6727 Cyber Sec Practicum\SourceCodeRepos\GitHub\SCAMR_Helper_SampleSourceCode\Modules\_winapi.c","48","2","",
"2","2.19.0","missingIncludeSystem","information","Include file: &lt;crtdbg.h&gt; not found. Please note: Cppcheck does not need standard library headers to get proper results.","Include file: &lt;crtdbg.h&gt; not found. Please note: Cppcheck does not need standard library headers to get proper results.","","","C:\Users\lawrence\Desktop\School\GATech\Spring 2026\PUBP 6727 Cyber Sec Practicum\SourceCodeRepos\GitHub\SCAMR_Helper_SampleSourceCode\Modules\_winapi.c","49","2","",
"2","2.19.0","unknownMacro","error","There is an unknown macro here somewhere. Configuration is required. If Py_END_ALLOW_THREADS is a macro then please configure it.","There is an unknown macro here somewhere. Configuration is required. If Py_END_ALLOW_THREADS is a macro then please configure it.","","","C:\Users\lawrence\Desktop\School\GATech\Spring 2026\PUBP 6727 Cyber Sec Practicum\SourceCodeRepos\GitHub\SCAMR_Helper_SampleSourceCode\Modules\_winapi.c","343","9","",
"2","2.19.0","unknownMacro","error","There is an unknown macro here somewhere. Configuration is required. If Py_END_ALLOW_THREADS is a macro then please configure it.","There is an unknown macro here somewhere. Configuration is required. If Py_END_ALLOW_THREADS is a macro then please configure it.","","","C:\Users\lawrence\Desktop\School\GATech\Spring 2026\PUBP 6727 Cyber Sec Practicum\SourceCodeRepos\GitHub\SCAMR_Helper_SampleSourceCode\Modules\_winapi.c","2917","5","",
"2","2.19.0","missingInclude","information","Include file: &quot;pycore_long.h&quot; not found.","Include file: &quot;pycore_long.h&quot; not found.","","","C:\Users\lawrence\Desktop\School\GATech\Spring 2026\PUBP 6727 Cyber Sec Practicum\SourceCodeRepos\GitHub\SCAMR_Helper_SampleSourceCode\Modules\clinic\_winapi.c.h","9","2","",
"2","2.19.0","missingInclude","information","Include file: &quot;pycore_modsupport.h&quot; not found.","Include file: &quot;pycore_modsupport.h&quot; not found.","","","C:\Users\lawrence\Desktop\School\GATech\Spring 2026\PUBP 6727 Cyber Sec Practicum\SourceCodeRepos\GitHub\SCAMR_Helper_SampleSourceCode\Modules\clinic\_winapi.c.h","10","2","",
"2","2.19.0","missingIncludeSystem","information","Include file: &lt;windows.h&gt; not found. Please note: Cppcheck does not need standard library headers to get proper results.","Include file: &lt;windows.h&gt; not found. Please note: Cppcheck does not need standard library headers to get proper results.","","","C:\Users\lawrence\Desktop\School\GATech\Spring 2026\PUBP 6727 Cyber Sec Practicum\SourceCodeRepos\GitHub\SCAMR_Helper_SampleSourceCode\Modules\winreparse.h","5","2","",
"2","2.19.0","missingInclude","information","Include file: &quot;Python.h&quot; not found.","Include file: &quot;Python.h&quot; not found.","","","C:\Users\lawrence\Desktop\School\GATech\Spring 2026\PUBP 6727 Cyber Sec Practicum\SourceCodeRepos\GitHub\SCAMR_Helper_SampleSourceCode\Modules\_zoneinfo.c","5","2","",
"2","2.19.0","missingInclude","information","Include file: &quot;pycore_critical_section.h&quot; not found.","Include file: &quot;pycore_critical_section.h&quot; not found.","","","C:\Users\lawrence\Desktop\School\GATech\Spring 2026\PUBP 6727 Cyber Sec Practicum\SourceCodeRepos\GitHub\SCAMR_Helper_SampleSourceCode\Modules\_zoneinfo.c","6","2","",
"2","2.19.0","missingInclude","information","Include file: &quot;pycore_long.h&quot; not found.","Include file: &quot;pycore_long.h&quot; not found.","","","C:\Users\lawrence\Desktop\School\GATech\Spring 2026\PUBP 6727 Cyber Sec Practicum\SourceCodeRepos\GitHub\SCAMR_Helper_SampleSourceCode\Modules\_zoneinfo.c","7","2","",
"2","2.19.0","missingInclude","information","Include file: &quot;pycore_pyerrors.h&quot; not found.","Include file: &quot;pycore_pyerrors.h&quot; not found.","","","C:\Users\lawrence\Desktop\School\GATech\Spring 2026\PUBP 6727 Cyber Sec Practicum\SourceCodeRepos\GitHub\SCAMR_Helper_SampleSourceCode\Modules\_zoneinfo.c","8","2","",
"2","2.19.0","missingInclude","information","Include file: &quot;pycore_typeobject.h&quot; not found.","Include file: &quot;pycore_typeobject.h&quot; not found.","","","C:\Users\lawrence\Desktop\School\GATech\Spring 2026\PUBP 6727 Cyber Sec Practicum\SourceCodeRepos\GitHub\SCAMR_Helper_SampleSourceCode\Modules\_zoneinfo.c","9","2","",
"2","2.19.0","missingInclude","information","Include file: &quot;pycore_weakref.h&quot; not found.","Include file: &quot;pycore_weakref.h&quot; not found.","","","C:\Users\lawrence\Desktop\School\GATech\Spring 2026\PUBP 6727 Cyber Sec Practicum\SourceCodeRepos\GitHub\SCAMR_Helper_SampleSourceCode\Modules\_zoneinfo.c","10","2","",
"2","2.19.0","missingInclude","information","Include file: &quot;datetime.h&quot; not found.","Include file: &quot;datetime.h&quot; not found.","","","C:\Users\lawrence\Desktop\School\GATech\Spring 2026\PUBP 6727 Cyber Sec Practicum\SourceCodeRepos\GitHub\SCAMR_Helper_SampleSourceCode\Modules\_zoneinfo.c","12","2","",
"2","2.19.0","missingIncludeSystem","information","Include file: &lt;stddef.h&gt; not found. Please note: Cppcheck does not need standard library headers to get proper results.","Include file: &lt;stddef.h&gt; not found. Please note: Cppcheck does not need standard library headers to get proper results.","","","C:\Users\lawrence\Desktop\School\GATech\Spring 2026\PUBP 6727 Cyber Sec Practicum\SourceCodeRepos\GitHub\SCAMR_Helper_SampleSourceCode\Modules\_zoneinfo.c","14","2","",
"2","2.19.0","missingIncludeSystem","information","Include file: &lt;stdint.h&gt; not found. Please note: Cppcheck does not need standard library headers to get proper results.","Include file: &lt;stdint.h&gt; not found. Please note: Cppcheck does not need standard library headers to get proper results.","","","C:\Users\lawrence\Desktop\School\GATech\Spring 2026\PUBP 6727 Cyber Sec Practicum\SourceCodeRepos\GitHub\SCAMR_Helper_SampleSourceCode\Modules\_zoneinfo.c","15","2","",
"2","2.19.0","normalCheckLevelMaxBranches","information","Limiting analysis of branches. Use --check-level=exhaustive to analyze all branches.","Limiting analysis of branches. Use --check-level=exhaustive to analyze all branches.","","","C:\Users\lawrence\Desktop\School\GATech\Spring 2026\PUBP 6727 Cyber Sec Practicum\SourceCodeRepos\GitHub\SCAMR_Helper_SampleSourceCode\Modules\_zoneinfo.c","0","","",
"2","2.19.0","missingReturn","error","Found an exit path from function with non-void return type that has missing return statement","Found an exit path from function with non-void return type that has missing return statement","758","","C:\Users\lawrence\Desktop\School\GATech\Spring 2026\PUBP 6727 Cyber Sec Practicum\SourceCodeRepos\GitHub\SCAMR_Helper_SampleSourceCode\Modules\_zoneinfo.c","547","5","",
"2","2.19.0","variableScope","style","The scope of the variable &#039;m&#039; can be reduced.","The scope of the variable &#039;m&#039; can be reduced. Warning: Be careful when fixing this message, especially when there are inner loops. Here is an example where cppcheck will write that the scope for &#039;i&#039; can be reduced:
void f(int x)
{
    int i = 0;
    if (x) {
        // it&#039;s safe to move &#039;int i = 0;&#039; here
        for (int n = 0; n &lt; 10; ++n) {
            // it is possible but not safe to move &#039;int i = 0;&#039; here
            do_something(&amp;i);
        }
    }
}
When you see this message it is always safe to reduce the variable scope 1 level.","398","","C:\Users\lawrence\Desktop\School\GATech\Spring 2026\PUBP 6727 Cyber Sec Practicum\SourceCodeRepos\GitHub\SCAMR_Helper_SampleSourceCode\Modules\_zoneinfo.c","2167","12","",
"2","2.19.0","constVariablePointer","style","Variable &#039;tti_prev&#039; can be declared as pointer to const","Variable &#039;tti_prev&#039; can be declared as pointer to const","398","","C:\Users\lawrence\Desktop\School\GATech\Spring 2026\PUBP 6727 Cyber Sec Practicum\SourceCodeRepos\GitHub\SCAMR_Helper_SampleSourceCode\Modules\_zoneinfo.c","665","22","",
"2","2.19.0","constVariablePointer","style","Variable &#039;tti_prev&#039; can be declared as pointer to const","Variable &#039;tti_prev&#039; can be declared as pointer to const","398","","C:\Users\lawrence\Desktop\School\GATech\Spring 2026\PUBP 6727 Cyber Sec Practicum\SourceCodeRepos\GitHub\SCAMR_Helper_SampleSourceCode\Modules\_zoneinfo.c","681","18","",
"2","2.19.0","constVariablePointer","style","Variable &#039;self&#039; can be declared as pointer to const","Variable &#039;self&#039; can be declared as pointer to const","398","","C:\Users\lawrence\Desktop\School\GATech\Spring 2026\PUBP 6727 Cyber Sec Practicum\SourceCodeRepos\GitHub\SCAMR_Helper_SampleSourceCode\Modules\_zoneinfo.c","1286","19","",
"2","2.19.0","constVariablePointer","style","Variable &#039;self&#039; can be declared as pointer to const","Variable &#039;self&#039; can be declared as pointer to const","398","","C:\Users\lawrence\Desktop\School\GATech\Spring 2026\PUBP 6727 Cyber Sec Practicum\SourceCodeRepos\GitHub\SCAMR_Helper_SampleSourceCode\Modules\_zoneinfo.c","1388","14","",
"2","2.19.0","constParameterPointer","style","Parameter &#039;trans_idx&#039; can be declared as pointer to const","Parameter &#039;trans_idx&#039; can be declared as pointer to const","398","","C:\Users\lawrence\Desktop\School\GATech\Spring 2026\PUBP 6727 Cyber Sec Practicum\SourceCodeRepos\GitHub\SCAMR_Helper_SampleSourceCode\Modules\_zoneinfo.c","2027","26","",
"2","2.19.0","constParameterPointer","style","Parameter &#039;utcoffs&#039; can be declared as pointer to const","Parameter &#039;utcoffs&#039; can be declared as pointer to const","398","","C:\Users\lawrence\Desktop\School\GATech\Spring 2026\PUBP 6727 Cyber Sec Practicum\SourceCodeRepos\GitHub\SCAMR_Helper_SampleSourceCode\Modules\_zoneinfo.c","2027","43","",
"2","2.19.0","constParameterPointer","style","Parameter &#039;isdsts&#039; can be declared as pointer to const","Parameter &#039;isdsts&#039; can be declared as pointer to const","398","","C:\Users\lawrence\Desktop\School\GATech\Spring 2026\PUBP 6727 Cyber Sec Practicum\SourceCodeRepos\GitHub\SCAMR_Helper_SampleSourceCode\Modules\_zoneinfo.c","2028","33","",
"2","2.19.0","constParameterPointer","style","Parameter &#039;trans_idx&#039; can be declared as pointer to const","Parameter &#039;trans_idx&#039; can be declared as pointer to const","398","","C:\Users\lawrence\Desktop\School\GATech\Spring 2026\PUBP 6727 Cyber Sec Practicum\SourceCodeRepos\GitHub\SCAMR_Helper_SampleSourceCode\Modules\_zoneinfo.c","2111","21","",
"2","2.19.0","constParameterPointer","style","Parameter &#039;trans_utc&#039; can be declared as pointer to const","Parameter &#039;trans_utc&#039; can be declared as pointer to const","398","","C:\Users\lawrence\Desktop\School\GATech\Spring 2026\PUBP 6727 Cyber Sec Practicum\SourceCodeRepos\GitHub\SCAMR_Helper_SampleSourceCode\Modules\_zoneinfo.c","2111","41","",
"2","2.19.0","constParameterPointer","style","Parameter &#039;utcoff&#039; can be declared as pointer to const","Parameter &#039;utcoff&#039; can be declared as pointer to const","398","","C:\Users\lawrence\Desktop\School\GATech\Spring 2026\PUBP 6727 Cyber Sec Practicum\SourceCodeRepos\GitHub\SCAMR_Helper_SampleSourceCode\Modules\_zoneinfo.c","2111","58","",
"2","2.19.0","constVariablePointer","style","Variable &#039;local_transitions&#039; can be declared as pointer to const","Variable &#039;local_transitions&#039; can be declared as pointer to const","398","","C:\Users\lawrence\Desktop\School\GATech\Spring 2026\PUBP 6727 Cyber Sec Practicum\SourceCodeRepos\GitHub\SCAMR_Helper_SampleSourceCode\Modules\_zoneinfo.c","2204","14","",
"2","2.19.0","constVariablePointer","style","Variable &#039;cache&#039; can be declared as pointer to const","Variable &#039;cache&#039; can be declared as pointer to const","398","","C:\Users\lawrence\Desktop\School\GATech\Spring 2026\PUBP 6727 Cyber Sec Practicum\SourceCodeRepos\GitHub\SCAMR_Helper_SampleSourceCode\Modules\_zoneinfo.c","2432","22","",
"2","2.19.0","constVariablePointer","style","Variable &#039;cache&#039; can be declared as pointer to const","Variable &#039;cache&#039; can be declared as pointer to const","398","","C:\Users\lawrence\Desktop\School\GATech\Spring 2026\PUBP 6727 Cyber Sec Practicum\SourceCodeRepos\GitHub\SCAMR_Helper_SampleSourceCode\Modules\_zoneinfo.c","2489","22","",
"2","2.19.0","missingInclude","information","Include file: &quot;pycore_critical_section.h&quot; not found.","Include file: &quot;pycore_critical_section.h&quot; not found.","","","C:\Users\lawrence\Desktop\School\GATech\Spring 2026\PUBP 6727 Cyber Sec Practicum\SourceCodeRepos\GitHub\SCAMR_Helper_SampleSourceCode\Modules\clinic\_zoneinfo.c.h","9","2","",
"2","2.19.0","missingInclude","information","Include file: &quot;pycore_modsupport.h&quot; not found.","Include file: &quot;pycore_modsupport.h&quot; not found.","","","C:\Users\lawrence\Desktop\School\GATech\Spring 2026\PUBP 6727 Cyber Sec Practicum\SourceCodeRepos\GitHub\SCAMR_Helper_SampleSourceCode\Modules\clinic\_zoneinfo.c.h","10","2","",
"2","2.19.0","missingInclude","information","Include file: &quot;Python.h&quot; not found.","Include file: &quot;Python.h&quot; not found.","","","C:\Users\lawrence\Desktop\School\GATech\Spring 2026\PUBP 6727 Cyber Sec Practicum\SourceCodeRepos\GitHub\SCAMR_Helper_SampleSourceCode\Modules\arraymodule.c","10","2","",
"2","2.19.0","missingInclude","information","Include file: &quot;pycore_bytesobject.h&quot; not found.","Include file: &quot;pycore_bytesobject.h&quot; not found.","","","C:\Users\lawrence\Desktop\School\GATech\Spring 2026\PUBP 6727 Cyber Sec Practicum\SourceCodeRepos\GitHub\SCAMR_Helper_SampleSourceCode\Modules\arraymodule.c","11","2","",
"2","2.19.0","missingInclude","information","Include file: &quot;pycore_call.h&quot; not found.","Include file: &quot;pycore_call.h&quot; not found.","","","C:\Users\lawrence\Desktop\School\GATech\Spring 2026\PUBP 6727 Cyber Sec Practicum\SourceCodeRepos\GitHub\SCAMR_Helper_SampleSourceCode\Modules\arraymodule.c","12","2","",
"2","2.19.0","missingInclude","information","Include file: &quot;pycore_ceval.h&quot; not found.","Include file: &quot;pycore_ceval.h&quot; not found.","","","C:\Users\lawrence\Desktop\School\GATech\Spring 2026\PUBP 6727 Cyber Sec Practicum\SourceCodeRepos\GitHub\SCAMR_Helper_SampleSourceCode\Modules\arraymodule.c","13","2","",
"2","2.19.0","missingInclude","information","Include file: &quot;pycore_modsupport.h&quot; not found.","Include file: &quot;pycore_modsupport.h&quot; not found.","","","C:\Users\lawrence\Desktop\School\GATech\Spring 2026\PUBP 6727 Cyber Sec Practicum\SourceCodeRepos\GitHub\SCAMR_Helper_SampleSourceCode\Modules\arraymodule.c","14","2","",
"2","2.19.0","missingInclude","information","Include file: &quot;pycore_moduleobject.h&quot; not found.","Include file: &quot;pycore_moduleobject.h&quot; not found.","","","C:\Users\lawrence\Desktop\School\GATech\Spring 2026\PUBP 6727 Cyber Sec Practicum\SourceCodeRepos\GitHub\SCAMR_Helper_SampleSourceCode\Modules\arraymodule.c","15","2","",
"2","2.19.0","missingInclude","information","Include file: &quot;pycore_weakref.h&quot; not found.","Include file: &quot;pycore_weakref.h&quot; not found.","","","C:\Users\lawrence\Desktop\School\GATech\Spring 2026\PUBP 6727 Cyber Sec Practicum\SourceCodeRepos\GitHub\SCAMR_Helper_SampleSourceCode\Modules\arraymodule.c","16","2","",
"2","2.19.0","missingIncludeSystem","information","Include file: &lt;stddef.h&gt; not found. Please note: Cppcheck does not need standard library headers to get proper results.","Include file: &lt;stddef.h&gt; not found. Please note: Cppcheck does not need standard library headers to get proper results.","","","C:\Users\lawrence\Desktop\School\GATech\Spring 2026\PUBP 6727 Cyber Sec Practicum\SourceCodeRepos\GitHub\SCAMR_Helper_SampleSourceCode\Modules\arraymodule.c","18","2","",
"2","2.19.0","missingIncludeSystem","information","Include file: &lt;stdbool.h&gt; not found. Please note: Cppcheck does not need standard library headers to get proper results.","Include file: &lt;stdbool.h&gt; not found. Please note: Cppcheck does not need standard library headers to get proper results.","","","C:\Users\lawrence\Desktop\School\GATech\Spring 2026\PUBP 6727 Cyber Sec Practicum\SourceCodeRepos\GitHub\SCAMR_Helper_SampleSourceCode\Modules\arraymodule.c","19","2","",
"2","2.19.0","normalCheckLevelMaxBranches","information","Limiting analysis of branches. Use --check-level=exhaustive to analyze all branches.","Limiting analysis of branches. Use --check-level=exhaustive to analyze all branches.","","","C:\Users\lawrence\Desktop\School\GATech\Spring 2026\PUBP 6727 Cyber Sec Practicum\SourceCodeRepos\GitHub\SCAMR_Helper_SampleSourceCode\Modules\arraymodule.c","0","","",
"2","2.19.0","missingReturn","error","Found an exit path from function with non-void return type that has missing return statement","Found an exit path from function with non-void return type that has missing return statement","758","","C:\Users\lawrence\Desktop\School\GATech\Spring 2026\PUBP 6727 Cyber Sec Practicum\SourceCodeRepos\GitHub\SCAMR_Helper_SampleSourceCode\Modules\arraymodule.c","968","5","",
"2","2.19.0","missingReturn","error","Found an exit path from function with non-void return type that has missing return statement","Found an exit path from function with non-void return type that has missing return statement","758","","C:\Users\lawrence\Desktop\School\GATech\Spring 2026\PUBP 6727 Cyber Sec Practicum\SourceCodeRepos\GitHub\SCAMR_Helper_SampleSourceCode\Modules\arraymodule.c","1226","20","",
"2","2.19.0","missingReturn","error","Found an exit path from function with non-void return type that has missing return statement","Found an exit path from function with non-void return type that has missing return statement","758","","C:\Users\lawrence\Desktop\School\GATech\Spring 2026\PUBP 6727 Cyber Sec Practicum\SourceCodeRepos\GitHub\SCAMR_Helper_SampleSourceCode\Modules\arraymodule.c","1419","20","",
"2","2.19.0","missingReturn","error","Found an exit path from function with non-void return type that has missing return statement","Found an exit path from function with non-void return type that has missing return statement","758","","C:\Users\lawrence\Desktop\School\GATech\Spring 2026\PUBP 6727 Cyber Sec Practicum\SourceCodeRepos\GitHub\SCAMR_Helper_SampleSourceCode\Modules\arraymodule.c","1512","9","",
"2","2.19.0","missingReturn","error","Found an exit path from function with non-void return type that has missing return statement","Found an exit path from function with non-void return type that has missing return statement","758","","C:\Users\lawrence\Desktop\School\GATech\Spring 2026\PUBP 6727 Cyber Sec Practicum\SourceCodeRepos\GitHub\SCAMR_Helper_SampleSourceCode\Modules\arraymodule.c","1582","5","",
"2","2.19.0","missingReturn","error","Found an exit path from function with non-void return type that has missing return statement","Found an exit path from function with non-void return type that has missing return statement","758","","C:\Users\lawrence\Desktop\School\GATech\Spring 2026\PUBP 6727 Cyber Sec Practicum\SourceCodeRepos\GitHub\SCAMR_Helper_SampleSourceCode\Modules\arraymodule.c","1736","5","",
"2","2.19.0","missingReturn","error","Found an exit path from function with non-void return type that has missing return statement","Found an exit path from function with non-void return type that has missing return statement","758","","C:\Users\lawrence\Desktop\School\GATech\Spring 2026\PUBP 6727 Cyber Sec Practicum\SourceCodeRepos\GitHub\SCAMR_Helper_SampleSourceCode\Modules\arraymodule.c","1879","9","",
"2","2.19.0","missingReturn","error","Found an exit path from function with non-void return type that has missing return statement","Found an exit path from function with non-void return type that has missing return statement","758","","C:\Users\lawrence\Desktop\School\GATech\Spring 2026\PUBP 6727 Cyber Sec Practicum\SourceCodeRepos\GitHub\SCAMR_Helper_SampleSourceCode\Modules\arraymodule.c","3189","5","",
"2","2.19.0","knownConditionTrueFalse","style","Condition &#039;mformat_code==UNKNOWN_FORMAT&#039; is always false","Condition &#039;mformat_code==UNKNOWN_FORMAT&#039; is always false","570","","C:\Users\lawrence\Desktop\School\GATech\Spring 2026\PUBP 6727 Cyber Sec Practicum\SourceCodeRepos\GitHub\SCAMR_Helper_SampleSourceCode\Modules\arraymodule.c","2189","22","Condition &#039;mformat_code==UNKNOWN_FORMAT&#039; is always false",
"2","2.19.0","knownConditionTrueFalse","style","Condition &#039;mformat_code==UNKNOWN_FORMAT&#039; is always false","Condition &#039;mformat_code==UNKNOWN_FORMAT&#039; is always false","570","","C:\Users\lawrence\Desktop\School\GATech\Spring 2026\PUBP 6727 Cyber Sec Practicum\SourceCodeRepos\GitHub\SCAMR_Helper_SampleSourceCode\Modules\arraymodule.c","2180","9","Assuming condition is false",
"2","2.19.0","knownConditionTrueFalse","style","Condition &#039;mformat_code==UNKNOWN_FORMAT&#039; is always false","Condition &#039;mformat_code==UNKNOWN_FORMAT&#039; is always false","570","","C:\Users\lawrence\Desktop\School\GATech\Spring 2026\PUBP 6727 Cyber Sec Practicum\SourceCodeRepos\GitHub\SCAMR_Helper_SampleSourceCode\Modules\arraymodule.c","2174","22","Assuming that condition &#039;mformat_code&lt;0&#039; is not redundant",
"2","2.19.0","variableScope","style","The scope of the variable &#039;p&#039; can be reduced.","The scope of the variable &#039;p&#039; can be reduced. Warning: Be careful when fixing this message, especially when there are inner loops. Here is an example where cppcheck will write that the scope for &#039;i&#039; can be reduced:
void f(int x)
{
    int i = 0;
    if (x) {
        // it&#039;s safe to move &#039;int i = 0;&#039; here
        for (int n = 0; n &lt; 10; ++n) {
            // it is possible but not safe to move &#039;int i = 0;&#039; here
            do_something(&amp;i);
        }
    }
}
When you see this message it is always safe to reduce the variable scope 1 level.","398","","C:\Users\lawrence\Desktop\School\GATech\Spring 2026\PUBP 6727 Cyber Sec Practicum\SourceCodeRepos\GitHub\SCAMR_Helper_SampleSourceCode\Modules\arraymodule.c","1565","11","",
"2","2.19.0","variableScope","style","The scope of the variable &#039;q&#039; can be reduced.","The scope of the variable &#039;q&#039; can be reduced. Warning: Be careful when fixing this message, especially when there are inner loops. Here is an example where cppcheck will write that the scope for &#039;i&#039; can be reduced:
void f(int x)
{
    int i = 0;
    if (x) {
        // it&#039;s safe to move &#039;int i = 0;&#039; here
        for (int n = 0; n &lt; 10; ++n) {
            // it is possible but not safe to move &#039;int i = 0;&#039; here
            do_something(&amp;i);
        }
    }
}
When you see this message it is always safe to reduce the variable scope 1 level.","398","","C:\Users\lawrence\Desktop\School\GATech\Spring 2026\PUBP 6727 Cyber Sec Practicum\SourceCodeRepos\GitHub\SCAMR_Helper_SampleSourceCode\Modules\arraymodule.c","1565","15","",
"2","2.19.0","variableScope","style","The scope of the variable &#039;i&#039; can be reduced.","The scope of the variable &#039;i&#039; can be reduced. Warning: Be careful when fixing this message, especially when there are inner loops. Here is an example where cppcheck will write that the scope for &#039;i&#039; can be reduced:
void f(int x)
{
    int i = 0;
    if (x) {
        // it&#039;s safe to move &#039;int i = 0;&#039; here
        for (int n = 0; n &lt; 10; ++n) {
            // it is possible but not safe to move &#039;int i = 0;&#039; here
            do_something(&amp;i);
        }
    }
}
When you see this message it is always safe to reduce the variable scope 1 level.","398","","C:\Users\lawrence\Desktop\School\GATech\Spring 2026\PUBP 6727 Cyber Sec Practicum\SourceCodeRepos\GitHub\SCAMR_Helper_SampleSourceCode\Modules\arraymodule.c","2523","52","",
"2","2.19.0","variableScope","style","The scope of the variable &#039;cur&#039; can be reduced.","The scope of the variable &#039;cur&#039; can be reduced. Warning: Be careful when fixing this message, especially when there are inner loops. Here is an example where cppcheck will write that the scope for &#039;i&#039; can be reduced:
void f(int x)
{
    int i = 0;
    if (x) {
        // it&#039;s safe to move &#039;int i = 0;&#039; here
        for (int n = 0; n &lt; 10; ++n) {
            // it is possible but not safe to move &#039;int i = 0;&#039; here
            do_something(&amp;i);
        }
    }
}
When you see this message it is always safe to reduce the variable scope 1 level.","398","","C:\Users\lawrence\Desktop\School\GATech\Spring 2026\PUBP 6727 Cyber Sec Practicum\SourceCodeRepos\GitHub\SCAMR_Helper_SampleSourceCode\Modules\arraymodule.c","2524","16","",
"2","2.19.0","variableScope","style","The scope of the variable &#039;result&#039; can be reduced.","The scope of the variable &#039;result&#039; can be reduced. Warning: Be careful when fixing this message, especially when there are inner loops. Here is an example where cppcheck will write that the scope for &#039;i&#039; can be reduced:
void f(int x)
{
    int i = 0;
    if (x) {
        // it&#039;s safe to move &#039;int i = 0;&#039; here
        for (int n = 0; n &lt; 10; ++n) {
            // it is possible but not safe to move &#039;int i = 0;&#039; here
            do_something(&amp;i);
        }
    }
}
When you see this message it is always safe to reduce the variable scope 1 level.","398","","C:\Users\lawrence\Desktop\School\GATech\Spring 2026\PUBP 6727 Cyber Sec Practicum\SourceCodeRepos\GitHub\SCAMR_Helper_SampleSourceCode\Modules\arraymodule.c","2525","19","",
"2","2.19.0","variableScope","style","The scope of the variable &#039;ar&#039; can be reduced.","The scope of the variable &#039;ar&#039; can be reduced. Warning: Be careful when fixing this message, especially when there are inner loops. Here is an example where cppcheck will write that the scope for &#039;i&#039; can be reduced:
void f(int x)
{
    int i = 0;
    if (x) {
        // it&#039;s safe to move &#039;int i = 0;&#039; here
        for (int n = 0; n &lt; 10; ++n) {
            // it is possible but not safe to move &#039;int i = 0;&#039; here
            do_something(&amp;i);
        }
    }
}
When you see this message it is always safe to reduce the variable scope 1 level.","398","","C:\Users\lawrence\Desktop\School\GATech\Spring 2026\PUBP 6727 Cyber Sec Practicum\SourceCodeRepos\GitHub\SCAMR_Helper_SampleSourceCode\Modules\arraymodule.c","2526","22","",
"2","2.19.0","shadowVariable","style","Local variable &#039;res&#039; shadows outer variable","Local variable &#039;res&#039; shadows outer variable","398","","C:\Users\lawrence\Desktop\School\GATech\Spring 2026\PUBP 6727 Cyber Sec Practicum\SourceCodeRepos\GitHub\SCAMR_Helper_SampleSourceCode\Modules\arraymodule.c","848","19","Shadow variable",
"2","2.19.0","shadowVariable","style","Local variable &#039;res&#039; shadows outer variable","Local variable &#039;res&#039; shadows outer variable","398","","C:\Users\lawrence\Desktop\School\GATech\Spring 2026\PUBP 6727 Cyber Sec Practicum\SourceCodeRepos\GitHub\SCAMR_Helper_SampleSourceCode\Modules\arraymodule.c","812","15","Shadowed declaration",
"2","2.19.0","shadowFunction","style","Local variable &#039;array_length&#039; shadows outer function","Local variable &#039;array_length&#039; shadows outer function","398","","C:\Users\lawrence\Desktop\School\GATech\Spring 2026\PUBP 6727 Cyber Sec Practicum\SourceCodeRepos\GitHub\SCAMR_Helper_SampleSourceCode\Modules\arraymodule.c","1046","22","Shadow variable",
"2","2.19.0","shadowFunction","style","Local variable &#039;array_length&#039; shadows outer function","Local variable &#039;array_length&#039; shadows outer function","398","","C:\Users\lawrence\Desktop\School\GATech\Spring 2026\PUBP 6727 Cyber Sec Practicum\SourceCodeRepos\GitHub\SCAMR_Helper_SampleSourceCode\Modules\arraymodule.c","915","1","Shadowed declaration",
"2","2.19.0","shadowVariable","style","Local variable &#039;descr&#039; shadows outer variable","Local variable &#039;descr&#039; shadows outer variable","398","","C:\Users\lawrence\Desktop\School\GATech\Spring 2026\PUBP 6727 Cyber Sec Practicum\SourceCodeRepos\GitHub\SCAMR_Helper_SampleSourceCode\Modules\arraymodule.c","2287","34","Shadow variable",
"2","2.19.0","shadowVariable","style","Local variable &#039;descr&#039; shadows outer variable","Local variable &#039;descr&#039; shadows outer variable","398","","C:\Users\lawrence\Desktop\School\GATech\Spring 2026\PUBP 6727 Cyber Sec Practicum\SourceCodeRepos\GitHub\SCAMR_Helper_SampleSourceCode\Modules\arraymodule.c","2151","30","Shadowed declaration",
"2","2.19.0","shadowVariable","style","Local variable &#039;result&#039; shadows outer variable","Local variable &#039;result&#039; shadows outer variable","398","","C:\Users\lawrence\Desktop\School\GATech\Spring 2026\PUBP 6727 Cyber Sec Practicum\SourceCodeRepos\GitHub\SCAMR_Helper_SampleSourceCode\Modules\arraymodule.c","2539","23","Shadow variable",
"2","2.19.0","shadowVariable","style","Local variable &#039;result&#039; shadows outer variable","Local variable &#039;result&#039; shadows outer variable","398","","C:\Users\lawrence\Desktop\School\GATech\Spring 2026\PUBP 6727 Cyber Sec Practicum\SourceCodeRepos\GitHub\SCAMR_Helper_SampleSourceCode\Modules\arraymodule.c","2525","19","Shadowed declaration",
"2","2.19.0","constVariablePointer","style","Variable &#039;ar&#039; can be declared as pointer to const","Variable &#039;ar&#039; can be declared as pointer to const","398","","C:\Users\lawrence\Desktop\School\GATech\Spring 2026\PUBP 6727 Cyber Sec Practicum\SourceCodeRepos\GitHub\SCAMR_Helper_SampleSourceCode\Modules\arraymodule.c","2526","22","",
"2","2.19.0","constVariablePointer","style","Variable &#039;other&#039; can be declared as pointer to const","Variable &#039;other&#039; can be declared as pointer to const","398","","C:\Users\lawrence\Desktop\School\GATech\Spring 2026\PUBP 6727 Cyber Sec Practicum\SourceCodeRepos\GitHub\SCAMR_Helper_SampleSourceCode\Modules\arraymodule.c","2930","30","",
"2","2.19.0","missingInclude","information","Include file: &quot;pycore_abstract.h&quot; not found.","Include file: &quot;pycore_abstract.h&quot; not found.","","","C:\Users\lawrence\Desktop\School\GATech\Spring 2026\PUBP 6727 Cyber Sec Practicum\SourceCodeRepos\GitHub\SCAMR_Helper_SampleSourceCode\Modules\clinic\arraymodule.c.h","8","2","",
"2","2.19.0","missingInclude","information","Include file: &quot;pycore_modsupport.h&quot; not found.","Include file: &quot;pycore_modsupport.h&quot; not found.","","","C:\Users\lawrence\Desktop\School\GATech\Spring 2026\PUBP 6727 Cyber Sec Practicum\SourceCodeRepos\GitHub\SCAMR_Helper_SampleSourceCode\Modules\clinic\arraymodule.c.h","9","2","",
"2","2.19.0","missingInclude","information","Include file: &quot;Python.h&quot; not found.","Include file: &quot;Python.h&quot; not found.","","","C:\Users\lawrence\Desktop\School\GATech\Spring 2026\PUBP 6727 Cyber Sec Practicum\SourceCodeRepos\GitHub\SCAMR_Helper_SampleSourceCode\Modules\atexitmodule.c","9","2","",
"2","2.19.0","missingInclude","information","Include file: &quot;pycore_atexit.h&quot; not found.","Include file: &quot;pycore_atexit.h&quot; not found.","","","C:\Users\lawrence\Desktop\School\GATech\Spring 2026\PUBP 6727 Cyber Sec Practicum\SourceCodeRepos\GitHub\SCAMR_Helper_SampleSourceCode\Modules\atexitmodule.c","10","2","",
"2","2.19.0","missingInclude","information","Include file: &quot;pycore_initconfig.h&quot; not found.","Include file: &quot;pycore_initconfig.h&quot; not found.","","","C:\Users\lawrence\Desktop\School\GATech\Spring 2026\PUBP 6727 Cyber Sec Practicum\SourceCodeRepos\GitHub\SCAMR_Helper_SampleSourceCode\Modules\atexitmodule.c","11","2","",
"2","2.19.0","missingInclude","information","Include file: &quot;pycore_interp.h&quot; not found.","Include file: &quot;pycore_interp.h&quot; not found.","","","C:\Users\lawrence\Desktop\School\GATech\Spring 2026\PUBP 6727 Cyber Sec Practicum\SourceCodeRepos\GitHub\SCAMR_Helper_SampleSourceCode\Modules\atexitmodule.c","12","2","",
"2","2.19.0","missingInclude","information","Include file: &quot;pycore_pystate.h&quot; not found.","Include file: &quot;pycore_pystate.h&quot; not found.","","","C:\Users\lawrence\Desktop\School\GATech\Spring 2026\PUBP 6727 Cyber Sec Practicum\SourceCodeRepos\GitHub\SCAMR_Helper_SampleSourceCode\Modules\atexitmodule.c","13","2","",
"2","2.19.0","missingInclude","information","Include file: &quot;Python.h&quot; not found.","Include file: &quot;Python.h&quot; not found.","","","C:\Users\lawrence\Desktop\School\GATech\Spring 2026\PUBP 6727 Cyber Sec Practicum\SourceCodeRepos\GitHub\SCAMR_Helper_SampleSourceCode\Modules\binascii.c","60","2","",
"2","2.19.0","missingInclude","information","Include file: &quot;pycore_long.h&quot; not found.","Include file: &quot;pycore_long.h&quot; not found.","","","C:\Users\lawrence\Desktop\School\GATech\Spring 2026\PUBP 6727 Cyber Sec Practicum\SourceCodeRepos\GitHub\SCAMR_Helper_SampleSourceCode\Modules\binascii.c","61","2","",
"2","2.19.0","missingInclude","information","Include file: &quot;pycore_strhex.h&quot; not found.","Include file: &quot;pycore_strhex.h&quot; not found.","","","C:\Users\lawrence\Desktop\School\GATech\Spring 2026\PUBP 6727 Cyber Sec Practicum\SourceCodeRepos\GitHub\SCAMR_Helper_SampleSourceCode\Modules\binascii.c","62","2","",
"2","2.19.0","unknownMacro","error","There is an unknown macro here somewhere. Configuration is required. If Py_END_ALLOW_THREADS is a macro then please configure it.","There is an unknown macro here somewhere. Configuration is required. If Py_END_ALLOW_THREADS is a macro then please configure it.","","","C:\Users\lawrence\Desktop\School\GATech\Spring 2026\PUBP 6727 Cyber Sec Practicum\SourceCodeRepos\GitHub\SCAMR_Helper_SampleSourceCode\Modules\binascii.c","1578","9","",
"2","2.19.0","missingInclude","information","Include file: &quot;zlib.h&quot; not found.","Include file: &quot;zlib.h&quot; not found.","","","C:\Users\lawrence\Desktop\School\GATech\Spring 2026\PUBP 6727 Cyber Sec Practicum\SourceCodeRepos\GitHub\SCAMR_Helper_SampleSourceCode\Modules\binascii.c","64","4","",
"2","2.19.0","syntaxError","error","syntax error","syntax error","","","C:\Users\lawrence\Desktop\School\GATech\Spring 2026\PUBP 6727 Cyber Sec Practicum\SourceCodeRepos\GitHub\SCAMR_Helper_SampleSourceCode\Modules\binascii.c","80","45","",
"2","2.19.0","missingInclude","information","Include file: &quot;pycore_long.h&quot; not found.","Include file: &quot;pycore_long.h&quot; not found.","","","C:\Users\lawrence\Desktop\School\GATech\Spring 2026\PUBP 6727 Cyber Sec Practicum\SourceCodeRepos\GitHub\SCAMR_Helper_SampleSourceCode\Modules\clinic\binascii.c.h","9","2","",
"2","2.19.0","missingInclude","information","Include file: &quot;pycore_modsupport.h&quot; not found.","Include file: &quot;pycore_modsupport.h&quot; not found.","","","C:\Users\lawrence\Desktop\School\GATech\Spring 2026\PUBP 6727 Cyber Sec Practicum\SourceCodeRepos\GitHub\SCAMR_Helper_SampleSourceCode\Modules\clinic\binascii.c.h","10","2","",
"2","2.19.0","missingInclude","information","Include file: &quot;Python.h&quot; not found.","Include file: &quot;Python.h&quot; not found.","","","C:\Users\lawrence\Desktop\School\GATech\Spring 2026\PUBP 6727 Cyber Sec Practicum\SourceCodeRepos\GitHub\SCAMR_Helper_SampleSourceCode\Modules\blake2module.c","17","2","",
"2","2.19.0","missingInclude","information","Include file: &quot;pycore_moduleobject.h&quot; not found.","Include file: &quot;pycore_moduleobject.h&quot; not found.","","","C:\Users\lawrence\Desktop\School\GATech\Spring 2026\PUBP 6727 Cyber Sec Practicum\SourceCodeRepos\GitHub\SCAMR_Helper_SampleSourceCode\Modules\blake2module.c","19","2","",
"2","2.19.0","missingInclude","information","Include file: &quot;pycore_object.h&quot; not found.","Include file: &quot;pycore_object.h&quot; not found.","","","C:\Users\lawrence\Desktop\School\GATech\Spring 2026\PUBP 6727 Cyber Sec Practicum\SourceCodeRepos\GitHub\SCAMR_Helper_SampleSourceCode\Modules\blake2module.c","20","2","",
"2","2.19.0","missingInclude","information","Include file: &quot;pycore_strhex.h&quot; not found.","Include file: &quot;pycore_strhex.h&quot; not found.","","","C:\Users\lawrence\Desktop\School\GATech\Spring 2026\PUBP 6727 Cyber Sec Practicum\SourceCodeRepos\GitHub\SCAMR_Helper_SampleSourceCode\Modules\blake2module.c","21","2","",
"2","2.19.0","missingInclude","information","Include file: &quot;pycore_typeobject.h&quot; not found.","Include file: &quot;pycore_typeobject.h&quot; not found.","","","C:\Users\lawrence\Desktop\School\GATech\Spring 2026\PUBP 6727 Cyber Sec Practicum\SourceCodeRepos\GitHub\SCAMR_Helper_SampleSourceCode\Modules\blake2module.c","22","2","",
"2","2.19.0","missingIncludeSystem","information","Include file: &lt;stdbool.h&gt; not found. Please note: Cppcheck does not need standard library headers to get proper results.","Include file: &lt;stdbool.h&gt; not found. Please note: Cppcheck does not need standard library headers to get proper results.","","","C:\Users\lawrence\Desktop\School\GATech\Spring 2026\PUBP 6727 Cyber Sec Practicum\SourceCodeRepos\GitHub\SCAMR_Helper_SampleSourceCode\Modules\blake2module.c","43","2","",
"2","2.19.0","unknownMacro","error","There is an unknown macro here somewhere. Configuration is required. If Py_END_ALLOW_THREADS is a macro then please configure it.","There is an unknown macro here somewhere. Configuration is required. If Py_END_ALLOW_THREADS is a macro then please configure it.","","","C:\Users\lawrence\Desktop\School\GATech\Spring 2026\PUBP 6727 Cyber Sec Practicum\SourceCodeRepos\GitHub\SCAMR_Helper_SampleSourceCode\Modules\blake2module.c","654","9","",
"2","2.19.0","missingIncludeSystem","information","Include file: &lt;intrin.h&gt; not found. Please note: Cppcheck does not need standard library headers to get proper results.","Include file: &lt;intrin.h&gt; not found. Please note: Cppcheck does not need standard library headers to get proper results.","","","C:\Users\lawrence\Desktop\School\GATech\Spring 2026\PUBP 6727 Cyber Sec Practicum\SourceCodeRepos\GitHub\SCAMR_Helper_SampleSourceCode\Modules\blake2module.c","40","2","",
"2","2.19.0","missingIncludeSystem","information","Include file: &lt;cpuid.h&gt; not found. Please note: Cppcheck does not need standard library headers to get proper results.","Include file: &lt;cpuid.h&gt; not found. Please note: Cppcheck does not need standard library headers to get proper results.","","","C:\Users\lawrence\Desktop\School\GATech\Spring 2026\PUBP 6727 Cyber Sec Practicum\SourceCodeRepos\GitHub\SCAMR_Helper_SampleSourceCode\Modules\blake2module.c","38","2","",
"2","2.19.0","missingIncludeSystem","information","Include file: &lt;string.h&gt; not found. Please note: Cppcheck does not need standard library headers to get proper results.","Include file: &lt;string.h&gt; not found. Please note: Cppcheck does not need standard library headers to get proper results.","","","C:\Users\lawrence\Desktop\School\GATech\Spring 2026\PUBP 6727 Cyber Sec Practicum\SourceCodeRepos\GitHub\SCAMR_Helper_SampleSourceCode\Modules\_hacl\Hacl_Hash_Blake2s.h","33","2","",
"2","2.19.0","missingInclude","information","Include file: &quot;krml/internal/types.h&quot; not found.","Include file: &quot;krml/internal/types.h&quot; not found.","","","C:\Users\lawrence\Desktop\School\GATech\Spring 2026\PUBP 6727 Cyber Sec Practicum\SourceCodeRepos\GitHub\SCAMR_Helper_SampleSourceCode\Modules\_hacl\Hacl_Hash_Blake2s.h","35","2","",
"2","2.19.0","missingInclude","information","Include file: &quot;krml/lowstar_endianness.h&quot; not found.","Include file: &quot;krml/lowstar_endianness.h&quot; not found.","","","C:\Users\lawrence\Desktop\School\GATech\Spring 2026\PUBP 6727 Cyber Sec Practicum\SourceCodeRepos\GitHub\SCAMR_Helper_SampleSourceCode\Modules\_hacl\Hacl_Hash_Blake2s.h","36","2","",
"2","2.19.0","missingInclude","information","Include file: &quot;krml/internal/target.h&quot; not found.","Include file: &quot;krml/internal/target.h&quot; not found.","","","C:\Users\lawrence\Desktop\School\GATech\Spring 2026\PUBP 6727 Cyber Sec Practicum\SourceCodeRepos\GitHub\SCAMR_Helper_SampleSourceCode\Modules\_hacl\Hacl_Hash_Blake2s.h","37","2","",
"2","2.19.0","missingIncludeSystem","information","Include file: &lt;string.h&gt; not found. Please note: Cppcheck does not need standard library headers to get proper results.","Include file: &lt;string.h&gt; not found. Please note: Cppcheck does not need standard library headers to get proper results.","","","C:\Users\lawrence\Desktop\School\GATech\Spring 2026\PUBP 6727 Cyber Sec Practicum\SourceCodeRepos\GitHub\SCAMR_Helper_SampleSourceCode\Modules\_hacl\Hacl_Hash_Blake2s.h","33","2","",
"2","2.19.0","missingInclude","information","Include file: &quot;krml/internal/types.h&quot; not found.","Include file: &quot;krml/internal/types.h&quot; not found.","","","C:\Users\lawrence\Desktop\School\GATech\Spring 2026\PUBP 6727 Cyber Sec Practicum\SourceCodeRepos\GitHub\SCAMR_Helper_SampleSourceCode\Modules\_hacl\Hacl_Hash_Blake2s.h","35","2","",
"2","2.19.0","missingInclude","information","Include file: &quot;krml/lowstar_endianness.h&quot; not found.","Include file: &quot;krml/lowstar_endianness.h&quot; not found.","","","C:\Users\lawrence\Desktop\School\GATech\Spring 2026\PUBP 6727 Cyber Sec Practicum\SourceCodeRepos\GitHub\SCAMR_Helper_SampleSourceCode\Modules\_hacl\Hacl_Hash_Blake2s.h","36","2","",
"2","2.19.0","missingInclude","information","Include file: &quot;krml/internal/target.h&quot; not found.","Include file: &quot;krml/internal/target.h&quot; not found.","","","C:\Users\lawrence\Desktop\School\GATech\Spring 2026\PUBP 6727 Cyber Sec Practicum\SourceCodeRepos\GitHub\SCAMR_Helper_SampleSourceCode\Modules\_hacl\Hacl_Hash_Blake2s.h","37","2","",
"2","2.19.0","missingIncludeSystem","information","Include file: &lt;string.h&gt; not found. Please note: Cppcheck does not need standard library headers to get proper results.","Include file: &lt;string.h&gt; not found. Please note: Cppcheck does not need standard library headers to get proper results.","","","C:\Users\lawrence\Desktop\School\GATech\Spring 2026\PUBP 6727 Cyber Sec Practicum\SourceCodeRepos\GitHub\SCAMR_Helper_SampleSourceCode\Modules\_hacl\Hacl_Hash_Blake2s.h","33","2","",
"2","2.19.0","missingInclude","information","Include file: &quot;krml/internal/types.h&quot; not found.","Include file: &quot;krml/internal/types.h&quot; not found.","","","C:\Users\lawrence\Desktop\School\GATech\Spring 2026\PUBP 6727 Cyber Sec Practicum\SourceCodeRepos\GitHub\SCAMR_Helper_SampleSourceCode\Modules\_hacl\Hacl_Hash_Blake2s.h","35","2","",
"2","2.19.0","missingInclude","information","Include file: &quot;krml/lowstar_endianness.h&quot; not found.","Include file: &quot;krml/lowstar_endianness.h&quot; not found.","","","C:\Users\lawrence\Desktop\School\GATech\Spring 2026\PUBP 6727 Cyber Sec Practicum\SourceCodeRepos\GitHub\SCAMR_Helper_SampleSourceCode\Modules\_hacl\Hacl_Hash_Blake2s.h","36","2","",
"2","2.19.0","missingInclude","information","Include file: &quot;krml/internal/target.h&quot; not found.","Include file: &quot;krml/internal/target.h&quot; not found.","","","C:\Users\lawrence\Desktop\School\GATech\Spring 2026\PUBP 6727 Cyber Sec Practicum\SourceCodeRepos\GitHub\SCAMR_Helper_SampleSourceCode\Modules\_hacl\Hacl_Hash_Blake2s.h","37","2","",
"2","2.19.0","missingIncludeSystem","information","Include file: &lt;string.h&gt; not found. Please note: Cppcheck does not need standard library headers to get proper results.","Include file: &lt;string.h&gt; not found. Please note: Cppcheck does not need standard library headers to get proper results.","","","C:\Users\lawrence\Desktop\School\GATech\Spring 2026\PUBP 6727 Cyber Sec Practicum\SourceCodeRepos\GitHub\SCAMR_Helper_SampleSourceCode\Modules\_hacl\Hacl_Hash_Blake2s.h","33","2","",
"2","2.19.0","missingInclude","information","Include file: &quot;krml/internal/types.h&quot; not found.","Include file: &quot;krml/internal/types.h&quot; not found.","","","C:\Users\lawrence\Desktop\School\GATech\Spring 2026\PUBP 6727 Cyber Sec Practicum\SourceCodeRepos\GitHub\SCAMR_Helper_SampleSourceCode\Modules\_hacl\Hacl_Hash_Blake2s.h","35","2","",
"2","2.19.0","missingInclude","information","Include file: &quot;krml/lowstar_endianness.h&quot; not found.","Include file: &quot;krml/lowstar_endianness.h&quot; not found.","","","C:\Users\lawrence\Desktop\School\GATech\Spring 2026\PUBP 6727 Cyber Sec Practicum\SourceCodeRepos\GitHub\SCAMR_Helper_SampleSourceCode\Modules\_hacl\Hacl_Hash_Blake2s.h","36","2","",
"2","2.19.0","missingInclude","information","Include file: &quot;krml/internal/target.h&quot; not found.","Include file: &quot;krml/internal/target.h&quot; not found.","","","C:\Users\lawrence\Desktop\School\GATech\Spring 2026\PUBP 6727 Cyber Sec Practicum\SourceCodeRepos\GitHub\SCAMR_Helper_SampleSourceCode\Modules\_hacl\Hacl_Hash_Blake2s.h","37","2","",
"2","2.19.0","missingIncludeSystem","information","Include file: &lt;string.h&gt; not found. Please note: Cppcheck does not need standard library headers to get proper results.","Include file: &lt;string.h&gt; not found. Please note: Cppcheck does not need standard library headers to get proper results.","","","C:\Users\lawrence\Desktop\School\GATech\Spring 2026\PUBP 6727 Cyber Sec Practicum\SourceCodeRepos\GitHub\SCAMR_Helper_SampleSourceCode\Modules\_hacl\Hacl_Streaming_Types.h","33","2","",
"2","2.19.0","missingInclude","information","Include file: &quot;krml/internal/types.h&quot; not found.","Include file: &quot;krml/internal/types.h&quot; not found.","","","C:\Users\lawrence\Desktop\School\GATech\Spring 2026\PUBP 6727 Cyber Sec Practicum\SourceCodeRepos\GitHub\SCAMR_Helper_SampleSourceCode\Modules\_hacl\Hacl_Streaming_Types.h","34","2","",
"2","2.19.0","missingInclude","information","Include file: &quot;krml/lowstar_endianness.h&quot; not found.","Include file: &quot;krml/lowstar_endianness.h&quot; not found.","","","C:\Users\lawrence\Desktop\School\GATech\Spring 2026\PUBP 6727 Cyber Sec Practicum\SourceCodeRepos\GitHub\SCAMR_Helper_SampleSourceCode\Modules\_hacl\Hacl_Streaming_Types.h","35","2","",
